customer_id,customer_type,specialty,practice_size,monthly_patient_volume,scheduling_need,patient_communication_need,analytics_need,claims_automation_need,practice_management_need,willingness_to_pay,price_sensitivity
C00001,Small Practice,Therapy,2,306,0.965,0.709,0.296,0.825,0.233,98.73,0.684
C00002,Solo Provider,Psychology,1,137,0.815,0.694,0.542,0.373,0.342,64.24,0.723
C00003,Group Practice,Therapy,10,1536,0.977,0.603,0.281,0.857,0.597,173.77,0.437
C00004,Small Practice,Psychology,3,540,0.991,0.659,0.234,0.592,0.585,94.94,0.666
C00005,Solo Provider,Psychology,1,157,0.551,0.485,0.693,0.5,0.116,64.41,0.838
C00006,Large Practice,Therapy,38,4300,0.547,0.458,1.0,0.998,1.0,322.49,0.324
C00007,Small Practice,Psychiatry,4,302,0.669,0.86,0.722,0.34,0.391,127.76,0.734
C00008,Small Practice,Therapy,4,541,0.581,0.88,0.519,0.726,0.54,117.23,0.524
C00009,Solo Provider,Psychology,1,156,0.697,0.606,0.229,0.628,0.399,62.27,0.708
C00010,Solo Provider,Psychiatry,1,81,0.723,0.549,0.465,0.215,0.57,52.51,0.802
C00011,Solo Provider,Psychiatry,1,155,0.854,0.75,0.497,0.659,0.497,70.83,0.819
C00012,Group Practice,Therapy,9,654,0.763,0.901,0.57,0.859,0.568,209.22,0.488
C00013,Small Practice,Psychiatry,2,580,0.952,0.506,0.809,0.51,0.352,107.76,0.434
C00014,Group Practice,Psychiatry,13,1392,0.761,0.441,0.915,0.75,0.926,212.66,0.348
C00015,Solo Provider,Therapy,1,111,0.43,0.687,0.37,0.436,0.291,46.34,0.709
C00016,Solo Provider,Counseling,1,96,0.717,0.859,0.509,0.71,0.146,76.69,0.757
C00017,Small Practice,Psychiatry,3,478,0.571,0.818,0.415,0.404,0.477,94.65,0.651
C00018,Solo Provider,Therapy,1,82,0.616,0.457,0.406,0.699,0.405,73.96,0.896
C00019,Group Practice,Psychology,10,969,0.453,0.483,0.499,0.493,0.677,199.12,0.547
C00020,Small Practice,Psychiatry,2,526,0.94,0.936,0.445,0.605,0.572,106.14,0.644
C00021,Small Practice,Psychiatry,5,203,0.346,0.663,0.419,0.377,0.503,111.82,0.505
C00022,Solo Provider,Psychology,1,94,0.64,0.639,0.286,0.64,0.396,72.77,0.826
C00023,Large Practice,Therapy,26,1884,0.472,0.822,0.943,0.721,0.879,303.16,0.426
C00024,Group Practice,Psychology,11,1040,0.477,0.413,0.568,0.881,0.439,169.23,0.39
C00025,Small Practice,Therapy,2,386,0.698,0.42,0.643,0.499,0.758,125.45,0.533
C00026,Solo Provider,Therapy,1,131,0.909,0.576,0.406,0.355,0.232,62.92,0.8
C00027,Solo Provider,Therapy,1,88,1.0,0.603,0.475,0.406,0.328,66.87,0.764
C00028,Solo Provider,Therapy,1,88,0.698,0.795,0.499,0.632,0.367,67.31,0.823
C00029,Solo Provider,Psychiatry,1,142,0.748,0.622,0.437,0.493,0.373,59.98,0.794
C00030,Small Practice,Counseling,3,260,0.824,0.971,0.404,0.649,0.118,83.62,0.733
C00031,Small Practice,Counseling,5,309,0.75,0.538,0.411,0.478,0.549,106.1,0.557
C00032,Large Practice,Therapy,39,4326,0.823,0.803,0.76,1.0,0.96,310.34,0.324
C00033,Solo Provider,Counseling,1,78,0.756,1.0,0.484,0.434,0.333,85.75,0.653
C00034,Solo Provider,Psychology,1,179,0.543,0.467,0.467,0.67,0.195,62.69,0.911
C00035,Solo Provider,Psychology,1,63,0.56,0.566,0.727,0.276,0.258,65.56,0.895
C00036,Solo Provider,Counseling,1,95,0.845,0.832,0.515,0.408,0.299,51.52,0.828
C00037,Solo Provider,Psychiatry,1,157,0.899,0.956,0.43,0.573,0.546,93.14,0.996
C00038,Solo Provider,Psychiatry,1,132,0.653,0.74,0.391,0.815,0.612,73.39,0.718
C00039,Solo Provider,Psychology,1,69,0.588,0.615,0.431,0.674,0.235,46.26,0.538
C00040,Small Practice,Psychology,3,337,0.602,0.684,0.333,0.33,0.265,87.66,0.538
C00041,Solo Provider,Psychology,1,97,0.803,0.472,0.411,0.419,0.489,79.37,0.785
C00042,Group Practice,Therapy,6,1113,0.693,0.546,0.356,0.561,0.718,165.44,0.365
C00043,Small Practice,Counseling,4,397,0.481,0.508,0.443,0.479,0.388,92.38,0.485
C00044,Solo Provider,Psychiatry,1,128,0.775,0.406,0.412,0.562,0.251,45.67,0.834
C00045,Group Practice,Counseling,6,625,0.755,0.66,0.709,0.516,0.365,187.57,0.587
C00046,Group Practice,Psychiatry,15,1369,0.683,0.838,0.663,0.781,0.737,199.3,0.394
C00047,Solo Provider,Therapy,1,73,0.517,0.472,0.367,0.67,0.512,73.4,0.875
C00048,Solo Provider,Counseling,1,165,0.762,0.7,0.526,0.593,0.157,53.69,0.721
C00049,Small Practice,Psychology,3,246,0.948,0.26,0.73,0.551,0.556,124.71,0.701
C00050,Solo Provider,Therapy,1,96,0.495,0.631,0.542,0.475,0.467,60.27,0.793
C00051,Solo Provider,Therapy,1,171,0.537,0.579,0.496,0.179,0.251,51.1,0.6
C00052,Solo Provider,Therapy,1,66,0.522,0.777,0.892,0.759,0.388,59.26,0.886
C00053,Small Practice,Therapy,5,225,0.704,0.722,0.689,0.463,0.469,107.77,0.666
C00054,Small Practice,Counseling,3,193,0.572,0.7,0.524,0.461,0.504,110.88,0.753
C00055,Small Practice,Therapy,5,421,0.715,0.486,0.539,0.406,0.632,121.88,0.728
C00056,Small Practice,Therapy,2,206,0.659,0.573,0.741,0.496,0.183,99.64,0.751
C00057,Solo Provider,Counseling,1,144,0.926,0.694,0.462,0.771,0.137,58.2,0.741
C00058,Small Practice,Counseling,4,310,0.831,0.55,0.646,0.614,0.513,100.52,0.604
C00059,Solo Provider,Therapy,1,131,0.838,0.641,0.36,0.308,0.399,63.44,0.745
C00060,Solo Provider,Psychology,1,165,0.664,0.57,0.509,0.606,0.663,92.56,0.876
C00061,Small Practice,Psychology,3,246,0.46,0.647,0.624,0.655,0.586,122.1,0.396
C00062,Solo Provider,Psychology,1,88,0.468,0.78,0.49,0.577,0.518,52.39,0.843
C00063,Small Practice,Psychiatry,5,216,0.457,0.767,0.735,0.349,0.339,98.74,0.562
C00064,Small Practice,Counseling,3,576,0.634,0.767,0.655,0.723,0.236,121.99,0.789
C00065,Small Practice,Counseling,5,541,0.607,0.622,0.412,0.393,0.275,110.17,0.651
C00066,Small Practice,Psychology,3,402,0.627,0.643,0.479,0.428,0.514,103.65,0.686
C00067,Small Practice,Counseling,4,352,0.792,0.759,0.384,0.7,0.46,110.86,0.607
C00068,Solo Provider,Therapy,1,94,0.752,0.845,0.308,0.737,0.371,63.93,0.749
C00069,Solo Provider,Psychology,1,162,0.439,0.772,0.762,0.237,0.225,62.13,0.875
C00070,Solo Provider,Counseling,1,156,0.825,0.632,0.378,0.474,0.011,71.23,0.686
C00071,Solo Provider,Psychology,1,141,0.911,0.729,0.127,0.404,0.567,83.53,0.962
C00072,Solo Provider,Counseling,1,175,0.665,0.415,0.459,0.515,0.603,69.5,0.823
C00073,Group Practice,Psychiatry,11,1161,0.76,0.763,0.506,0.452,0.754,199.5,0.286
C00074,Solo Provider,Counseling,1,114,0.612,0.825,0.465,0.288,0.432,62.76,0.807
C00075,Solo Provider,Counseling,1,143,0.606,0.644,0.378,0.926,0.332,64.25,0.763
C00076,Solo Provider,Psychology,1,138,0.454,0.715,0.429,0.27,0.245,48.88,0.832
C00077,Solo Provider,Psychology,1,101,0.739,0.961,0.491,0.265,0.241,59.61,0.771
C00078,Small Practice,Psychology,2,379,0.747,0.961,0.479,0.328,0.559,105.23,0.776
C00079,Small Practice,Psychiatry,3,550,0.793,0.612,0.187,0.632,0.538,94.26,0.794
C00080,Small Practice,Psychology,4,436,0.737,0.665,0.527,0.554,0.454,121.01,0.724
C00081,Small Practice,Counseling,2,343,0.674,0.574,0.395,0.249,0.39,92.04,0.698
C00082,Solo Provider,Therapy,1,153,0.763,0.904,0.402,0.313,0.354,51.4,0.988
C00083,Group Practice,Therapy,11,1717,0.874,0.224,0.677,0.735,0.508,171.75,0.385
C00084,Solo Provider,Psychiatry,1,64,0.651,0.596,0.391,0.453,0.547,46.72,0.679
C00085,Solo Provider,Psychiatry,1,168,0.671,0.58,0.448,0.548,0.289,53.69,0.851
C00086,Solo Provider,Psychology,1,99,0.655,0.251,0.641,0.482,0.469,73.95,0.848
C00087,Small Practice,Psychiatry,2,206,0.758,0.477,0.304,0.507,0.284,99.27,0.793
C00088,Solo Provider,Psychology,1,141,0.659,0.674,0.455,0.558,0.378,41.82,0.661
C00089,Solo Provider,Therapy,1,112,0.644,0.751,0.411,0.722,0.361,83.49,0.936
C00090,Small Practice,Psychiatry,2,589,0.519,0.653,0.663,0.57,0.469,125.71,0.511
C00091,Solo Provider,Psychology,1,145,0.401,0.587,0.098,0.328,0.752,46.8,0.762
C00092,Small Practice,Psychiatry,3,574,0.565,0.806,0.362,0.582,0.232,104.45,0.91
C00093,Solo Provider,Psychology,1,150,0.678,0.597,0.382,0.383,0.25,54.79,0.968
C00094,Solo Provider,Psychology,1,121,0.525,0.817,0.427,0.489,0.543,76.76,0.722
C00095,Solo Provider,Psychiatry,1,74,0.6,0.754,0.406,0.471,0.491,65.87,0.875
C00096,Small Practice,Psychiatry,4,274,0.94,0.756,0.451,0.437,0.576,106.18,0.662
C00097,Solo Provider,Counseling,1,126,0.751,0.64,0.646,0.726,0.448,74.28,0.937
C00098,Solo Provider,Counseling,1,106,0.804,0.831,0.618,0.668,0.463,68.53,0.996
C00099,Solo Provider,Therapy,1,81,0.668,0.584,0.167,0.746,0.214,46.41,0.817
C00100,Large Practice,Psychology,25,4081,0.582,0.446,0.854,0.681,0.714,290.69,0.317
C00101,Group Practice,Psychiatry,10,1149,0.551,0.654,0.681,0.869,0.369,190.95,0.418
C00102,Small Practice,Therapy,2,554,0.551,0.517,0.537,0.426,0.272,113.35,0.674
C00103,Solo Provider,Psychology,1,148,0.504,0.92,0.379,0.571,0.607,67.92,0.833
C00104,Large Practice,Therapy,35,4047,0.674,0.744,0.944,1.0,0.771,293.9,0.199
C00105,Small Practice,Psychiatry,5,545,0.471,0.525,0.359,0.812,0.291,107.15,0.521
C00106,Small Practice,Psychology,5,480,0.683,0.643,0.719,0.709,0.504,118.76,0.592
C00107,Solo Provider,Counseling,1,91,0.606,0.908,0.66,0.586,0.079,58.19,0.679
C00108,Solo Provider,Psychiatry,1,70,0.674,0.425,0.428,0.812,0.428,58.19,0.822
C00109,Solo Provider,Counseling,1,74,0.516,0.348,0.476,0.577,0.223,79.58,0.815
C00110,Group Practice,Counseling,13,1034,0.816,0.619,0.756,0.886,0.283,177.77,0.598
C00111,Solo Provider,Psychiatry,1,117,0.62,0.586,0.513,0.323,0.325,65.54,0.853
C00112,Solo Provider,Therapy,1,177,0.651,0.775,0.623,0.681,0.432,83.57,0.894
C00113,Solo Provider,Psychology,1,111,1.0,0.869,0.452,0.357,0.329,73.92,0.767
C00114,Small Practice,Therapy,2,230,0.879,0.4,0.235,0.501,0.26,86.19,0.524
C00115,Solo Provider,Counseling,1,142,0.702,0.538,0.384,0.511,0.52,69.79,0.947
C00116,Group Practice,Psychiatry,14,1623,0.673,0.737,0.719,0.893,0.319,190.37,0.427
C00117,Small Practice,Counseling,3,294,0.559,0.416,0.616,0.407,0.141,99.93,0.736
C00118,Small Practice,Psychology,2,343,0.563,0.63,0.662,0.25,0.151,92.01,0.587
C00119,Solo Provider,Psychiatry,1,105,0.626,0.766,0.628,0.559,0.452,71.55,0.827
C00120,Small Practice,Counseling,4,465,0.546,0.407,0.488,0.587,0.205,88.06,0.657
C00121,Small Practice,Counseling,2,230,0.606,0.448,0.571,0.495,0.508,95.55,0.606
C00122,Small Practice,Counseling,3,206,0.697,0.987,0.252,0.754,0.652,105.59,0.727
C00123,Solo Provider,Therapy,1,157,0.652,0.523,0.407,0.415,0.226,51.77,0.911
C00124,Solo Provider,Psychiatry,1,88,0.696,0.39,0.47,0.315,0.191,71.78,0.789
C00125,Solo Provider,Counseling,1,88,0.776,0.627,0.415,0.646,0.284,82.21,0.883
C00126,Solo Provider,Counseling,1,144,0.574,0.525,0.383,0.263,0.298,46.61,0.93
C00127,Solo Provider,Psychiatry,1,172,0.635,1.0,0.363,0.488,0.231,80.97,0.731
C00128,Solo Provider,Therapy,1,100,0.771,0.835,0.268,0.623,0.222,68.44,0.666
C00129,Solo Provider,Psychiatry,1,140,0.708,0.779,0.596,0.762,0.189,92.7,0.95
C00130,Small Practice,Psychology,2,261,0.45,0.401,0.411,0.866,0.389,92.1,0.588
C00131,Solo Provider,Psychology,1,137,0.502,0.807,0.451,0.869,0.462,70.53,0.883
C00132,Group Practice,Counseling,6,598,0.569,0.404,0.677,0.507,0.601,162.4,0.464
C00133,Small Practice,Therapy,2,299,0.745,0.611,0.615,0.402,0.478,104.54,0.814
C00134,Solo Provider,Psychiatry,1,171,0.786,0.992,0.521,0.631,0.363,57.97,0.723
C00135,Small Practice,Psychiatry,5,353,0.549,0.784,0.587,0.716,0.363,113.74,0.571
C00136,Solo Provider,Counseling,1,104,0.656,0.428,0.756,0.377,0.219,78.95,0.776
C00137,Large Practice,Therapy,23,1856,0.875,0.486,0.835,0.661,1.0,275.84,0.312
C00138,Solo Provider,Therapy,1,100,0.713,0.682,0.531,0.512,0.161,71.71,0.766
C00139,Small Practice,Psychiatry,3,368,0.801,0.656,0.462,0.739,0.143,116.0,0.582
C00140,Solo Provider,Therapy,1,173,0.975,1.0,0.473,0.59,0.491,78.9,0.928
C00141,Solo Provider,Psychology,1,139,0.769,0.744,0.327,0.456,0.29,44.52,0.681
C00142,Solo Provider,Psychology,1,160,0.636,0.603,0.481,0.606,0.396,57.33,0.774
C00143,Group Practice,Psychology,13,1530,0.685,0.572,0.617,0.531,0.504,176.49,0.394
C00144,Small Practice,Counseling,4,239,0.761,0.928,0.692,0.881,0.506,110.35,0.704
C00145,Solo Provider,Psychiatry,1,103,0.602,0.385,0.694,0.3,0.434,78.66,0.712
C00146,Solo Provider,Psychiatry,1,103,0.889,0.745,0.652,0.513,0.703,66.7,0.875
C00147,Solo Provider,Psychiatry,1,137,0.677,0.605,0.216,0.578,0.16,56.67,0.547
C00148,Small Practice,Counseling,3,435,0.571,0.091,0.367,0.506,0.309,110.48,0.689
C00149,Solo Provider,Psychology,1,70,0.777,0.835,0.631,0.339,0.434,64.3,0.9
C00150,Solo Provider,Therapy,1,74,0.78,0.383,0.302,0.399,0.436,75.75,0.822
C00151,Group Practice,Psychology,15,1334,0.554,0.744,0.555,0.577,0.341,199.61,0.479
C00152,Group Practice,Psychology,13,1455,0.853,0.639,0.38,0.504,0.441,182.39,0.418
C00153,Solo Provider,Therapy,1,129,0.977,0.392,0.392,0.36,0.178,60.89,0.81
C00154,Small Practice,Psychology,4,481,0.703,0.433,0.512,0.764,0.491,101.75,0.668
C00155,Solo Provider,Psychology,1,132,0.784,0.734,0.45,0.549,0.171,73.61,0.727
C00156,Small Practice,Therapy,4,222,0.714,0.916,0.586,0.508,0.239,113.33,0.794
C00157,Solo Provider,Therapy,1,178,0.97,1.0,0.272,0.294,0.0,67.3,0.892
C00158,Small Practice,Psychology,4,546,0.516,0.634,0.538,0.681,0.463,105.08,0.716
C00159,Small Practice,Psychology,2,516,0.795,0.436,0.688,0.732,0.456,125.77,0.678
C00160,Small Practice,Psychology,3,189,0.886,0.564,0.659,0.556,0.218,114.47,0.6
C00161,Solo Provider,Psychiatry,1,179,0.607,0.537,0.561,0.81,0.047,67.78,1.0
C00162,Group Practice,Psychology,8,1082,0.635,0.649,0.599,0.418,0.373,147.16,0.568
C00163,Solo Provider,Counseling,1,138,0.766,0.583,0.321,0.847,0.225,65.57,0.687
C00164,Solo Provider,Therapy,1,98,0.701,0.678,0.5,0.491,0.263,64.11,0.864
C00165,Small Practice,Psychology,2,519,0.922,0.628,0.644,0.733,0.579,109.9,0.719
C00166,Solo Provider,Therapy,1,175,0.69,0.606,0.14,0.634,0.405,63.84,0.883
C00167,Group Practice,Therapy,11,1668,0.493,0.44,0.244,0.609,0.432,172.88,0.36
C00168,Group Practice,Counseling,8,1350,0.485,1.0,0.564,0.412,0.394,164.81,0.433
C00169,Solo Provider,Therapy,1,72,0.688,0.984,0.4,0.584,0.521,88.09,0.92
C00170,Large Practice,Psychology,18,2550,0.699,0.204,0.691,0.902,0.809,289.77,0.291
C00171,Solo Provider,Psychology,1,167,0.642,0.521,0.395,0.321,0.461,70.97,0.829
C00172,Small Practice,Counseling,4,274,0.691,0.258,0.566,0.565,0.257,97.14,0.64
C00173,Solo Provider,Psychology,1,125,0.541,0.71,0.301,0.417,0.41,63.47,0.779
C00174,Group Practice,Psychology,8,1064,0.626,0.809,0.524,0.579,0.548,179.25,0.473
C00175,Solo Provider,Counseling,1,108,0.748,0.734,0.416,0.33,0.154,81.99,0.633
C00176,Solo Provider,Counseling,1,66,0.879,0.502,0.643,0.138,0.333,71.88,0.945
C00177,Solo Provider,Psychology,1,70,0.649,0.3,0.267,0.748,0.316,67.81,0.793
C00178,Large Practice,Therapy,24,3487,0.761,0.574,0.854,0.69,0.546,286.22,0.257
C00179,Group Practice,Therapy,6,1005,0.705,0.812,0.509,0.582,0.386,168.6,0.546
C00180,Small Practice,Psychiatry,4,444,0.477,0.849,0.398,0.56,0.775,129.22,0.73
C00181,Group Practice,Psychology,12,1125,0.861,0.655,0.685,0.988,0.524,177.1,0.452
C00182,Group Practice,Psychology,10,1581,0.616,0.834,0.353,0.713,0.433,173.33,0.523
C00183,Small Practice,Counseling,5,282,0.642,0.497,0.651,0.382,0.4,123.71,0.685
C00184,Solo Provider,Therapy,1,63,0.664,0.699,0.154,0.308,0.312,40.08,0.729
C00185,Small Practice,Therapy,2,262,0.739,0.675,0.376,0.537,0.463,105.88,0.624
C00186,Small Practice,Therapy,5,426,0.715,0.856,0.71,0.786,0.483,110.32,0.653
C00187,Solo Provider,Psychology,1,97,0.429,0.408,0.44,0.494,0.58,58.17,0.931
C00188,Solo Provider,Psychology,1,100,0.628,0.773,0.586,0.723,0.294,48.14,0.901
C00189,Small Practice,Therapy,3,379,0.696,0.649,0.189,0.47,0.607,109.93,0.607
C00190,Solo Provider,Counseling,1,178,0.705,0.841,0.494,0.354,0.376,72.51,0.96
C00191,Group Practice,Psychiatry,15,670,1.0,0.859,0.798,0.734,0.73,171.53,0.526
C00192,Solo Provider,Psychology,1,165,0.676,0.56,0.436,0.248,0.097,62.57,0.925
C00193,Solo Provider,Counseling,1,93,0.338,0.546,0.597,0.464,0.555,51.36,0.905
C00194,Group Practice,Therapy,8,1164,0.633,0.4,0.352,0.459,0.398,174.66,0.478
C00195,Solo Provider,Counseling,1,118,0.813,0.602,0.555,0.487,0.302,39.15,0.99
C00196,Solo Provider,Counseling,1,167,0.419,0.719,0.425,0.268,0.21,68.99,0.708
C00197,Small Practice,Counseling,3,365,0.946,0.364,0.29,0.292,0.597,100.69,0.692
C00198,Group Practice,Therapy,12,518,0.691,0.448,0.707,0.612,0.386,172.18,0.507
C00199,Solo Provider,Psychiatry,1,65,0.681,0.81,0.498,0.362,0.416,73.16,0.835
C00200,Solo Provider,Therapy,1,121,0.855,0.539,0.565,0.219,0.35,81.36,0.773
C00201,Small Practice,Psychiatry,3,156,0.791,0.333,0.442,0.392,0.775,105.68,0.583
C00202,Large Practice,Counseling,36,4596,0.462,0.555,1.0,0.947,0.653,319.78,0.243
C00203,Small Practice,Counseling,3,530,0.883,0.473,0.687,0.528,0.643,84.54,0.65
C00204,Solo Provider,Counseling,1,82,0.633,0.582,0.247,0.788,0.29,60.97,0.958
C00205,Solo Provider,Psychiatry,1,175,0.561,0.888,0.454,0.501,0.176,68.97,0.754
C00206,Solo Provider,Counseling,1,85,0.619,0.574,0.475,0.764,0.323,101.9,0.731
C00207,Solo Provider,Counseling,1,115,0.635,0.616,0.411,0.465,0.38,69.98,0.892
C00208,Small Practice,Counseling,2,591,0.857,0.688,0.536,0.712,0.219,95.59,0.9
C00209,Solo Provider,Counseling,1,72,0.518,0.437,0.611,0.898,0.283,72.74,0.835
C00210,Small Practice,Psychology,4,281,1.0,0.924,0.474,0.638,0.516,98.87,0.648
C00211,Small Practice,Therapy,5,200,0.872,0.875,0.494,0.604,0.62,108.89,0.48
C00212,Small Practice,Psychiatry,2,257,0.745,0.447,0.498,0.698,0.004,90.13,0.668
C00213,Solo Provider,Counseling,1,119,0.454,0.665,0.445,0.508,0.316,46.46,0.698
C00214,Group Practice,Psychiatry,12,1309,0.764,0.526,0.759,0.684,0.556,178.67,0.346
C00215,Small Practice,Therapy,4,508,0.776,0.564,0.118,0.433,0.35,92.41,0.559
C00216,Small Practice,Counseling,2,571,0.694,0.828,0.254,0.472,0.095,79.64,0.607
C00217,Solo Provider,Psychiatry,1,174,0.761,0.833,0.401,0.339,0.21,84.31,0.827
C00218,Solo Provider,Counseling,1,115,0.762,0.583,0.437,0.507,0.672,75.23,0.923
C00219,Group Practice,Psychiatry,13,1012,0.745,0.739,0.583,0.513,0.739,196.5,0.452
C00220,Solo Provider,Psychiatry,1,179,0.778,0.715,0.945,0.547,0.204,90.07,0.772
C00221,Solo Provider,Psychiatry,1,72,0.506,0.515,0.631,0.466,0.351,56.93,0.907
C00222,Solo Provider,Psychiatry,1,170,0.492,0.755,0.504,0.394,0.194,75.07,0.773
C00223,Small Practice,Psychiatry,4,495,0.601,0.436,0.455,0.605,0.739,108.06,0.672
C00224,Large Practice,Psychiatry,32,2006,0.804,0.546,1.0,0.88,0.961,310.91,0.355
C00225,Solo Provider,Counseling,1,98,0.929,0.544,0.583,0.54,0.515,68.4,0.779
C00226,Group Practice,Psychiatry,15,1064,0.754,0.502,0.877,0.805,0.609,197.47,0.403
C00227,Solo Provider,Psychiatry,1,117,0.461,0.718,0.563,0.112,0.397,68.27,0.869
C00228,Small Practice,Counseling,4,488,0.651,0.463,0.24,0.734,0.527,96.12,0.767
C00229,Small Practice,Psychiatry,4,482,0.475,0.493,0.529,0.661,0.674,98.25,0.626
C00230,Solo Provider,Therapy,1,112,0.562,0.526,0.798,0.641,0.535,73.98,0.776
C00231,Solo Provider,Therapy,1,118,0.624,0.598,0.364,0.436,0.375,67.27,0.718
C00232,Solo Provider,Psychiatry,1,79,0.743,0.618,0.341,0.53,0.292,77.74,0.805
C00233,Large Practice,Psychology,30,4531,1.0,0.637,0.962,0.732,1.0,298.25,0.287
C00234,Small Practice,Counseling,5,284,0.66,0.725,0.551,0.553,0.333,100.73,0.573
C00235,Group Practice,Therapy,6,1508,0.799,0.793,0.54,0.637,0.433,165.18,0.276
C00236,Group Practice,Psychology,11,531,0.544,0.548,0.635,0.439,0.441,153.11,0.605
C00237,Solo Provider,Psychiatry,1,94,0.525,0.515,0.435,0.344,0.454,73.46,0.935
C00238,Small Practice,Psychiatry,3,363,0.493,0.606,0.565,0.684,0.667,118.99,0.757
C00239,Solo Provider,Psychiatry,1,142,1.0,0.667,0.422,0.542,0.231,46.29,0.807
C00240,Solo Provider,Psychiatry,1,91,0.683,0.821,0.632,0.348,0.679,76.12,0.815
C00241,Group Practice,Therapy,13,1458,0.607,0.839,0.67,0.674,0.618,184.86,0.306
C00242,Small Practice,Therapy,5,298,0.863,0.627,0.76,0.346,0.294,112.83,0.836
C00243,Solo Provider,Psychology,1,83,0.657,0.64,0.344,0.559,0.398,52.49,0.802
C00244,Small Practice,Therapy,2,224,0.621,0.473,0.67,0.893,0.677,107.71,0.715
C00245,Small Practice,Psychiatry,5,215,0.761,0.574,0.723,0.214,0.396,93.97,0.73
C00246,Group Practice,Therapy,15,1522,0.789,0.923,0.481,0.447,0.478,166.27,0.296
C00247,Small Practice,Therapy,4,572,0.885,0.594,0.515,0.386,0.517,94.85,0.838
C00248,Solo Provider,Therapy,1,157,0.755,0.653,0.525,0.578,0.647,80.72,0.852
C00249,Solo Provider,Psychiatry,1,177,0.637,0.801,0.321,0.531,0.8,76.72,0.55
C00250,Solo Provider,Therapy,1,140,0.666,0.613,0.479,0.469,0.401,90.89,0.751
C00251,Small Practice,Therapy,3,438,0.785,0.53,0.635,0.661,0.467,97.9,0.547
C00252,Group Practice,Psychiatry,7,1200,0.585,0.765,0.413,0.755,0.373,158.5,0.354
C00253,Solo Provider,Psychiatry,1,118,0.617,0.723,0.475,0.326,0.364,71.86,0.686
C00254,Solo Provider,Therapy,1,70,0.696,0.699,0.728,0.485,0.226,53.96,0.858
C00255,Solo Provider,Therapy,1,131,0.668,0.542,0.36,0.469,0.503,77.67,0.911
C00256,Small Practice,Counseling,4,159,0.661,0.226,0.565,0.161,0.133,94.64,0.634
C00257,Group Practice,Psychology,9,1538,0.93,0.733,0.548,0.844,0.747,173.94,0.501
C00258,Solo Provider,Therapy,1,86,0.483,0.642,0.307,0.456,0.407,48.05,0.602
C00259,Solo Provider,Psychiatry,1,125,0.624,0.641,0.391,0.466,0.262,56.46,0.655
C00260,Small Practice,Psychiatry,2,323,0.653,0.67,0.543,0.64,0.291,115.53,0.492
C00261,Solo Provider,Counseling,1,126,0.557,0.7,0.625,0.806,0.406,58.73,0.906
C00262,Group Practice,Counseling,14,818,0.65,0.712,0.902,0.71,0.461,207.71,0.324
C00263,Solo Provider,Counseling,1,165,0.777,0.731,0.413,0.558,0.22,51.52,0.839
C00264,Solo Provider,Therapy,1,66,0.604,0.064,0.413,0.359,0.336,79.89,0.8
C00265,Group Practice,Psychiatry,8,666,0.75,0.739,0.701,0.673,0.536,146.22,0.521
C00266,Solo Provider,Psychiatry,1,94,1.0,0.936,0.498,0.272,0.55,77.9,0.731
C00267,Solo Provider,Psychology,1,64,1.0,0.39,0.475,0.151,0.362,75.86,0.757
C00268,Solo Provider,Counseling,1,163,0.636,0.855,0.311,0.464,0.329,69.11,0.85
C00269,Solo Provider,Psychiatry,1,82,0.74,0.769,0.33,0.578,0.609,77.77,0.632
C00270,Solo Provider,Psychology,1,65,0.802,0.913,0.574,0.529,0.433,67.76,0.726
C00271,Solo Provider,Psychiatry,1,163,0.923,0.731,0.328,0.558,0.542,60.43,0.899
C00272,Solo Provider,Therapy,1,173,0.23,0.721,0.332,0.618,0.511,87.26,0.911
C00273,Solo Provider,Psychiatry,1,95,0.962,0.898,0.685,0.505,0.175,70.68,1.0
C00274,Small Practice,Psychology,2,292,0.617,0.824,0.113,0.454,0.371,107.42,0.696
C00275,Small Practice,Psychiatry,4,494,0.799,0.871,0.862,0.668,0.353,134.16,0.523
C00276,Solo Provider,Psychology,1,146,0.811,0.646,0.222,0.354,0.463,40.95,0.835
C00277,Solo Provider,Psychology,1,109,0.465,0.894,0.496,0.433,0.517,84.62,0.835
C00278,Small Practice,Psychiatry,3,283,0.721,0.599,0.534,0.825,0.329,95.09,0.715
C00279,Group Practice,Counseling,7,1163,0.731,0.717,0.538,0.33,0.522,155.0,0.477
C00280,Group Practice,Therapy,8,1349,0.662,0.768,0.632,0.446,0.515,156.14,0.539
C00281,Solo Provider,Counseling,1,163,0.709,0.891,0.274,0.708,0.611,69.71,0.778
C00282,Solo Provider,Therapy,1,108,0.672,0.226,0.45,0.592,0.479,63.63,0.712
C00283,Solo Provider,Psychiatry,1,88,0.847,0.639,0.236,0.722,0.336,51.21,0.909
C00284,Solo Provider,Counseling,1,72,0.776,0.634,0.288,0.106,0.596,77.43,0.825
C00285,Small Practice,Psychology,4,490,0.79,0.592,0.583,0.792,0.434,92.16,0.84
C00286,Solo Provider,Psychiatry,1,98,0.459,0.828,0.342,0.859,0.569,84.31,0.959
C00287,Solo Provider,Counseling,1,134,0.451,0.919,0.24,0.781,0.468,75.38,0.792
C00288,Solo Provider,Therapy,1,134,0.77,0.614,0.679,0.749,0.391,89.54,0.74
C00289,Small Practice,Psychology,5,301,0.767,0.783,0.401,0.726,0.436,121.71,0.595
C00290,Solo Provider,Psychology,1,174,0.83,0.293,0.508,0.519,0.287,63.79,0.839
C00291,Group Practice,Therapy,11,768,0.784,0.731,0.659,0.552,0.503,176.54,0.475
C00292,Solo Provider,Counseling,1,173,0.867,0.667,0.521,0.274,0.509,55.62,0.742
C00293,Group Practice,Counseling,6,1418,0.805,0.826,0.608,0.556,0.416,180.94,0.528
C00294,Solo Provider,Therapy,1,178,1.0,0.614,0.256,0.219,0.115,54.95,0.759
C00295,Group Practice,Therapy,9,739,0.696,0.802,0.592,0.61,0.425,154.71,0.592
C00296,Group Practice,Therapy,14,1230,0.673,0.791,0.657,0.669,0.562,186.99,0.589
C00297,Large Practice,Psychiatry,16,4600,0.741,0.654,0.668,0.788,0.55,262.33,0.315
C00298,Group Practice,Psychiatry,8,1128,0.753,0.722,0.584,0.863,0.557,177.66,0.711
C00299,Small Practice,Psychology,3,377,0.591,0.902,0.389,0.613,0.364,99.66,0.695
C00300,Small Practice,Psychology,5,566,0.659,0.927,0.595,0.341,0.604,118.82,0.561
C00301,Small Practice,Therapy,4,521,0.792,0.984,0.386,0.652,0.611,102.68,0.586
C00302,Solo Provider,Psychiatry,1,171,0.657,0.708,0.253,0.606,0.157,68.33,0.929
C00303,Small Practice,Counseling,3,306,0.8,0.595,0.375,0.577,0.399,90.77,0.769
C00304,Small Practice,Counseling,3,197,0.891,0.613,0.765,0.403,0.435,127.63,0.522
C00305,Group Practice,Psychiatry,11,922,0.484,0.536,0.813,0.794,0.566,180.11,0.552
C00306,Solo Provider,Therapy,1,63,0.948,0.606,0.35,0.592,0.479,82.56,0.811
C00307,Solo Provider,Therapy,1,112,0.67,0.673,0.521,0.561,0.61,69.07,0.837
C00308,Small Practice,Psychiatry,4,226,0.851,0.789,0.618,0.293,0.048,103.28,0.778
C00309,Solo Provider,Psychiatry,1,98,0.804,0.997,0.677,0.676,0.235,44.26,0.724
C00310,Solo Provider,Psychiatry,1,165,0.795,0.85,0.644,0.627,0.345,62.74,0.744
C00311,Solo Provider,Therapy,1,127,0.553,0.966,0.27,0.479,0.078,59.97,0.83
C00312,Solo Provider,Psychiatry,1,92,0.646,0.482,0.465,0.419,0.347,65.74,0.996
C00313,Solo Provider,Psychiatry,1,101,0.63,0.509,0.462,0.938,0.325,61.12,0.836
C00314,Solo Provider,Psychiatry,1,85,0.287,0.508,0.822,0.613,0.614,44.68,0.765
C00315,Solo Provider,Therapy,1,136,0.76,0.693,0.463,0.422,0.509,72.67,0.75
C00316,Solo Provider,Counseling,1,171,0.729,0.584,0.333,0.439,0.649,81.43,0.911
C00317,Solo Provider,Psychiatry,1,143,0.484,0.847,0.601,0.535,0.312,78.08,0.654
C00318,Small Practice,Psychiatry,5,480,0.598,0.513,0.711,0.451,0.707,106.76,0.639
C00319,Solo Provider,Counseling,1,70,0.707,0.58,0.634,0.663,0.531,68.35,0.818
C00320,Group Practice,Psychology,13,1640,0.636,0.914,0.795,0.64,0.445,186.29,0.604
C00321,Group Practice,Therapy,7,1488,0.932,0.558,0.507,0.545,0.279,155.49,0.482
C00322,Solo Provider,Therapy,1,135,0.594,0.544,0.339,0.554,0.345,92.39,0.805
C00323,Solo Provider,Therapy,1,101,0.677,0.759,0.573,0.501,0.409,71.91,0.802
C00324,Small Practice,Psychology,4,192,0.626,0.653,0.214,0.802,0.746,118.6,0.667
C00325,Group Practice,Psychiatry,15,1111,0.501,0.817,0.611,1.0,0.592,190.57,0.541
C00326,Small Practice,Psychiatry,3,427,0.623,0.86,0.589,0.605,0.438,75.0,0.583
C00327,Group Practice,Psychology,14,1612,0.627,0.861,0.713,0.872,0.722,201.05,0.204
C00328,Small Practice,Psychology,5,559,0.875,0.756,0.615,0.514,0.303,86.24,0.607
C00329,Small Practice,Therapy,3,229,0.48,0.391,0.512,0.627,0.399,88.95,0.6
C00330,Solo Provider,Therapy,1,108,0.577,0.639,0.237,0.631,0.283,74.13,0.838
C00331,Small Practice,Counseling,2,491,0.82,0.278,0.406,0.712,0.462,121.83,0.835
C00332,Solo Provider,Counseling,1,172,0.745,0.605,0.321,0.431,0.307,52.02,0.741
C00333,Small Practice,Counseling,3,555,0.954,0.818,0.447,0.708,0.456,107.32,0.646
C00334,Group Practice,Counseling,13,711,0.798,0.675,0.536,0.524,0.63,178.98,0.493
C00335,Solo Provider,Psychiatry,1,126,0.888,0.837,0.167,0.74,0.337,82.78,0.819
C00336,Small Practice,Counseling,2,485,0.85,0.693,0.274,0.18,0.518,86.18,0.784
C00337,Solo Provider,Counseling,1,102,0.66,0.55,0.377,0.695,0.401,100.18,0.777
C00338,Small Practice,Counseling,4,292,0.782,0.461,0.486,0.573,0.549,102.39,0.624
C00339,Solo Provider,Therapy,1,83,0.538,0.764,0.507,0.586,0.358,82.07,0.781
C00340,Group Practice,Therapy,14,1612,0.912,0.717,0.863,0.597,0.572,200.05,0.57
C00341,Solo Provider,Psychiatry,1,127,0.656,0.462,0.434,0.396,0.627,58.72,0.876
C00342,Large Practice,Psychology,20,4836,0.583,0.549,0.725,0.929,0.565,260.0,0.529
C00343,Group Practice,Counseling,14,790,0.953,0.888,0.633,0.733,0.663,176.8,0.464
C00344,Small Practice,Psychiatry,3,246,0.573,0.977,0.773,0.491,0.26,109.03,0.678
C00345,Small Practice,Counseling,3,569,0.321,1.0,0.665,0.502,0.296,107.36,0.749
C00346,Small Practice,Counseling,4,548,0.769,0.63,0.57,0.671,0.473,125.71,0.679
C00347,Group Practice,Counseling,15,944,0.58,0.655,0.566,0.613,0.813,167.89,0.435
C00348,Solo Provider,Therapy,1,64,0.709,0.657,0.548,0.593,0.347,63.7,0.681
C00349,Small Practice,Therapy,2,437,0.657,0.774,0.541,0.664,0.328,110.11,0.801
C00350,Solo Provider,Therapy,1,129,0.717,0.759,0.364,0.154,0.277,60.66,0.875
C00351,Small Practice,Psychology,5,269,0.573,0.298,0.739,0.525,0.376,120.22,0.583
C00352,Solo Provider,Psychology,1,158,0.555,0.86,0.443,0.408,0.324,48.88,0.722
C00353,Small Practice,Psychiatry,5,566,0.667,0.761,0.568,0.653,0.133,111.51,0.563
C00354,Small Practice,Therapy,2,202,0.756,0.4,0.482,0.798,0.502,114.82,0.465
C00355,Solo Provider,Psychology,1,85,0.973,1.0,0.536,0.28,0.433,67.98,0.96
C00356,Small Practice,Psychology,3,531,0.574,0.717,0.122,0.374,0.403,79.34,0.614
C00357,Small Practice,Psychiatry,2,216,0.749,0.634,0.489,0.648,0.335,89.18,0.786
C00358,Small Practice,Psychiatry,4,474,0.867,0.586,0.467,0.583,0.512,91.51,0.759
C00359,Solo Provider,Psychology,1,177,0.383,0.618,0.683,0.271,0.128,75.6,0.822
C00360,Small Practice,Psychology,4,255,0.414,0.347,0.525,0.348,0.443,92.34,0.67
C00361,Group Practice,Psychology,12,1749,0.789,0.868,0.768,0.618,0.537,192.72,0.42
C00362,Solo Provider,Counseling,1,131,0.602,0.961,0.353,0.548,0.334,93.08,0.755
C00363,Solo Provider,Psychiatry,1,131,0.654,0.53,0.471,0.495,0.2,69.94,0.758
C00364,Solo Provider,Psychology,1,111,0.854,0.654,0.474,0.451,0.293,47.45,0.708
C00365,Small Practice,Counseling,3,574,0.836,0.574,0.443,0.474,0.591,108.08,0.557
C00366,Solo Provider,Therapy,1,160,0.71,0.694,0.474,0.647,0.364,70.0,0.974
C00367,Small Practice,Psychiatry,2,177,0.796,0.721,0.485,0.48,0.069,114.44,0.455
C00368,Small Practice,Therapy,5,180,0.845,0.361,0.368,0.675,0.425,106.31,0.704
C00369,Solo Provider,Psychiatry,1,171,0.669,0.528,0.286,0.75,0.603,58.34,0.696
C00370,Group Practice,Therapy,9,1341,0.751,0.617,0.66,0.6,0.495,167.85,0.691
C00371,Small Practice,Psychology,3,522,0.917,0.741,0.206,0.541,0.327,87.24,0.652
C00372,Solo Provider,Therapy,1,87,0.848,0.861,0.408,0.332,0.421,68.08,0.976
C00373,Solo Provider,Psychology,1,112,0.768,0.608,0.389,0.624,0.352,73.86,0.84
C00374,Solo Provider,Psychology,1,94,0.784,0.496,0.328,0.505,0.365,67.72,0.748
C00375,Solo Provider,Counseling,1,97,0.836,0.864,0.677,0.288,0.194,66.63,0.771
C00376,Solo Provider,Psychiatry,1,135,0.617,0.595,0.537,0.286,0.72,82.4,0.802
C00377,Group Practice,Psychiatry,12,1339,0.786,0.668,0.759,0.61,0.799,198.99,0.301
C00378,Solo Provider,Therapy,1,140,0.718,0.467,0.758,0.826,0.057,76.99,0.818
C00379,Solo Provider,Psychology,1,88,0.927,0.885,0.505,0.899,0.509,72.69,0.765
C00380,Small Practice,Therapy,3,551,0.581,0.576,0.459,0.596,0.375,114.83,0.518
C00381,Small Practice,Therapy,4,575,1.0,0.705,0.7,0.655,0.619,118.13,0.707
C00382,Group Practice,Counseling,12,1396,1.0,0.601,0.749,0.643,0.642,160.51,0.454
C00383,Small Practice,Psychology,5,442,0.85,0.512,0.663,0.591,0.411,117.79,0.741
C00384,Solo Provider,Therapy,1,124,0.763,0.833,0.495,0.232,0.311,71.86,0.62
C00385,Solo Provider,Psychology,1,90,0.841,0.738,0.61,0.244,0.352,61.91,0.659
C00386,Large Practice,Psychiatry,17,2196,0.864,0.769,0.678,0.535,0.684,269.69,0.411
C00387,Small Practice,Therapy,4,260,0.716,0.306,0.631,0.43,0.239,105.89,0.732
C00388,Large Practice,Psychiatry,25,4126,1.0,0.764,0.728,0.888,0.757,292.41,0.427
C00389,Solo Provider,Counseling,1,167,0.757,0.39,0.474,0.502,0.214,68.1,0.778
C00390,Group Practice,Therapy,11,664,0.488,0.601,0.545,0.665,0.561,171.31,0.409
C00391,Small Practice,Psychiatry,3,321,0.844,0.7,0.708,0.729,0.629,132.16,0.787
C00392,Solo Provider,Counseling,1,103,0.797,0.869,0.675,0.381,0.467,93.84,0.808
C00393,Small Practice,Psychiatry,5,588,0.585,0.324,0.547,0.945,0.433,117.08,0.66
C00394,Small Practice,Therapy,4,248,0.755,0.721,0.383,0.532,0.533,121.84,0.743
C00395,Solo Provider,Psychiatry,1,91,0.75,0.714,0.578,0.411,0.273,50.7,0.788
C00396,Solo Provider,Psychology,1,82,0.857,0.522,0.53,0.405,0.216,51.81,1.0
C00397,Group Practice,Counseling,15,1788,0.732,0.698,0.775,1.0,0.503,213.41,0.392
C00398,Solo Provider,Psychology,1,146,0.841,0.794,0.377,0.703,0.488,66.13,0.819
C00399,Solo Provider,Therapy,1,154,0.947,0.453,0.345,0.405,0.306,74.99,0.798
C00400,Solo Provider,Counseling,1,61,0.769,0.661,0.507,0.618,0.116,55.3,0.907
C00401,Solo Provider,Counseling,1,87,0.751,0.636,0.538,0.536,0.325,76.3,0.953
C00402,Group Practice,Psychology,10,557,0.804,0.523,0.926,0.435,0.547,173.69,0.421
C00403,Small Practice,Counseling,4,219,0.584,0.864,0.329,0.715,0.519,114.14,0.612
C00404,Solo Provider,Counseling,1,64,0.676,0.452,0.301,0.623,0.459,62.1,0.824
C00405,Large Practice,Therapy,30,4182,0.651,0.336,0.909,0.949,0.9,286.85,0.477
C00406,Group Practice,Psychiatry,14,1513,0.72,0.694,0.375,0.77,0.639,184.78,0.238
C00407,Solo Provider,Psychology,1,82,0.632,0.409,0.527,0.812,0.408,74.19,0.584
C00408,Group Practice,Psychiatry,13,1338,0.535,0.714,0.777,0.542,0.337,170.82,0.249
C00409,Solo Provider,Psychology,1,136,0.677,0.557,0.363,0.609,0.437,77.46,0.82
C00410,Large Practice,Psychology,20,3405,0.536,0.556,0.661,0.391,0.628,272.9,0.41
C00411,Small Practice,Therapy,4,461,0.72,0.911,0.351,0.384,0.591,97.68,0.653
C00412,Small Practice,Psychology,3,223,0.634,0.499,0.365,0.591,0.435,97.16,0.802
C00413,Solo Provider,Therapy,1,89,0.916,0.827,0.487,0.247,0.246,64.53,0.695
C00414,Group Practice,Psychology,9,1550,0.94,0.367,0.411,0.65,0.59,152.57,0.191
C00415,Solo Provider,Psychiatry,1,153,0.66,0.894,0.748,0.442,0.342,77.91,0.716
C00416,Solo Provider,Therapy,1,71,0.888,0.645,0.339,0.513,0.575,48.96,0.76
C00417,Solo Provider,Counseling,1,83,0.646,0.6,0.192,0.551,0.444,48.94,0.986
C00418,Small Practice,Psychiatry,4,169,0.845,0.744,0.359,0.367,0.437,95.92,0.659
C00419,Solo Provider,Therapy,1,101,0.64,0.309,0.431,0.594,0.419,83.84,0.833
C00420,Group Practice,Psychiatry,14,591,0.636,0.928,0.365,0.659,0.786,195.93,0.571
C00421,Small Practice,Counseling,2,586,0.544,0.897,0.3,0.33,0.444,98.66,0.601
C00422,Solo Provider,Therapy,1,157,0.765,0.97,0.53,0.407,0.469,81.78,0.717
C00423,Solo Provider,Psychiatry,1,108,0.76,0.329,0.127,0.257,0.63,70.89,0.685
C00424,Solo Provider,Psychiatry,1,60,0.604,0.607,0.458,0.791,0.456,87.21,0.839
C00425,Small Practice,Counseling,2,451,0.86,0.812,0.613,0.498,0.32,92.48,0.563
C00426,Group Practice,Therapy,15,1706,0.755,0.609,0.74,0.763,0.461,186.18,0.341
C00427,Solo Provider,Therapy,1,133,0.568,0.955,0.235,0.856,0.411,81.71,0.899
C00428,Group Practice,Psychology,15,1745,0.949,0.455,0.652,0.535,0.366,205.68,0.384
C00429,Solo Provider,Therapy,1,160,0.674,1.0,0.778,1.0,0.654,89.4,1.0
C00430,Group Practice,Psychology,9,1312,0.651,0.691,0.629,0.608,0.534,168.74,0.525
C00431,Group Practice,Psychiatry,7,633,0.755,0.525,0.467,0.56,0.42,163.27,0.561
C00432,Small Practice,Psychology,4,571,0.731,0.634,0.534,0.328,0.473,115.02,0.735
C00433,Small Practice,Therapy,5,424,0.472,0.553,0.733,0.598,0.324,98.03,0.505
C00434,Group Practice,Psychology,13,1230,0.84,0.832,0.488,0.784,0.682,187.42,0.332
C00435,Solo Provider,Psychology,1,122,0.724,0.342,0.485,0.62,0.605,64.65,0.733
C00436,Solo Provider,Therapy,1,171,0.669,0.702,0.48,0.615,0.199,56.92,0.84
C00437,Solo Provider,Psychiatry,1,162,0.956,0.398,0.423,0.295,0.391,66.02,0.905
C00438,Small Practice,Therapy,3,262,0.899,0.709,0.618,0.658,0.0,87.5,0.642
C00439,Small Practice,Therapy,4,389,0.921,0.583,0.794,0.309,0.259,99.18,0.726
C00440,Small Practice,Psychology,3,514,0.683,0.624,0.449,0.567,0.5,101.3,0.811
C00441,Group Practice,Psychiatry,8,1240,0.622,0.915,0.674,0.273,0.203,165.96,0.367
C00442,Solo Provider,Counseling,1,169,0.695,0.743,0.439,0.75,0.484,86.72,0.808
C00443,Small Practice,Psychiatry,4,253,0.687,0.675,0.6,0.256,0.383,106.89,0.69
C00444,Solo Provider,Psychology,1,141,0.814,0.639,0.566,0.478,0.39,68.43,0.879
C00445,Solo Provider,Psychology,1,70,0.754,0.823,0.572,0.722,0.717,73.86,0.87
C00446,Small Practice,Psychology,2,287,0.77,0.76,0.704,0.238,0.613,110.35,0.835
C00447,Large Practice,Counseling,17,4366,0.664,0.651,0.81,0.812,0.764,280.29,0.363
C00448,Small Practice,Psychology,4,222,0.546,0.8,0.789,0.543,0.647,111.87,0.558
C00449,Solo Provider,Psychology,1,122,0.907,0.945,0.45,0.711,0.616,79.58,0.797
C00450,Small Practice,Psychology,3,295,0.574,0.67,0.816,0.451,0.532,104.45,0.702
C00451,Solo Provider,Psychiatry,1,157,0.733,0.965,0.548,0.633,0.608,64.07,0.771
C00452,Group Practice,Psychology,15,1794,0.72,0.811,0.561,0.746,0.455,179.78,0.456
C00453,Small Practice,Counseling,3,289,0.655,0.237,0.321,0.669,0.456,106.57,0.543
C00454,Solo Provider,Psychology,1,133,0.808,0.629,0.416,0.497,0.752,76.57,0.724
C00455,Solo Provider,Psychology,1,103,0.817,0.477,0.226,0.41,0.482,61.63,0.766
C00456,Solo Provider,Therapy,1,80,0.579,0.634,0.238,0.567,0.402,50.92,0.88
C00457,Large Practice,Psychiatry,29,2243,0.508,0.606,1.0,0.793,0.667,272.88,0.232
C00458,Solo Provider,Therapy,1,61,0.506,0.771,0.248,0.565,0.372,67.32,0.747
C00459,Small Practice,Therapy,3,514,0.826,0.524,0.437,0.45,0.507,70.95,0.704
C00460,Small Practice,Psychiatry,3,326,0.438,0.589,0.479,0.476,0.479,90.86,0.722
C00461,Small Practice,Psychiatry,2,254,0.695,0.372,0.408,0.753,0.16,89.13,0.616
C00462,Solo Provider,Psychology,1,145,0.619,0.564,0.31,0.514,0.409,76.55,0.711
C00463,Group Practice,Counseling,6,554,0.828,0.591,0.576,0.536,0.677,170.0,0.462
C00464,Solo Provider,Counseling,1,126,0.631,0.557,0.501,0.651,0.265,68.71,0.813
C00465,Small Practice,Psychiatry,4,556,0.444,0.484,0.305,0.554,0.287,82.73,0.6
C00466,Small Practice,Psychiatry,2,450,0.531,0.786,0.552,0.55,0.341,94.26,0.446
C00467,Small Practice,Psychology,3,400,0.737,0.762,0.544,0.751,0.319,118.2,0.589
C00468,Group Practice,Psychiatry,10,1657,0.663,0.982,0.687,0.588,0.427,179.41,0.583
C00469,Solo Provider,Counseling,1,116,0.801,0.808,0.547,0.662,0.436,64.64,0.855
C00470,Small Practice,Counseling,4,279,0.515,0.706,0.309,0.531,0.336,103.9,0.664
C00471,Solo Provider,Psychology,1,71,0.557,0.645,0.674,0.289,0.24,63.64,0.886
C00472,Solo Provider,Therapy,1,127,0.853,0.507,0.387,0.403,0.316,43.33,0.934
C00473,Solo Provider,Psychology,1,63,0.521,0.404,0.675,0.408,0.319,60.81,0.639
C00474,Solo Provider,Counseling,1,98,0.738,0.631,0.23,0.456,0.39,71.8,0.701
C00475,Solo Provider,Therapy,1,118,0.833,0.555,0.574,0.493,0.54,58.43,1.0
C00476,Solo Provider,Therapy,1,165,0.896,0.475,0.379,0.412,0.348,62.11,0.764
C00477,Solo Provider,Psychology,1,111,0.826,0.309,0.319,0.626,0.451,73.82,0.694
C00478,Small Practice,Psychiatry,3,462,0.693,0.469,0.626,0.829,0.271,117.73,0.654
C00479,Small Practice,Psychology,3,275,0.438,0.73,0.348,0.32,0.145,81.18,0.769
C00480,Solo Provider,Psychiatry,1,87,0.787,0.679,0.509,0.577,0.389,59.62,0.724
C00481,Solo Provider,Counseling,1,77,0.684,0.627,0.529,0.699,0.42,45.09,0.719
C00482,Solo Provider,Psychiatry,1,79,0.498,0.519,0.501,0.526,0.647,93.08,0.848
C00483,Small Practice,Psychiatry,2,459,0.863,0.585,0.319,0.448,0.384,85.44,0.587
C00484,Solo Provider,Therapy,1,125,0.763,0.469,0.235,0.321,0.333,57.28,0.701
C00485,Solo Provider,Therapy,1,61,0.786,0.531,0.269,0.414,0.466,69.08,0.889
C00486,Solo Provider,Therapy,1,142,0.88,0.961,0.393,0.765,0.329,81.37,0.902
C00487,Solo Provider,Counseling,1,78,0.555,0.43,0.198,0.661,0.678,79.21,0.774
C00488,Solo Provider,Psychiatry,1,119,0.923,0.687,0.461,0.47,0.449,75.4,0.887
C00489,Small Practice,Therapy,5,330,0.692,0.363,0.66,0.342,0.533,92.03,0.726
C00490,Small Practice,Psychiatry,2,368,1.0,0.636,0.297,0.66,0.27,106.01,0.458
C00491,Small Practice,Psychology,3,458,0.748,0.504,0.601,0.567,0.016,93.04,0.688
C00492,Small Practice,Counseling,3,482,0.759,0.786,0.388,0.402,0.4,116.52,0.614
C00493,Small Practice,Counseling,2,329,0.516,0.501,0.625,0.496,0.353,86.94,0.756
C00494,Solo Provider,Therapy,1,137,0.572,0.694,0.428,0.247,0.52,69.3,0.816
C00495,Small Practice,Counseling,5,200,0.505,0.705,0.661,0.754,0.548,92.23,0.701
C00496,Small Practice,Psychiatry,5,261,0.557,0.881,0.695,0.398,0.433,118.53,0.675
C00497,Solo Provider,Counseling,1,150,0.449,0.252,0.471,0.082,0.392,71.11,0.859
C00498,Small Practice,Therapy,3,408,0.724,0.767,0.319,0.692,0.445,106.07,0.589
C00499,Solo Provider,Psychology,1,80,0.817,0.585,0.499,0.406,0.227,53.05,0.817
C00500,Small Practice,Counseling,3,365,0.789,0.512,0.527,0.405,0.163,95.64,0.59
C00501,Small Practice,Therapy,3,513,0.722,0.813,0.348,0.472,0.651,100.01,0.457
C00502,Group Practice,Counseling,11,507,0.671,0.572,0.705,0.675,0.352,176.3,0.391
C00503,Group Practice,Therapy,7,844,1.0,0.777,0.403,0.568,0.503,175.49,0.398
C00504,Small Practice,Counseling,5,297,0.783,0.564,0.509,0.809,0.251,117.49,0.677
C00505,Small Practice,Psychology,4,150,0.458,0.893,0.478,0.458,0.375,88.0,0.612
C00506,Small Practice,Counseling,2,398,0.61,0.771,0.558,0.8,0.354,86.72,0.57
C00507,Solo Provider,Counseling,1,62,1.0,0.769,0.361,0.8,0.571,67.96,0.665
C00508,Group Practice,Psychiatry,11,1169,0.539,0.633,0.722,0.399,0.592,180.84,0.567
C00509,Solo Provider,Psychiatry,1,107,0.6,0.8,0.288,0.553,0.372,58.86,0.913
C00510,Solo Provider,Psychology,1,151,0.625,0.426,0.531,0.44,0.239,68.7,0.723
C00511,Solo Provider,Therapy,1,86,0.548,0.811,0.44,0.674,0.314,69.99,0.8
C00512,Group Practice,Psychiatry,9,1288,0.896,0.858,0.491,0.44,0.626,188.89,0.588
C00513,Solo Provider,Therapy,1,129,0.702,0.781,0.577,0.537,0.397,60.75,0.81
C00514,Solo Provider,Counseling,1,145,0.595,0.362,0.486,0.505,0.482,82.28,0.926
C00515,Solo Provider,Therapy,1,173,0.913,0.514,0.25,0.67,0.575,77.13,0.956
C00516,Solo Provider,Psychiatry,1,104,0.755,0.75,0.653,0.755,0.504,64.18,0.741
C00517,Solo Provider,Psychiatry,1,131,0.78,0.507,0.686,0.222,0.453,64.03,0.832
C00518,Small Practice,Psychiatry,2,336,0.391,0.554,0.403,0.713,0.269,80.86,0.695
C00519,Solo Provider,Counseling,1,85,0.364,1.0,0.444,0.037,0.26,49.61,0.712
C00520,Group Practice,Counseling,8,1782,0.601,0.503,0.396,0.736,0.674,172.04,0.425
C00521,Group Practice,Psychology,8,643,0.711,0.691,0.537,0.663,0.54,186.96,0.345
C00522,Solo Provider,Counseling,1,160,0.669,0.952,0.528,0.847,0.544,69.17,0.823
C00523,Solo Provider,Therapy,1,86,0.78,0.676,0.377,0.654,0.374,57.32,0.884
C00524,Small Practice,Counseling,4,587,0.775,0.866,0.657,0.534,0.397,104.81,0.828
C00525,Solo Provider,Therapy,1,103,0.812,0.581,0.186,0.303,0.429,66.98,0.87
C00526,Solo Provider,Therapy,1,152,0.527,0.856,0.524,0.38,0.457,60.52,0.817
C00527,Large Practice,Therapy,18,2235,0.712,0.541,0.693,0.956,0.881,274.69,0.319
C00528,Large Practice,Therapy,34,3151,0.958,0.837,1.0,0.521,0.968,316.96,0.287
C00529,Small Practice,Counseling,2,562,0.665,0.761,0.364,0.426,0.415,107.59,0.784
C00530,Solo Provider,Psychiatry,1,154,0.861,0.661,0.689,0.216,0.671,77.59,1.0
C00531,Small Practice,Counseling,4,285,0.694,0.612,0.418,0.54,0.505,128.89,0.692
C00532,Small Practice,Psychiatry,4,491,0.477,0.946,0.327,0.453,0.463,85.14,0.692
C00533,Solo Provider,Therapy,1,96,0.478,0.762,0.643,0.304,0.517,59.83,0.893
C00534,Small Practice,Psychiatry,3,357,0.539,0.543,0.726,0.516,0.253,84.58,0.665
C00535,Solo Provider,Therapy,1,102,0.777,0.474,0.34,0.576,0.631,58.13,1.0
C00536,Solo Provider,Psychiatry,1,66,0.777,0.86,0.14,0.527,0.295,48.09,0.608
C00537,Small Practice,Psychology,4,343,0.709,0.831,0.563,0.709,0.426,107.35,0.58
C00538,Solo Provider,Counseling,1,111,0.804,0.836,0.443,0.354,0.418,82.23,0.848
C00539,Solo Provider,Psychology,1,125,0.6,0.786,0.404,0.436,0.556,93.37,0.663
C00540,Group Practice,Therapy,15,1477,0.83,0.63,0.716,0.635,0.748,185.77,0.415
C00541,Large Practice,Psychology,21,2765,0.704,0.528,0.541,1.0,0.645,279.23,0.506
C00542,Small Practice,Psychology,3,293,0.725,1.0,0.166,0.572,0.364,102.73,0.629
C00543,Group Practice,Therapy,7,664,0.728,0.646,0.358,0.649,0.583,191.29,0.396
C00544,Large Practice,Counseling,29,4107,0.827,0.8,0.89,1.0,1.0,297.04,0.381
C00545,Solo Provider,Counseling,1,97,0.694,0.753,0.591,0.499,0.283,54.62,0.958
C00546,Solo Provider,Psychology,1,142,0.501,0.48,0.652,0.73,0.357,69.44,0.85
C00547,Solo Provider,Psychiatry,1,89,0.521,1.0,0.671,0.572,0.24,60.81,0.778
C00548,Solo Provider,Psychiatry,1,129,0.746,0.589,0.247,0.874,0.404,65.37,0.846
C00549,Small Practice,Psychiatry,2,333,0.688,0.592,0.586,0.678,0.501,126.51,0.749
C00550,Solo Provider,Therapy,1,163,0.758,0.848,0.539,0.189,0.345,67.29,0.713
C00551,Solo Provider,Psychiatry,1,154,0.791,0.827,0.646,0.787,0.117,105.9,0.68
C00552,Solo Provider,Therapy,1,153,0.851,0.69,0.47,0.502,0.078,61.88,0.723
C00553,Solo Provider,Therapy,1,80,0.612,1.0,0.427,0.559,0.404,63.97,0.859
C00554,Group Practice,Psychology,12,1734,0.767,0.418,0.614,0.615,0.533,186.86,0.501
C00555,Solo Provider,Therapy,1,162,0.777,0.711,0.478,0.146,0.485,53.03,0.849
C00556,Solo Provider,Psychiatry,1,129,0.797,0.861,0.542,0.567,0.51,78.53,0.769
C00557,Solo Provider,Psychiatry,1,110,0.607,0.85,0.224,0.651,0.371,57.55,0.897
C00558,Solo Provider,Therapy,1,101,0.901,0.666,0.474,0.586,0.211,44.99,0.864
C00559,Small Practice,Counseling,2,272,0.466,0.799,0.54,0.602,0.607,112.06,0.618
C00560,Solo Provider,Counseling,1,162,0.71,0.634,0.661,0.866,0.303,77.33,0.883
C00561,Solo Provider,Psychology,1,156,0.737,0.59,0.0,0.773,0.264,60.73,0.776
C00562,Solo Provider,Psychology,1,163,0.582,0.693,0.458,0.39,0.39,76.03,0.797
C00563,Group Practice,Therapy,7,1790,0.579,0.781,0.459,0.43,0.387,161.87,0.44
C00564,Small Practice,Counseling,4,567,0.546,0.789,0.709,0.223,0.189,116.98,0.75
C00565,Small Practice,Counseling,4,585,0.822,0.945,0.381,0.817,0.395,101.49,0.681
C00566,Small Practice,Psychiatry,3,183,0.825,0.96,0.711,0.534,0.87,123.03,0.785
C00567,Small Practice,Psychology,5,186,0.47,0.39,0.385,0.794,0.513,105.63,0.589
C00568,Solo Provider,Counseling,1,114,0.82,0.492,0.517,0.563,0.241,62.44,0.959
C00569,Solo Provider,Psychology,1,168,0.551,0.804,0.473,0.581,0.19,90.93,0.881
C00570,Small Practice,Therapy,2,568,0.753,0.509,0.883,0.735,0.428,96.08,0.527
C00571,Solo Provider,Psychiatry,1,173,0.496,0.41,0.466,0.535,0.425,76.15,0.756
C00572,Group Practice,Therapy,10,1570,0.794,0.689,0.69,0.821,0.462,159.82,0.384
C00573,Solo Provider,Psychiatry,1,83,0.397,0.618,0.449,0.327,0.237,69.58,0.952
C00574,Small Practice,Counseling,5,534,0.634,0.723,0.431,0.423,0.389,117.82,0.759
C00575,Group Practice,Therapy,11,1231,0.769,0.649,0.464,0.581,0.358,192.06,0.566
C00576,Small Practice,Counseling,2,177,0.603,0.84,0.662,0.335,0.364,89.97,0.644
C00577,Group Practice,Psychiatry,11,540,0.595,0.553,0.6,0.379,0.24,158.94,0.542
C00578,Small Practice,Psychiatry,4,539,0.996,0.559,0.861,0.707,0.325,119.93,0.392
C00579,Group Practice,Psychology,9,1317,0.765,0.609,0.413,0.535,0.618,168.17,0.415
C00580,Solo Provider,Therapy,1,101,0.714,0.45,0.603,0.387,0.324,61.05,1.0
C00581,Solo Provider,Therapy,1,131,0.634,0.755,0.197,0.725,0.517,29.38,0.852
C00582,Small Practice,Psychiatry,5,340,0.509,0.852,0.683,0.626,0.26,104.15,0.799
C00583,Solo Provider,Therapy,1,128,0.74,0.741,0.396,0.751,0.459,74.52,0.944
C00584,Solo Provider,Counseling,1,85,0.693,0.757,0.681,0.685,0.389,83.01,0.614
C00585,Group Practice,Psychology,9,631,0.705,0.629,0.372,0.671,0.835,186.81,0.419
C00586,Small Practice,Counseling,4,590,0.829,0.534,0.546,0.63,0.637,77.59,0.771
C00587,Solo Provider,Counseling,1,153,0.689,0.467,0.0,0.389,0.367,46.27,0.747
C00588,Solo Provider,Psychiatry,1,142,0.706,0.712,0.395,0.745,0.377,56.83,0.713
C00589,Solo Provider,Counseling,1,138,0.867,0.502,0.554,0.528,0.667,65.65,0.839
C00590,Solo Provider,Therapy,1,78,0.81,0.789,0.405,0.314,0.448,48.45,0.806
C00591,Group Practice,Psychiatry,10,1671,0.604,0.377,0.547,0.838,0.711,182.65,0.545
C00592,Solo Provider,Psychology,1,119,0.715,0.451,0.329,0.409,0.578,53.41,0.908
C00593,Solo Provider,Psychiatry,1,79,0.708,0.578,0.442,0.421,0.579,71.33,0.798
C00594,Small Practice,Psychology,3,275,0.546,0.67,0.654,0.786,0.232,104.62,0.498
C00595,Solo Provider,Counseling,1,125,0.754,0.772,0.261,0.415,0.039,32.52,0.786
C00596,Solo Provider,Psychiatry,1,67,0.9,0.93,0.486,0.255,0.424,73.71,0.986
C00597,Small Practice,Psychiatry,5,355,0.627,0.493,0.514,0.232,0.78,117.56,0.664
C00598,Small Practice,Psychology,5,160,0.469,0.907,0.356,0.619,0.506,98.36,0.657
C00599,Large Practice,Counseling,40,3738,0.557,0.796,1.0,0.976,0.985,308.78,0.511
C00600,Small Practice,Counseling,4,252,0.688,0.604,0.675,0.658,0.426,114.15,0.7
C00601,Solo Provider,Counseling,1,62,0.738,0.527,0.495,0.067,0.363,67.3,0.909
C00602,Small Practice,Therapy,2,397,0.797,0.849,0.694,0.6,0.339,116.48,0.419
C00603,Group Practice,Therapy,13,1025,0.723,0.526,0.79,0.612,0.579,189.94,0.444
C00604,Small Practice,Psychology,5,535,0.784,0.52,0.422,0.71,0.291,107.09,0.738
C00605,Large Practice,Psychiatry,23,2948,0.905,0.706,0.854,0.947,0.989,297.84,0.32
C00606,Small Practice,Psychology,2,152,0.649,0.365,0.512,0.758,0.473,115.96,0.543
C00607,Group Practice,Counseling,15,831,0.386,0.833,0.533,0.983,0.792,199.83,0.427
C00608,Solo Provider,Psychology,1,125,1.0,0.83,0.501,1.0,0.386,67.53,0.858
C00609,Small Practice,Psychiatry,5,237,0.657,0.657,0.574,0.319,0.539,113.53,0.567
C00610,Solo Provider,Counseling,1,115,0.641,0.477,0.697,0.66,0.391,71.76,0.947
C00611,Small Practice,Psychiatry,5,502,0.55,0.631,0.641,0.796,0.444,108.86,0.771
C00612,Small Practice,Psychology,3,494,0.504,0.559,0.305,0.878,0.47,124.89,0.64
C00613,Large Practice,Therapy,40,3486,0.679,1.0,1.0,1.0,1.0,343.45,0.431
C00614,Large Practice,Psychology,33,3981,0.627,0.629,0.797,0.885,0.943,312.35,0.469
C00615,Solo Provider,Psychiatry,1,150,1.0,0.261,0.282,0.452,0.592,50.03,0.789
C00616,Small Practice,Therapy,2,502,0.52,0.399,0.78,0.464,0.412,96.68,0.641
C00617,Small Practice,Therapy,5,202,0.653,0.711,0.738,0.721,0.257,115.21,0.749
C00618,Solo Provider,Psychology,1,150,0.727,0.753,0.472,0.594,0.239,43.8,0.999
C00619,Solo Provider,Therapy,1,94,0.787,0.716,0.561,0.392,0.543,56.46,0.789
C00620,Solo Provider,Therapy,1,101,0.719,0.363,0.735,0.69,0.642,71.8,0.972
C00621,Small Practice,Therapy,2,592,0.298,0.577,0.745,0.383,0.355,100.99,0.595
C00622,Solo Provider,Therapy,1,111,0.893,0.373,0.263,0.765,0.478,90.47,0.774
C00623,Large Practice,Psychiatry,26,3662,0.84,0.638,0.931,0.406,0.779,283.71,0.374
C00624,Solo Provider,Psychiatry,1,109,0.883,0.477,0.589,0.343,0.376,56.37,0.866
C00625,Large Practice,Psychology,34,4934,0.624,0.545,1.0,0.766,0.829,306.52,0.404
C00626,Solo Provider,Psychology,1,74,0.482,0.804,0.404,0.273,0.0,45.11,0.89
C00627,Small Practice,Psychology,3,245,0.796,0.795,0.377,0.691,0.712,124.94,0.785
C00628,Solo Provider,Counseling,1,121,0.633,0.64,0.531,0.298,0.253,64.76,0.657
C00629,Small Practice,Therapy,4,250,0.602,0.798,0.353,0.431,0.539,94.26,0.743
C00630,Group Practice,Psychology,13,1739,0.583,0.614,0.667,0.751,0.632,172.66,0.477
C00631,Group Practice,Therapy,11,1242,0.783,0.774,0.507,0.788,0.35,174.58,0.407
C00632,Group Practice,Counseling,10,1575,0.656,0.69,0.326,0.553,0.268,169.66,0.654
C00633,Solo Provider,Psychiatry,1,161,0.719,0.692,0.556,0.678,0.133,81.79,0.931
C00634,Solo Provider,Psychiatry,1,147,0.682,0.092,0.278,0.6,0.548,64.4,0.873
C00635,Solo Provider,Therapy,1,120,0.989,0.831,0.406,0.883,0.204,67.45,0.653
C00636,Solo Provider,Psychology,1,179,0.645,0.794,0.46,0.511,0.377,49.5,0.569
C00637,Small Practice,Psychiatry,4,297,0.574,0.608,0.721,0.535,0.224,123.08,0.571
C00638,Small Practice,Counseling,3,506,0.789,0.369,0.541,0.601,0.408,98.4,0.593
C00639,Small Practice,Therapy,3,253,0.528,0.896,0.627,0.488,0.457,132.68,0.689
C00640,Group Practice,Psychiatry,14,1177,0.825,0.657,0.595,0.903,0.7,197.93,0.367
C00641,Small Practice,Counseling,5,308,0.386,0.484,0.579,0.233,0.175,100.97,0.623
C00642,Group Practice,Counseling,6,1424,0.937,0.665,0.484,0.35,0.4,171.45,0.521
C00643,Solo Provider,Counseling,1,67,0.74,0.748,0.656,0.525,0.573,73.34,0.727
C00644,Solo Provider,Psychology,1,60,0.819,0.467,0.417,0.196,0.457,73.92,0.925
C00645,Small Practice,Counseling,2,271,0.826,0.776,0.572,0.639,0.288,103.52,0.63
C00646,Group Practice,Therapy,9,1649,0.465,0.428,0.619,0.762,0.513,161.78,0.726
C00647,Solo Provider,Counseling,1,168,0.767,0.882,0.625,0.623,0.529,95.63,0.806
C00648,Small Practice,Psychology,2,257,0.572,0.708,0.248,0.783,0.42,99.49,0.785
C00649,Small Practice,Psychiatry,5,487,1.0,0.674,0.375,0.755,0.745,115.76,0.63
C00650,Solo Provider,Therapy,1,159,0.533,0.526,0.732,0.49,0.242,78.31,0.755
C00651,Solo Provider,Psychology,1,128,0.404,0.696,0.834,0.857,0.454,91.82,0.932
C00652,Group Practice,Therapy,6,1489,0.839,0.972,0.35,0.67,0.512,169.16,0.46
C00653,Small Practice,Psychology,3,493,0.747,0.851,0.566,0.506,0.278,105.46,0.603
C00654,Solo Provider,Therapy,1,70,0.842,0.727,0.637,0.403,0.243,68.46,0.914
C00655,Group Practice,Psychiatry,10,1538,0.678,0.614,0.705,0.732,0.342,170.38,0.588
C00656,Solo Provider,Therapy,1,149,0.955,0.41,0.513,0.48,0.072,39.07,0.866
C00657,Group Practice,Psychiatry,12,1023,0.866,0.555,0.494,0.78,0.529,197.26,0.409
C00658,Solo Provider,Psychiatry,1,130,0.631,0.806,0.28,0.814,0.335,79.77,0.887
C00659,Small Practice,Therapy,4,519,0.628,0.642,0.617,0.38,0.242,91.16,0.798
C00660,Solo Provider,Counseling,1,63,0.753,0.614,0.441,0.755,0.355,67.1,0.764
C00661,Solo Provider,Counseling,1,118,0.599,0.56,0.714,0.633,0.316,50.43,0.898
C00662,Group Practice,Psychiatry,13,1619,0.894,1.0,0.797,0.73,0.778,189.92,0.387
C00663,Solo Provider,Therapy,1,133,0.69,0.896,0.337,0.348,0.403,56.89,0.872
C00664,Solo Provider,Counseling,1,160,0.905,0.866,0.518,0.497,0.628,86.56,0.802
C00665,Solo Provider,Psychology,1,117,0.994,0.8,0.315,0.301,0.323,70.02,0.871
C00666,Small Practice,Psychology,2,575,0.765,0.591,0.31,0.725,0.385,101.05,0.499
C00667,Group Practice,Psychology,8,762,0.636,0.651,0.434,0.513,0.382,153.34,0.378
C00668,Large Practice,Therapy,17,3376,0.566,0.756,0.735,0.907,0.939,278.54,0.368
C00669,Solo Provider,Psychiatry,1,130,0.77,0.659,0.461,0.338,0.494,84.66,0.797
C00670,Solo Provider,Therapy,1,107,0.837,0.537,0.652,0.077,0.658,74.21,0.666
C00671,Solo Provider,Psychology,1,72,0.869,0.591,0.143,0.456,0.335,63.22,0.595
C00672,Small Practice,Counseling,2,388,0.797,0.606,0.774,0.48,0.451,84.75,0.629
C00673,Large Practice,Psychology,39,3592,0.813,0.758,0.991,0.72,1.0,330.63,0.342
C00674,Small Practice,Psychology,5,555,0.447,0.746,0.524,0.797,0.444,115.04,0.645
C00675,Small Practice,Psychology,2,587,0.603,0.632,0.342,0.485,0.677,105.51,0.754
C00676,Solo Provider,Counseling,1,130,0.933,0.502,0.839,0.434,0.669,55.54,1.0
C00677,Group Practice,Therapy,15,571,0.657,0.548,0.754,0.509,0.695,190.41,0.356
C00678,Solo Provider,Psychiatry,1,153,0.758,0.585,0.546,0.273,0.242,71.61,0.757
C00679,Solo Provider,Psychiatry,1,98,0.761,0.746,0.461,0.378,0.591,75.18,0.73
C00680,Solo Provider,Psychology,1,138,0.784,0.541,0.623,0.746,0.517,69.81,0.816
C00681,Solo Provider,Psychiatry,1,166,1.0,0.472,0.597,0.569,0.359,64.33,0.819
C00682,Solo Provider,Counseling,1,66,0.748,1.0,0.626,0.6,0.454,63.02,0.984
C00683,Solo Provider,Psychiatry,1,158,0.673,0.307,0.549,0.656,0.219,56.27,0.944
C00684,Solo Provider,Counseling,1,95,0.718,0.937,0.336,0.562,0.484,77.74,0.857
C00685,Small Practice,Counseling,3,327,0.617,0.954,0.478,0.495,0.606,110.52,0.587
C00686,Solo Provider,Therapy,1,95,0.592,1.0,0.811,0.493,0.446,69.71,0.801
C00687,Solo Provider,Counseling,1,141,0.694,0.376,0.504,0.505,0.415,61.95,0.792
C00688,Large Practice,Counseling,25,3499,0.78,0.901,0.899,0.766,0.893,316.14,0.102
C00689,Small Practice,Therapy,3,265,1.0,0.494,0.327,0.598,0.458,105.84,0.684
C00690,Small Practice,Psychiatry,5,200,0.477,0.701,0.333,0.326,0.383,123.35,0.693
C00691,Solo Provider,Counseling,1,153,0.847,0.908,0.563,0.574,0.744,73.93,0.668
C00692,Group Practice,Counseling,11,1686,0.834,0.474,0.73,0.731,0.67,202.22,0.53
C00693,Solo Provider,Psychiatry,1,165,0.78,0.517,0.32,0.812,0.246,73.69,0.864
C00694,Solo Provider,Psychology,1,105,0.876,0.352,0.599,0.502,0.278,78.63,0.775
C00695,Group Practice,Therapy,13,779,0.681,0.445,0.485,0.784,0.392,211.37,0.438
C00696,Small Practice,Psychology,4,222,0.811,0.459,0.326,0.683,0.38,105.42,0.767
C00697,Small Practice,Psychology,5,538,0.629,0.72,0.406,0.752,0.521,108.0,0.564
C00698,Small Practice,Psychiatry,4,357,0.903,0.413,0.455,0.875,0.412,122.63,0.678
C00699,Small Practice,Psychiatry,2,415,0.574,0.61,0.676,0.714,0.509,120.6,0.646
C00700,Solo Provider,Counseling,1,168,0.802,0.832,0.735,0.519,0.329,89.42,0.94
C00701,Solo Provider,Psychiatry,1,121,0.633,0.469,0.663,0.25,0.129,60.61,0.783
C00702,Solo Provider,Psychiatry,1,86,0.733,0.698,0.393,0.858,0.432,55.64,0.913
C00703,Solo Provider,Psychiatry,1,127,0.48,0.733,0.743,0.34,0.39,58.38,0.676
C00704,Group Practice,Psychiatry,12,1348,0.626,0.415,0.431,0.323,0.637,180.52,0.51
C00705,Solo Provider,Psychiatry,1,158,0.851,0.777,0.466,0.485,0.271,86.4,0.819
C00706,Small Practice,Psychology,3,384,0.662,0.747,0.33,0.66,0.279,136.04,0.719
C00707,Small Practice,Counseling,4,180,1.0,0.738,0.398,0.413,0.777,104.32,0.699
C00708,Small Practice,Psychology,4,229,0.765,0.648,0.562,0.85,0.253,106.82,0.714
C00709,Solo Provider,Therapy,1,136,0.625,0.843,0.246,0.11,0.402,43.49,0.786
C00710,Solo Provider,Psychiatry,1,110,0.99,0.733,0.468,0.885,0.521,64.17,0.977
C00711,Large Practice,Psychology,21,3080,0.793,0.725,0.952,0.475,0.834,288.2,0.399
C00712,Small Practice,Psychology,4,451,0.778,0.51,0.466,0.371,0.308,93.6,0.626
C00713,Group Practice,Counseling,11,651,0.505,1.0,0.54,0.688,0.284,176.96,0.586
C00714,Group Practice,Psychiatry,14,1143,0.635,0.806,0.217,0.528,0.584,209.82,0.437
C00715,Small Practice,Psychiatry,4,590,0.849,0.976,0.611,0.433,0.229,124.32,0.725
C00716,Solo Provider,Psychology,1,153,0.782,0.872,0.854,0.654,0.203,89.51,0.805
C00717,Small Practice,Therapy,2,157,0.926,0.638,0.53,0.464,0.41,82.28,0.671
C00718,Solo Provider,Psychology,1,168,0.515,0.577,0.346,0.684,0.522,53.74,0.856
C00719,Small Practice,Counseling,3,540,0.498,0.623,0.592,0.705,0.475,108.69,0.776
C00720,Large Practice,Psychology,28,2071,0.831,0.813,0.791,0.9,0.81,301.2,0.099
C00721,Small Practice,Psychiatry,3,233,0.749,0.374,0.387,0.462,0.584,88.81,0.597
C00722,Solo Provider,Counseling,1,160,0.755,0.611,0.584,0.34,0.4,63.74,1.0
C00723,Solo Provider,Psychology,1,128,0.451,0.496,0.534,0.456,0.46,49.79,0.842
C00724,Large Practice,Psychology,22,3470,0.514,0.512,0.814,1.0,0.595,279.06,0.315
C00725,Solo Provider,Counseling,1,178,0.799,0.863,0.404,0.684,0.568,80.78,0.978
C00726,Solo Provider,Therapy,1,177,0.629,0.387,0.423,0.531,0.352,46.67,0.86
C00727,Solo Provider,Counseling,1,77,0.673,1.0,0.614,0.617,0.427,52.63,0.763
C00728,Solo Provider,Psychology,1,108,0.333,0.591,0.464,0.436,0.694,80.8,0.982
C00729,Solo Provider,Psychology,1,70,0.561,0.996,0.558,0.352,0.373,59.96,0.896
C00730,Small Practice,Therapy,5,495,0.747,0.452,0.484,0.386,0.57,109.51,0.559
C00731,Solo Provider,Counseling,1,72,0.53,0.437,0.422,0.543,0.423,63.08,0.623
C00732,Solo Provider,Therapy,1,179,0.587,0.746,0.425,0.498,0.256,48.7,0.972
C00733,Solo Provider,Counseling,1,107,0.716,0.605,0.35,0.204,0.264,79.14,0.704
C00734,Solo Provider,Counseling,1,79,1.0,0.641,0.254,0.637,0.221,58.53,0.745
C00735,Solo Provider,Psychiatry,1,79,0.647,0.414,0.36,0.685,0.363,39.41,0.813
C00736,Small Practice,Psychiatry,2,255,0.597,0.852,0.503,0.428,0.134,104.26,0.867
C00737,Solo Provider,Therapy,1,145,0.829,0.977,0.499,0.742,0.296,65.36,0.874
C00738,Solo Provider,Psychiatry,1,73,0.715,0.422,0.514,0.459,0.07,55.84,0.754
C00739,Solo Provider,Therapy,1,125,0.828,0.701,0.682,0.6,0.285,66.68,0.794
C00740,Solo Provider,Counseling,1,118,0.709,0.537,0.466,0.59,0.217,45.84,0.832
C00741,Solo Provider,Psychology,1,141,0.866,0.745,0.709,0.322,0.538,69.98,0.894
C00742,Solo Provider,Therapy,1,73,0.537,0.408,0.352,0.299,0.607,65.58,0.65
C00743,Group Practice,Counseling,8,1425,0.754,0.73,0.712,0.52,0.507,188.25,0.421
C00744,Solo Provider,Therapy,1,167,1.0,0.435,0.16,0.609,0.529,77.47,0.996
C00745,Small Practice,Psychology,5,535,0.949,0.914,0.657,0.342,0.439,108.7,0.68
C00746,Solo Provider,Therapy,1,120,0.935,0.514,0.585,0.566,0.239,47.48,0.692
C00747,Solo Provider,Therapy,1,120,0.773,0.639,0.341,0.193,0.433,53.87,0.783
C00748,Solo Provider,Therapy,1,142,0.664,0.735,0.416,0.31,0.359,64.04,0.905
C00749,Small Practice,Psychiatry,5,197,0.651,0.49,0.387,0.277,0.617,104.54,0.696
C00750,Group Practice,Psychology,12,1032,0.751,0.518,0.581,0.563,0.943,188.04,0.552
C00751,Solo Provider,Counseling,1,157,0.905,0.873,0.258,0.474,0.366,64.45,0.861
C00752,Solo Provider,Counseling,1,89,0.631,0.839,0.248,0.439,0.091,62.94,0.697
C00753,Solo Provider,Psychology,1,150,0.75,0.594,0.634,0.742,0.358,66.9,0.825
C00754,Solo Provider,Psychology,1,91,0.521,0.973,0.636,0.308,0.25,60.67,0.842
C00755,Small Practice,Psychiatry,4,365,0.646,0.924,0.511,0.959,0.512,139.43,0.515
C00756,Solo Provider,Psychiatry,1,173,0.865,0.718,0.562,0.31,0.097,78.64,0.796
C00757,Solo Provider,Counseling,1,89,0.956,0.888,0.468,0.713,0.596,75.35,0.792
C00758,Group Practice,Psychology,12,704,0.338,0.7,0.738,0.669,0.618,157.65,0.446
C00759,Solo Provider,Psychology,1,157,0.949,0.584,0.372,0.743,0.515,82.79,0.827
C00760,Solo Provider,Therapy,1,77,0.688,0.883,0.363,0.342,0.38,72.79,0.81
C00761,Small Practice,Psychiatry,4,181,0.318,0.816,0.348,0.444,0.095,97.99,0.752
C00762,Solo Provider,Psychology,1,112,0.747,0.705,0.156,0.345,0.3,57.09,0.725
C00763,Solo Provider,Psychiatry,1,167,0.851,0.384,0.464,0.633,0.229,71.28,0.781
C00764,Solo Provider,Psychology,1,137,0.702,0.771,0.479,0.459,0.192,65.31,0.825
C00765,Group Practice,Counseling,14,753,0.787,0.878,0.561,0.544,0.487,208.17,0.282
C00766,Solo Provider,Therapy,1,152,0.571,0.447,0.407,0.394,0.584,47.53,0.675
C00767,Solo Provider,Counseling,1,93,0.783,0.631,0.432,0.607,0.389,52.09,0.795
C00768,Solo Provider,Counseling,1,69,0.595,0.455,0.505,0.206,0.301,59.04,0.783
C00769,Solo Provider,Psychiatry,1,162,0.76,0.591,0.365,0.724,0.32,64.31,0.942
C00770,Small Practice,Counseling,5,266,0.886,0.625,0.56,0.489,0.454,121.27,0.803
C00771,Solo Provider,Therapy,1,79,0.499,0.438,0.498,0.643,0.29,81.62,0.73
C00772,Small Practice,Psychiatry,2,544,0.859,0.571,0.402,0.685,0.347,90.25,0.589
C00773,Small Practice,Therapy,2,253,0.831,0.378,0.574,0.404,0.354,94.98,0.635
C00774,Group Practice,Psychology,9,1468,0.633,0.547,0.783,0.612,0.493,169.46,0.386
C00775,Solo Provider,Counseling,1,123,0.604,0.788,0.352,0.13,0.377,53.27,0.772
C00776,Group Practice,Psychology,7,1698,0.29,0.934,0.713,0.477,0.408,172.3,0.5
C00777,Small Practice,Psychology,3,190,0.457,1.0,0.638,0.563,0.43,114.4,0.712
C00778,Solo Provider,Therapy,1,74,0.647,0.568,0.441,0.643,0.099,54.7,0.665
C00779,Small Practice,Counseling,2,290,0.825,0.944,0.437,0.665,0.493,106.0,0.704
C00780,Group Practice,Therapy,9,786,0.54,0.446,0.637,0.599,0.45,167.76,0.516
C00781,Solo Provider,Psychology,1,124,0.563,0.602,0.588,0.338,0.399,55.9,0.794
C00782,Group Practice,Psychology,7,1201,0.464,0.67,0.35,0.766,0.462,180.35,0.393
C00783,Solo Provider,Counseling,1,107,0.588,0.321,0.661,0.83,0.117,67.28,0.718
C00784,Small Practice,Counseling,3,569,0.695,0.629,0.556,0.373,0.433,96.08,0.538
C00785,Large Practice,Psychology,18,3235,0.639,0.547,0.862,0.706,0.692,242.78,0.298
C00786,Solo Provider,Psychology,1,144,0.4,0.593,0.507,0.472,0.238,57.88,0.776
C00787,Group Practice,Psychiatry,8,1746,0.808,0.55,0.563,0.643,0.558,172.42,0.615
C00788,Solo Provider,Psychology,1,165,0.526,0.535,0.145,0.538,0.465,65.39,0.544
C00789,Small Practice,Psychology,2,494,0.782,0.435,0.596,0.526,0.475,106.45,0.637
C00790,Small Practice,Psychology,5,529,0.669,0.701,0.712,0.537,0.271,123.97,0.718
C00791,Solo Provider,Psychology,1,119,0.893,0.779,0.113,0.404,0.28,82.32,0.804
C00792,Solo Provider,Psychiatry,1,91,1.0,0.581,0.35,0.656,0.507,62.99,0.865
C00793,Solo Provider,Therapy,1,83,0.775,0.464,0.345,0.496,0.245,55.51,0.905
C00794,Solo Provider,Therapy,1,97,0.568,0.837,0.365,0.706,0.528,72.24,0.755
C00795,Solo Provider,Psychiatry,1,123,0.629,0.748,0.436,0.441,0.375,64.95,0.642
C00796,Solo Provider,Psychiatry,1,109,0.721,0.821,0.408,0.434,0.2,87.12,0.759
C00797,Solo Provider,Psychology,1,66,0.741,0.545,0.314,0.24,0.243,53.37,0.876
C00798,Solo Provider,Counseling,1,86,0.573,0.767,0.453,0.405,0.322,78.89,1.0
C00799,Small Practice,Psychology,5,260,0.437,0.623,0.428,0.652,0.599,98.1,0.683
C00800,Small Practice,Counseling,3,177,0.793,0.78,0.516,0.558,0.412,113.37,0.677
C00801,Small Practice,Psychology,3,479,0.704,0.641,0.482,0.403,0.285,89.53,0.704
C00802,Solo Provider,Counseling,1,173,0.822,0.641,0.588,0.62,0.494,78.23,0.752
C00803,Group Practice,Counseling,10,1043,0.467,0.956,0.94,0.781,0.651,181.26,0.509
C00804,Small Practice,Therapy,3,552,0.845,0.475,0.336,0.468,0.502,98.48,0.563
C00805,Solo Provider,Psychology,1,84,0.548,0.211,0.311,0.556,0.441,70.19,0.849
C00806,Solo Provider,Psychology,1,136,0.606,0.499,0.521,0.476,0.504,83.21,0.838
C00807,Small Practice,Counseling,5,557,0.86,1.0,0.533,0.645,0.3,123.91,0.739
C00808,Solo Provider,Psychology,1,165,0.788,0.7,0.524,0.65,0.446,82.27,0.786
C00809,Small Practice,Therapy,5,530,0.617,0.65,0.26,0.659,0.623,110.31,0.624
C00810,Large Practice,Therapy,17,4710,0.642,0.692,0.587,0.664,0.52,263.23,0.359
C00811,Solo Provider,Therapy,1,62,0.635,0.657,0.432,0.706,0.302,59.43,0.864
C00812,Solo Provider,Therapy,1,103,0.856,0.845,0.686,0.562,0.554,62.92,0.962
C00813,Large Practice,Therapy,39,2196,0.476,0.841,0.809,0.665,0.887,316.62,0.126
C00814,Small Practice,Counseling,5,271,0.446,0.642,0.528,0.242,0.333,94.74,0.643
C00815,Solo Provider,Psychiatry,1,160,0.651,0.862,0.787,0.459,0.17,69.95,0.777
C00816,Group Practice,Psychology,12,670,0.792,1.0,0.373,0.558,0.797,194.0,0.398
C00817,Group Practice,Counseling,7,1402,0.886,0.994,0.605,0.287,0.371,149.32,0.669
C00818,Small Practice,Psychology,5,497,0.323,0.407,0.658,0.566,0.384,79.76,0.569
C00819,Small Practice,Psychiatry,5,420,0.658,0.376,0.53,0.659,0.41,106.96,0.662
C00820,Solo Provider,Psychiatry,1,87,0.708,0.782,0.62,0.646,0.267,75.67,0.864
C00821,Solo Provider,Counseling,1,131,0.594,0.566,0.567,0.746,0.096,79.41,0.964
C00822,Small Practice,Psychology,4,385,0.664,0.72,0.414,0.518,0.201,127.69,0.476
C00823,Solo Provider,Counseling,1,146,0.731,0.644,0.341,0.46,0.382,56.19,0.78
C00824,Small Practice,Therapy,4,394,0.728,0.721,0.616,0.519,0.397,94.86,0.798
C00825,Group Practice,Therapy,11,1555,0.783,0.537,0.453,0.782,0.526,201.89,0.324
C00826,Solo Provider,Therapy,1,178,0.458,0.634,0.182,0.558,0.272,60.34,0.882
C00827,Small Practice,Psychology,3,175,0.636,0.361,0.531,0.493,0.131,85.89,0.544
C00828,Solo Provider,Psychology,1,71,0.806,0.587,0.536,0.165,0.283,63.55,0.84
C00829,Group Practice,Psychiatry,15,1660,0.694,0.711,0.674,0.826,0.668,213.59,0.501
C00830,Solo Provider,Psychiatry,1,78,0.824,0.963,0.364,0.241,0.347,82.08,0.777
C00831,Small Practice,Psychology,5,405,0.688,0.723,0.54,0.531,0.494,127.33,0.758
C00832,Small Practice,Counseling,3,432,0.578,0.926,0.333,0.84,0.606,117.84,0.799
C00833,Solo Provider,Counseling,1,113,0.544,0.705,0.364,0.458,0.46,51.18,0.783
C00834,Small Practice,Psychiatry,3,221,0.777,0.605,0.602,0.552,0.604,123.71,0.665
C00835,Small Practice,Psychology,3,270,0.769,0.578,0.366,0.733,0.537,114.85,0.449
C00836,Small Practice,Therapy,3,296,0.592,0.5,0.256,0.479,0.377,99.51,0.73
C00837,Small Practice,Counseling,2,472,0.736,0.604,0.34,0.254,0.48,102.32,0.695
C00838,Large Practice,Therapy,24,4866,0.726,0.402,0.662,0.794,0.821,268.57,0.137
C00839,Solo Provider,Psychiatry,1,162,0.645,0.823,0.343,0.536,0.405,70.58,0.775
C00840,Small Practice,Psychology,3,413,0.602,0.908,0.721,0.679,0.569,99.87,0.467
C00841,Solo Provider,Counseling,1,130,1.0,0.594,0.577,0.576,0.421,57.91,0.798
C00842,Small Practice,Therapy,5,336,0.892,0.539,0.245,0.634,0.503,120.81,0.727
C00843,Small Practice,Psychology,3,473,0.569,0.593,0.618,0.179,0.423,108.1,0.743
C00844,Solo Provider,Therapy,1,84,0.806,0.841,0.053,0.786,0.418,55.19,0.933
C00845,Solo Provider,Therapy,1,94,0.968,0.483,0.418,0.602,0.484,73.56,0.908
C00846,Group Practice,Psychiatry,14,1469,0.806,0.78,0.388,0.909,0.229,174.71,0.553
C00847,Solo Provider,Psychology,1,119,0.806,0.742,0.459,0.589,0.355,95.6,0.871
C00848,Small Practice,Psychiatry,2,461,0.222,0.575,0.407,0.46,0.247,74.46,0.737
C00849,Solo Provider,Counseling,1,166,0.796,0.707,0.538,0.673,0.376,77.48,0.765
C00850,Large Practice,Psychology,35,4083,0.833,0.342,0.947,0.739,1.0,306.22,0.373
C00851,Solo Provider,Psychiatry,1,94,0.591,0.757,0.445,0.754,0.634,77.89,0.9
C00852,Solo Provider,Psychiatry,1,134,0.736,0.564,0.364,0.392,0.367,46.71,0.846
C00853,Group Practice,Psychiatry,7,667,0.732,0.766,0.551,0.626,0.29,165.71,0.359
C00854,Group Practice,Therapy,15,1210,0.735,0.497,0.64,0.937,0.702,181.41,0.434
C00855,Solo Provider,Psychology,1,64,0.593,0.651,0.506,0.608,0.426,63.04,0.763
C00856,Solo Provider,Counseling,1,113,0.617,0.417,0.219,0.452,0.509,81.16,0.742
C00857,Small Practice,Psychiatry,5,513,0.866,0.514,0.414,0.575,0.512,111.86,0.632
C00858,Group Practice,Psychiatry,6,733,0.487,0.589,0.462,0.492,0.519,138.23,0.4
C00859,Solo Provider,Counseling,1,156,0.665,0.458,0.539,0.649,0.042,66.73,0.723
C00860,Small Practice,Psychology,3,295,0.817,0.839,0.471,0.404,0.057,120.19,0.731
C00861,Small Practice,Psychiatry,3,374,0.671,0.453,0.621,0.514,0.476,104.38,0.68
C00862,Small Practice,Therapy,4,542,0.86,0.556,0.372,0.123,0.37,101.77,0.541
C00863,Small Practice,Counseling,2,333,0.666,0.796,0.54,0.504,0.639,100.45,0.724
C00864,Small Practice,Psychology,2,572,0.818,0.687,0.312,0.676,0.575,123.09,0.768
C00865,Solo Provider,Psychology,1,166,0.959,0.711,0.434,0.201,0.37,65.05,0.852
C00866,Group Practice,Psychiatry,15,1230,0.657,0.766,0.521,0.708,0.685,210.37,0.562
C00867,Group Practice,Therapy,8,917,0.728,0.689,0.667,0.687,0.708,182.72,0.217
C00868,Small Practice,Psychiatry,5,405,0.665,0.242,0.516,0.439,0.692,97.7,0.688
C00869,Solo Provider,Counseling,1,142,0.392,0.756,0.569,0.475,0.459,80.45,0.765
C00870,Solo Provider,Psychiatry,1,121,0.454,0.399,0.77,0.67,0.179,68.43,0.643
C00871,Small Practice,Psychology,4,561,0.652,0.641,0.496,0.74,0.697,98.74,0.602
C00872,Solo Provider,Counseling,1,134,0.758,0.944,0.405,0.657,0.242,54.8,0.802
C00873,Large Practice,Therapy,29,4139,0.683,0.759,1.0,0.782,0.572,296.39,0.28
C00874,Solo Provider,Therapy,1,64,0.676,0.918,0.485,0.494,0.251,70.55,0.625
C00875,Small Practice,Therapy,4,201,0.541,0.642,0.488,0.442,0.303,97.06,0.691
C00876,Group Practice,Counseling,8,1065,0.571,0.627,0.709,0.631,0.458,187.55,0.481
C00877,Solo Provider,Psychology,1,102,0.774,0.697,0.561,0.485,0.396,50.59,0.751
C00878,Solo Provider,Counseling,1,118,0.752,0.598,0.62,0.389,0.102,43.84,0.73
C00879,Small Practice,Counseling,4,221,0.587,0.827,0.655,0.391,0.301,114.38,0.703
C00880,Small Practice,Psychiatry,5,388,0.742,0.254,0.443,0.746,0.891,100.3,0.626
C00881,Solo Provider,Therapy,1,131,0.623,0.662,0.364,0.355,0.304,59.75,0.84
C00882,Small Practice,Psychiatry,5,302,0.599,0.576,0.375,0.44,0.537,83.54,0.627
C00883,Group Practice,Psychology,8,1124,0.763,0.401,0.515,0.461,0.596,167.86,0.413
C00884,Solo Provider,Psychiatry,1,78,0.478,0.903,0.564,0.385,0.397,67.5,0.897
C00885,Solo Provider,Therapy,1,123,0.934,1.0,0.446,0.413,0.22,81.95,0.579
C00886,Solo Provider,Counseling,1,102,0.831,0.844,0.303,0.354,0.63,61.91,0.793
C00887,Solo Provider,Psychiatry,1,63,0.543,0.625,0.691,0.629,0.395,87.3,0.959
C00888,Solo Provider,Psychology,1,165,1.0,0.605,0.63,0.445,0.503,78.07,0.775
C00889,Solo Provider,Counseling,1,155,1.0,0.821,0.537,0.38,0.396,80.67,0.699
C00890,Small Practice,Psychology,2,343,0.673,0.949,0.708,0.549,0.471,102.98,0.591
C00891,Solo Provider,Psychology,1,87,0.628,0.631,0.216,0.61,0.521,35.2,0.799
C00892,Large Practice,Therapy,24,2114,0.491,0.54,1.0,0.374,0.66,266.77,0.383
C00893,Solo Provider,Psychology,1,171,0.583,1.0,0.522,0.671,0.442,88.12,0.816
C00894,Solo Provider,Counseling,1,174,0.447,0.644,0.459,0.439,0.515,89.55,0.826
C00895,Small Practice,Counseling,4,510,0.905,0.434,0.389,0.425,0.62,94.23,0.553
C00896,Group Practice,Therapy,12,546,1.0,0.624,0.709,0.45,0.71,172.67,0.273
C00897,Solo Provider,Therapy,1,146,0.59,0.689,0.346,0.771,0.443,82.22,0.731
C00898,Solo Provider,Therapy,1,125,0.611,0.811,0.097,0.637,0.261,86.49,0.729
C00899,Solo Provider,Counseling,1,94,0.62,0.822,0.507,0.577,0.33,86.74,0.77
C00900,Small Practice,Psychiatry,3,478,0.625,0.462,0.407,0.703,0.581,85.72,0.705
C00901,Solo Provider,Psychology,1,119,0.896,0.681,0.762,0.287,0.471,83.56,0.698
C00902,Solo Provider,Psychiatry,1,126,0.792,0.974,0.54,0.443,0.294,62.45,0.775
C00903,Solo Provider,Psychology,1,173,0.891,0.381,0.471,0.523,0.251,82.33,0.844
C00904,Solo Provider,Counseling,1,83,0.834,0.892,0.357,0.518,0.253,70.49,0.824
C00905,Large Practice,Psychiatry,21,4040,0.897,0.774,0.636,0.522,0.806,274.27,0.45
C00906,Small Practice,Counseling,5,256,1.0,0.738,0.551,0.361,0.442,114.2,0.719
C00907,Solo Provider,Psychiatry,1,83,0.691,0.539,0.715,0.664,0.289,73.38,0.683
C00908,Solo Provider,Therapy,1,97,0.626,0.575,0.295,0.34,0.392,91.69,0.773
C00909,Solo Provider,Therapy,1,93,0.527,0.374,0.525,0.445,0.568,43.23,0.828
C00910,Solo Provider,Psychiatry,1,174,0.547,0.528,0.531,0.333,0.391,63.56,0.666
C00911,Small Practice,Psychology,2,557,0.919,0.694,0.357,0.778,0.359,96.27,0.727
C00912,Group Practice,Counseling,10,1178,0.58,0.708,0.721,0.536,0.447,164.43,0.486
C00913,Group Practice,Counseling,13,1595,0.753,0.631,0.626,0.745,0.683,173.94,0.434
C00914,Large Practice,Psychology,30,2705,0.788,0.675,0.818,0.727,0.983,308.45,0.278
C00915,Large Practice,Psychiatry,38,4008,0.653,0.821,1.0,1.0,0.706,305.67,0.203
C00916,Large Practice,Therapy,36,2595,0.717,0.678,1.0,0.816,1.0,310.48,0.481
C00917,Solo Provider,Counseling,1,140,0.597,0.665,0.386,0.218,0.149,72.41,0.902
C00918,Solo Provider,Psychiatry,1,86,0.94,0.691,0.316,0.438,0.144,65.37,0.647
C00919,Solo Provider,Counseling,1,158,0.994,0.635,0.261,0.491,0.326,69.89,0.751
C00920,Small Practice,Psychology,2,587,0.72,0.767,0.693,0.577,0.542,103.21,0.606
C00921,Solo Provider,Counseling,1,148,0.902,0.403,0.405,0.704,0.336,65.32,0.771
C00922,Group Practice,Counseling,13,1324,0.863,0.816,0.647,0.842,0.635,178.1,0.536
C00923,Small Practice,Psychology,4,314,0.733,0.155,0.759,0.549,0.363,109.09,0.589
C00924,Small Practice,Psychology,5,190,0.613,0.55,0.481,0.472,0.568,111.56,0.677
C00925,Solo Provider,Therapy,1,118,0.686,0.466,0.736,0.67,0.61,70.08,0.903
C00926,Solo Provider,Therapy,1,172,0.348,0.429,0.56,0.495,0.305,62.26,0.55
C00927,Solo Provider,Psychology,1,64,0.591,0.803,0.311,0.353,0.396,58.67,0.887
C00928,Group Practice,Psychology,12,981,0.508,0.388,0.399,0.363,0.616,155.19,0.352
C00929,Small Practice,Psychology,3,211,0.365,0.798,0.653,0.685,0.266,108.37,0.678
C00930,Small Practice,Psychiatry,2,413,0.725,0.425,0.386,0.587,0.612,110.16,0.765
C00931,Solo Provider,Psychology,1,100,0.712,0.636,0.248,0.37,0.248,71.47,0.857
C00932,Solo Provider,Counseling,1,102,0.877,0.663,0.318,0.504,0.259,60.38,0.866
C00933,Solo Provider,Therapy,1,68,0.685,0.775,0.354,0.676,0.166,64.18,0.831
C00934,Small Practice,Psychiatry,5,362,0.494,0.374,0.638,0.494,0.426,115.25,0.584
C00935,Small Practice,Counseling,4,274,0.736,0.439,0.585,0.379,0.323,98.62,0.513
C00936,Solo Provider,Therapy,1,79,0.734,0.57,0.481,0.53,0.378,54.91,0.818
C00937,Group Practice,Psychiatry,10,527,0.437,0.754,0.435,0.82,0.163,149.55,0.617
C00938,Solo Provider,Psychiatry,1,92,0.52,0.704,0.558,0.464,0.502,63.98,0.72
C00939,Group Practice,Psychology,6,1186,0.619,0.302,0.536,0.552,0.62,157.27,0.321
C00940,Solo Provider,Psychiatry,1,105,0.744,0.749,0.533,0.59,0.641,62.84,0.809
C00941,Solo Provider,Counseling,1,162,0.796,0.548,0.449,0.575,0.245,71.33,0.749
C00942,Group Practice,Therapy,15,877,0.846,0.472,0.527,1.0,0.39,210.64,0.447
C00943,Solo Provider,Psychiatry,1,176,0.902,0.767,0.464,0.49,0.05,66.19,0.768
C00944,Solo Provider,Psychology,1,75,0.735,1.0,0.507,0.619,0.543,73.99,0.854
C00945,Solo Provider,Therapy,1,94,0.845,0.587,0.532,0.483,0.462,71.57,0.699
C00946,Solo Provider,Counseling,1,125,0.933,0.61,0.741,0.54,0.36,68.46,0.812
C00947,Small Practice,Psychology,4,429,0.832,1.0,0.582,0.64,0.395,109.87,0.766
C00948,Group Practice,Counseling,12,1505,0.465,0.555,0.685,0.798,0.706,166.78,0.292
C00949,Group Practice,Psychiatry,14,1193,0.588,0.811,0.415,0.651,0.597,171.51,0.498
C00950,Solo Provider,Psychiatry,1,164,0.726,0.745,0.616,0.451,0.484,86.77,0.849
C00951,Small Practice,Counseling,4,213,0.441,0.638,0.523,0.636,0.192,110.68,0.619
C00952,Solo Provider,Therapy,1,135,0.684,0.595,0.751,0.33,0.553,67.85,0.902
C00953,Solo Provider,Psychiatry,1,73,0.695,0.683,0.376,0.439,0.315,60.37,0.768
C00954,Solo Provider,Psychiatry,1,150,0.364,0.668,0.386,0.195,0.315,73.12,0.762
C00955,Group Practice,Psychiatry,14,869,0.8,0.899,0.566,0.66,0.861,197.37,0.473
C00956,Group Practice,Psychiatry,7,541,0.803,0.643,0.28,0.524,0.299,150.51,0.461
C00957,Small Practice,Psychology,2,343,0.707,0.425,0.406,0.629,0.558,88.83,0.56
C00958,Small Practice,Therapy,3,370,0.699,0.666,0.384,0.573,0.661,119.13,0.675
C00959,Solo Provider,Counseling,1,94,0.546,0.527,0.297,0.549,0.552,63.1,0.816
C00960,Small Practice,Counseling,2,358,0.753,0.427,0.31,0.677,0.344,96.06,0.62
C00961,Small Practice,Therapy,5,448,0.725,0.516,0.419,0.527,0.485,104.58,0.646
C00962,Solo Provider,Counseling,1,82,0.707,0.643,0.348,0.7,0.296,42.44,0.813
C00963,Solo Provider,Psychiatry,1,67,0.535,0.474,0.828,0.554,0.552,84.59,0.886
C00964,Solo Provider,Therapy,1,136,0.67,0.939,0.592,0.519,0.407,71.79,0.786
C00965,Large Practice,Psychiatry,38,1513,0.757,0.963,0.839,1.0,0.979,317.49,0.427
C00966,Solo Provider,Counseling,1,174,0.676,0.338,0.726,0.352,0.381,49.57,0.695
C00967,Large Practice,Counseling,23,1558,0.611,0.44,0.79,0.524,0.783,245.63,0.287
C00968,Solo Provider,Psychology,1,108,0.622,0.734,0.305,0.599,0.433,67.41,0.698
C00969,Small Practice,Counseling,3,178,0.569,0.613,0.668,0.39,0.473,100.28,0.542
C00970,Solo Provider,Psychiatry,1,146,0.339,0.554,0.529,0.55,0.29,70.96,0.69
C00971,Solo Provider,Counseling,1,66,0.652,0.748,0.522,0.436,0.529,84.06,0.741
C00972,Solo Provider,Psychology,1,134,0.858,0.617,0.847,0.538,0.404,60.13,0.798
C00973,Solo Provider,Therapy,1,141,0.894,0.547,0.603,0.709,0.458,70.02,0.731
C00974,Group Practice,Therapy,7,1464,0.683,0.794,0.519,0.484,0.431,165.62,0.572
C00975,Solo Provider,Psychiatry,1,145,0.614,0.689,0.4,0.865,0.395,66.58,1.0
C00976,Small Practice,Therapy,4,254,0.718,0.801,0.327,0.607,0.262,83.87,0.676
C00977,Solo Provider,Psychiatry,1,69,0.686,0.847,0.547,0.302,0.083,79.99,0.85
C00978,Solo Provider,Counseling,1,109,1.0,0.649,0.171,0.247,0.483,81.79,0.813
C00979,Small Practice,Therapy,5,587,0.718,0.651,0.504,0.495,0.386,109.34,0.667
C00980,Solo Provider,Psychology,1,129,0.738,0.867,0.285,0.204,0.521,60.27,0.706
C00981,Large Practice,Counseling,35,2639,0.605,0.388,0.89,1.0,0.979,304.9,0.35
C00982,Group Practice,Psychiatry,8,1474,0.622,0.813,0.494,0.238,0.541,159.19,0.527
C00983,Small Practice,Psychology,3,355,0.572,0.771,0.757,0.542,0.37,124.39,0.639
C00984,Solo Provider,Psychiatry,1,67,1.0,0.7,0.367,0.413,0.377,61.59,0.596
C00985,Solo Provider,Psychiatry,1,141,0.632,0.693,0.756,0.521,0.08,68.38,0.709
C00986,Group Practice,Counseling,15,1652,0.944,0.823,0.815,0.643,0.785,208.48,0.36
C00987,Solo Provider,Psychology,1,141,0.483,0.757,0.675,0.443,0.602,57.38,0.634
C00988,Solo Provider,Psychiatry,1,108,0.678,0.583,0.365,0.535,0.289,67.44,0.764
C00989,Solo Provider,Counseling,1,146,0.684,0.534,0.284,0.642,0.624,74.46,0.906
C00990,Small Practice,Counseling,5,209,0.657,0.84,0.183,0.498,0.55,110.79,0.536
C00991,Small Practice,Counseling,3,233,0.482,0.666,0.402,0.607,0.504,103.4,0.69
C00992,Small Practice,Counseling,5,318,0.524,0.644,0.406,0.735,0.542,129.92,0.718
C00993,Small Practice,Psychiatry,4,593,0.618,0.586,0.27,0.289,0.515,85.99,0.51
C00994,Solo Provider,Psychiatry,1,140,0.685,0.576,0.598,0.522,0.248,74.73,0.897
C00995,Group Practice,Therapy,12,1613,0.738,0.521,0.519,0.962,0.585,185.75,0.428
C00996,Solo Provider,Psychology,1,86,0.595,0.554,0.564,0.254,0.517,62.56,0.639
C00997,Small Practice,Counseling,5,350,0.542,0.884,0.682,0.756,0.223,113.12,0.545
C00998,Solo Provider,Psychology,1,179,0.807,0.506,0.378,0.32,0.617,67.81,0.753
C00999,Large Practice,Psychology,31,3711,0.866,0.479,1.0,0.655,1.0,300.84,0.128
C01000,Solo Provider,Counseling,1,123,0.805,0.726,0.308,0.387,0.57,78.95,0.847
C01001,Solo Provider,Therapy,1,86,0.711,0.599,0.58,0.556,0.343,79.8,0.659
C01002,Solo Provider,Psychiatry,1,160,0.609,0.862,0.502,0.557,0.501,74.81,0.867
C01003,Solo Provider,Psychology,1,168,0.672,1.0,0.355,0.639,0.355,84.41,0.845
C01004,Solo Provider,Therapy,1,171,0.79,0.698,0.369,0.726,0.475,85.31,0.757
C01005,Small Practice,Counseling,5,262,0.696,0.573,0.638,0.478,0.554,104.87,0.709
C01006,Solo Provider,Therapy,1,65,0.974,0.516,0.254,0.658,0.046,63.36,0.949
C01007,Group Practice,Counseling,7,1221,0.558,0.356,0.612,0.358,0.551,157.9,0.42
C01008,Solo Provider,Psychology,1,104,0.794,0.856,0.37,0.507,0.273,56.95,0.816
C01009,Small Practice,Counseling,3,281,0.637,0.703,0.495,0.622,0.388,105.57,0.592
C01010,Solo Provider,Counseling,1,63,0.562,0.752,0.422,0.547,0.401,71.83,0.96
C01011,Small Practice,Psychology,2,553,0.596,0.794,0.439,0.265,0.357,85.17,0.669
C01012,Small Practice,Counseling,4,153,0.689,0.64,0.695,0.325,0.727,116.26,0.647
C01013,Solo Provider,Psychiatry,1,94,0.441,0.46,0.386,0.681,0.16,63.46,0.714
C01014,Large Practice,Psychology,22,3961,0.766,0.473,0.54,0.856,0.961,266.32,0.265
C01015,Solo Provider,Counseling,1,86,0.636,0.721,0.43,0.751,0.507,49.23,0.818
C01016,Solo Provider,Therapy,1,131,0.618,0.516,0.494,0.548,0.117,61.99,0.88
C01017,Small Practice,Psychiatry,3,562,0.812,0.512,0.684,0.512,0.631,125.58,0.561
C01018,Group Practice,Therapy,7,1064,1.0,0.479,0.713,0.522,0.583,159.15,0.446
C01019,Solo Provider,Psychology,1,118,0.28,1.0,0.476,0.012,0.413,50.99,0.869
C01020,Solo Provider,Counseling,1,97,0.697,0.866,0.48,0.761,0.538,56.64,0.777
C01021,Group Practice,Therapy,10,1131,0.498,0.609,0.679,0.63,0.625,183.47,0.536
C01022,Small Practice,Psychology,4,531,0.778,1.0,0.287,0.631,0.697,123.68,0.533
C01023,Large Practice,Psychiatry,25,3267,0.478,0.778,0.784,0.79,0.751,282.71,0.431
C01024,Small Practice,Counseling,3,209,0.633,0.589,0.333,0.456,0.422,113.06,0.69
C01025,Small Practice,Therapy,2,448,0.629,0.468,0.524,0.504,0.373,104.11,0.676
C01026,Solo Provider,Therapy,1,94,0.74,0.619,0.345,0.408,0.495,50.28,0.758
C01027,Group Practice,Therapy,6,1407,0.559,0.656,0.614,0.573,0.086,174.49,0.489
C01028,Solo Provider,Psychiatry,1,83,0.381,1.0,0.266,0.329,0.485,64.87,0.845
C01029,Small Practice,Psychiatry,3,525,0.9,0.643,0.26,0.745,0.437,111.74,0.762
C01030,Solo Provider,Counseling,1,94,1.0,0.594,0.467,0.634,0.322,34.72,0.88
C01031,Small Practice,Psychiatry,3,322,0.685,0.625,0.363,0.69,0.328,101.03,0.67
C01032,Small Practice,Therapy,4,500,0.915,0.685,0.636,0.573,0.346,104.16,0.636
C01033,Small Practice,Psychology,4,334,0.716,0.507,0.477,0.289,0.394,121.13,0.65
C01034,Group Practice,Therapy,7,940,0.545,0.686,0.588,0.545,0.451,188.98,0.415
C01035,Solo Provider,Psychiatry,1,102,0.751,0.195,0.589,0.713,0.21,71.34,0.749
C01036,Small Practice,Psychology,5,283,0.77,0.598,0.804,0.446,0.844,126.87,0.774
C01037,Solo Provider,Psychiatry,1,75,0.544,0.814,0.556,0.152,0.157,57.22,0.836
C01038,Solo Provider,Psychology,1,130,0.862,0.491,0.397,0.402,0.445,60.15,0.628
C01039,Solo Provider,Psychiatry,1,123,0.442,0.594,0.573,0.638,0.259,63.58,0.853
C01040,Solo Provider,Counseling,1,95,0.681,0.115,0.599,0.434,0.327,45.73,0.834
C01041,Solo Provider,Psychiatry,1,178,0.711,0.746,0.52,0.41,0.517,62.1,0.7
C01042,Small Practice,Counseling,3,325,0.744,0.592,0.679,0.586,0.415,114.31,0.676
C01043,Small Practice,Psychology,5,325,0.429,0.846,0.543,0.676,0.379,80.49,0.467
C01044,Small Practice,Psychology,4,528,0.778,0.884,0.555,0.369,0.304,87.36,0.786
C01045,Solo Provider,Therapy,1,101,0.981,1.0,0.522,0.454,0.421,64.7,0.891
C01046,Solo Provider,Therapy,1,164,0.535,0.599,0.349,0.723,0.276,77.26,0.81
C01047,Solo Provider,Psychology,1,173,0.731,0.719,0.312,0.686,0.558,93.11,0.613
C01048,Small Practice,Psychiatry,5,195,0.789,0.664,0.516,0.525,0.291,101.83,0.702
C01049,Group Practice,Psychiatry,11,1324,0.545,0.417,0.536,0.714,0.441,172.95,0.548
C01050,Solo Provider,Counseling,1,88,0.657,0.653,0.674,0.279,0.616,69.93,0.896
C01051,Small Practice,Psychiatry,4,197,0.652,0.701,0.429,0.712,0.316,112.79,0.645
C01052,Solo Provider,Psychiatry,1,90,0.577,0.786,0.318,0.146,0.256,57.58,0.883
C01053,Solo Provider,Psychology,1,146,0.62,0.66,0.468,0.618,0.126,65.23,0.79
C01054,Solo Provider,Counseling,1,133,0.493,0.584,0.466,0.514,0.285,58.72,0.74
C01055,Solo Provider,Counseling,1,179,0.745,0.874,0.132,0.618,0.351,80.48,0.853
C01056,Small Practice,Psychology,4,174,0.842,0.424,0.529,0.507,0.429,109.62,0.551
C01057,Group Practice,Therapy,13,809,0.554,0.684,0.773,0.606,0.788,186.38,0.407
C01058,Solo Provider,Therapy,1,175,0.719,0.651,0.56,0.404,0.266,81.64,0.846
C01059,Small Practice,Psychology,4,417,0.977,0.75,0.588,0.663,0.645,101.67,0.774
C01060,Small Practice,Psychology,5,351,0.74,0.615,0.259,0.298,0.385,95.62,0.504
C01061,Large Practice,Therapy,26,1725,0.613,0.665,0.68,0.863,0.894,279.73,0.158
C01062,Small Practice,Psychology,5,576,0.776,0.68,0.518,0.538,0.488,103.1,0.684
C01063,Solo Provider,Counseling,1,160,0.605,0.639,0.437,0.862,0.31,75.66,0.829
C01064,Small Practice,Therapy,4,311,0.578,0.891,0.488,0.973,0.476,110.53,0.527
C01065,Solo Provider,Counseling,1,179,0.712,0.639,0.573,0.453,0.336,87.65,0.706
C01066,Large Practice,Psychiatry,33,2067,0.725,0.736,0.943,0.683,0.794,293.45,0.352
C01067,Solo Provider,Psychiatry,1,72,0.389,0.72,0.334,0.619,0.338,65.16,0.775
C01068,Small Practice,Psychology,2,190,0.576,0.603,0.308,0.645,0.34,90.62,0.505
C01069,Solo Provider,Therapy,1,106,0.633,0.722,0.551,0.92,0.541,72.94,0.636
C01070,Solo Provider,Therapy,1,76,0.66,0.754,0.325,0.422,0.181,54.26,0.74
C01071,Group Practice,Counseling,15,1673,0.522,0.827,0.746,0.434,0.624,202.76,0.293
C01072,Small Practice,Psychiatry,3,541,0.692,0.497,0.395,0.459,0.388,110.09,0.787
C01073,Solo Provider,Therapy,1,70,0.726,0.442,0.349,0.522,0.188,70.97,0.83
C01074,Group Practice,Psychology,8,1228,0.776,0.314,0.77,0.33,0.471,171.37,0.512
C01075,Group Practice,Therapy,11,1122,0.535,0.702,0.692,0.444,0.607,184.57,0.298
C01076,Solo Provider,Counseling,1,177,0.567,0.664,0.452,0.709,0.404,73.85,0.74
C01077,Small Practice,Therapy,3,369,0.811,0.639,0.37,0.431,0.506,102.01,0.561
C01078,Solo Provider,Psychology,1,149,0.723,0.456,0.792,0.812,0.443,72.42,0.928
C01079,Small Practice,Psychiatry,3,414,0.636,0.406,0.884,0.297,0.449,108.26,0.679
C01080,Solo Provider,Counseling,1,177,0.687,0.636,0.486,0.594,0.368,52.44,0.793
C01081,Solo Provider,Psychology,1,110,0.78,0.688,0.371,0.341,0.497,74.03,0.784
C01082,Group Practice,Counseling,15,881,0.932,0.812,0.663,0.759,0.731,215.78,0.316
C01083,Group Practice,Therapy,12,1793,0.594,0.453,0.778,0.68,0.638,170.92,0.453
C01084,Group Practice,Psychiatry,12,1177,0.67,0.646,0.987,0.792,0.705,194.91,0.722
C01085,Large Practice,Counseling,37,1635,0.598,0.569,0.698,1.0,0.826,310.49,0.39
C01086,Small Practice,Therapy,5,175,0.694,0.899,0.706,0.555,0.305,97.45,0.742
C01087,Small Practice,Counseling,2,556,0.775,0.869,0.419,0.593,0.324,114.17,0.722
C01088,Small Practice,Counseling,2,582,0.546,0.388,0.619,0.331,0.442,90.41,0.728
C01089,Solo Provider,Psychology,1,123,0.675,0.83,0.344,0.357,0.333,83.01,0.928
C01090,Solo Provider,Therapy,1,80,0.593,0.842,0.215,0.554,0.361,81.77,0.929
C01091,Solo Provider,Counseling,1,166,0.559,0.68,0.379,0.462,0.461,68.33,0.767
C01092,Small Practice,Counseling,5,186,0.927,0.702,0.543,0.372,0.678,113.26,0.7
C01093,Solo Provider,Psychiatry,1,178,0.754,0.789,0.599,0.786,0.404,87.51,0.975
C01094,Solo Provider,Psychology,1,152,0.691,0.35,0.478,0.777,0.252,68.88,0.808
C01095,Small Practice,Therapy,4,411,0.642,0.494,0.596,0.422,0.147,108.82,0.834
C01096,Solo Provider,Psychiatry,1,146,0.831,0.772,0.52,0.48,0.445,57.68,0.745
C01097,Solo Provider,Therapy,1,149,0.65,0.882,0.28,0.305,0.457,70.36,0.758
C01098,Group Practice,Psychology,12,1400,0.769,0.536,0.822,0.77,0.57,190.08,0.448
C01099,Group Practice,Psychology,13,786,0.455,0.785,0.749,0.265,0.661,166.45,0.626
C01100,Solo Provider,Psychology,1,161,0.673,0.949,0.633,0.363,0.419,62.11,1.0
C01101,Solo Provider,Psychology,1,76,0.698,0.742,0.373,0.812,0.297,63.49,0.661
C01102,Solo Provider,Counseling,1,127,0.58,0.704,0.549,0.306,0.283,71.29,0.835
C01103,Small Practice,Therapy,5,332,0.723,0.599,0.634,0.648,0.384,104.27,0.698
C01104,Group Practice,Therapy,7,1373,0.771,1.0,0.505,0.56,0.379,162.96,0.347
C01105,Solo Provider,Therapy,1,174,0.8,0.783,0.509,0.462,0.294,60.52,0.708
C01106,Small Practice,Counseling,2,199,0.904,0.981,0.19,0.573,0.427,94.54,0.671
C01107,Solo Provider,Therapy,1,73,0.762,0.836,0.354,0.277,0.433,77.8,0.704
C01108,Solo Provider,Therapy,1,69,0.381,0.566,0.373,0.455,0.407,70.32,0.84
C01109,Large Practice,Therapy,36,3541,0.674,1.0,1.0,0.879,0.977,321.53,0.267
C01110,Solo Provider,Counseling,1,156,0.582,0.26,0.405,0.693,0.345,68.28,0.79
C01111,Solo Provider,Psychology,1,81,0.55,0.655,0.599,0.564,0.515,78.84,0.926
C01112,Solo Provider,Counseling,1,117,0.648,0.998,0.512,0.543,0.239,76.36,0.791
C01113,Small Practice,Therapy,4,403,0.622,0.598,0.689,0.662,0.502,95.19,0.694
C01114,Group Practice,Psychiatry,6,585,0.86,0.603,0.687,0.665,0.582,182.43,0.455
C01115,Large Practice,Psychology,16,4292,0.705,0.778,0.734,0.878,0.614,246.47,0.245
C01116,Solo Provider,Therapy,1,175,0.659,0.743,0.579,0.274,0.544,66.88,0.703
C01117,Solo Provider,Counseling,1,113,0.763,0.667,0.567,0.825,0.428,80.18,0.742
C01118,Small Practice,Counseling,5,561,0.798,0.82,0.286,0.626,0.4,106.88,0.582
C01119,Solo Provider,Therapy,1,89,0.716,0.538,0.493,0.483,0.473,72.68,0.823
C01120,Group Practice,Counseling,11,1068,0.783,0.649,0.302,0.719,0.411,179.08,0.441
C01121,Small Practice,Psychiatry,4,361,0.976,0.484,0.313,0.603,0.458,105.05,0.53
C01122,Solo Provider,Psychiatry,1,136,0.515,0.471,0.368,0.476,0.472,65.14,0.767
C01123,Group Practice,Counseling,15,762,0.557,0.532,0.777,0.848,0.682,196.31,0.631
C01124,Solo Provider,Psychology,1,179,0.404,0.667,0.379,0.747,0.513,86.09,0.641
C01125,Solo Provider,Therapy,1,72,0.651,0.636,0.674,0.177,0.435,64.16,0.909
C01126,Small Practice,Counseling,4,213,0.715,0.509,0.389,0.669,0.327,104.33,0.498
C01127,Small Practice,Psychology,5,571,0.52,0.663,0.64,0.563,0.28,117.4,0.698
C01128,Small Practice,Therapy,5,255,0.916,0.469,0.654,0.604,0.267,130.35,0.678
C01129,Small Practice,Psychology,4,548,0.548,0.652,0.584,0.254,0.168,97.8,0.665
C01130,Large Practice,Psychology,18,3956,0.758,0.846,0.687,0.726,0.76,250.78,0.344
C01131,Large Practice,Psychiatry,37,2108,0.641,0.495,1.0,1.0,0.85,328.45,0.279
C01132,Small Practice,Psychiatry,4,154,0.828,0.899,0.692,0.579,0.61,143.71,0.598
C01133,Solo Provider,Counseling,1,127,0.736,0.856,0.411,0.597,0.45,59.36,0.707
C01134,Small Practice,Therapy,5,270,0.866,0.32,0.471,0.783,0.255,92.62,0.775
C01135,Large Practice,Psychology,21,3483,0.678,0.987,0.669,0.457,0.518,252.28,0.393
C01136,Solo Provider,Counseling,1,133,0.71,0.644,0.51,0.376,0.389,82.13,0.681
C01137,Solo Provider,Counseling,1,73,0.546,0.729,0.31,0.421,0.312,61.95,1.0
C01138,Solo Provider,Psychiatry,1,106,0.633,0.379,0.441,0.827,0.418,59.02,0.89
C01139,Solo Provider,Psychiatry,1,144,0.669,0.687,0.356,0.58,0.46,66.61,0.854
C01140,Small Practice,Counseling,3,525,0.661,0.587,0.711,0.348,0.149,101.47,0.563
C01141,Solo Provider,Psychiatry,1,66,0.601,0.977,0.469,0.492,0.241,64.18,0.995
C01142,Small Practice,Psychology,5,383,1.0,0.721,0.645,0.846,0.532,118.7,0.747
C01143,Group Practice,Psychology,9,1078,0.695,0.646,0.603,0.541,0.588,183.83,0.5
C01144,Group Practice,Psychology,9,1665,1.0,0.839,0.554,0.685,0.724,206.0,0.355
C01145,Solo Provider,Psychology,1,88,0.584,0.812,0.466,0.503,0.173,48.14,0.891
C01146,Solo Provider,Psychiatry,1,65,0.874,0.972,0.365,0.683,0.487,90.22,0.791
C01147,Small Practice,Psychiatry,5,389,0.778,0.424,0.343,0.759,0.523,131.99,0.636
C01148,Group Practice,Psychiatry,8,1309,0.766,0.388,0.553,0.454,0.507,153.08,0.356
C01149,Solo Provider,Psychology,1,131,0.361,0.68,0.12,0.458,0.472,48.43,0.728
C01150,Group Practice,Counseling,10,1316,0.576,0.683,0.445,0.602,0.478,191.99,0.449
C01151,Solo Provider,Psychology,1,132,0.776,0.538,0.498,0.465,0.372,60.63,0.865
C01152,Group Practice,Psychology,11,1116,0.627,0.559,0.641,0.57,0.773,174.27,0.718
C01153,Solo Provider,Psychiatry,1,99,0.744,0.837,0.425,0.343,0.629,74.2,0.869
C01154,Solo Provider,Counseling,1,140,0.816,0.641,0.319,0.428,0.549,65.89,0.868
C01155,Small Practice,Psychiatry,2,225,0.676,0.828,0.513,0.853,0.499,105.99,0.655
C01156,Solo Provider,Psychiatry,1,159,0.698,0.519,0.26,0.564,0.288,61.92,0.746
C01157,Solo Provider,Therapy,1,177,0.701,0.963,0.564,0.87,0.302,70.01,0.878
C01158,Solo Provider,Psychiatry,1,165,0.616,1.0,0.35,0.133,0.262,48.41,0.599
C01159,Solo Provider,Psychology,1,132,0.705,0.281,0.644,0.193,0.349,71.42,0.768
C01160,Small Practice,Therapy,3,490,0.878,0.585,0.425,0.606,0.558,110.23,0.733
C01161,Solo Provider,Therapy,1,67,0.735,0.643,0.526,0.858,0.332,67.25,0.764
C01162,Small Practice,Counseling,2,444,0.382,0.626,0.612,0.435,0.414,101.73,0.861
C01163,Group Practice,Counseling,12,633,0.489,0.605,0.509,0.662,0.522,164.48,0.567
C01164,Solo Provider,Psychiatry,1,80,0.733,0.711,0.487,0.102,0.38,72.43,0.785
C01165,Solo Provider,Psychiatry,1,167,0.808,0.693,0.512,0.742,0.541,101.07,0.828
C01166,Group Practice,Psychology,13,808,0.522,0.648,0.589,0.237,0.486,173.39,0.484
C01167,Group Practice,Counseling,9,1223,0.706,0.672,0.692,0.499,0.643,169.68,0.341
C01168,Small Practice,Psychiatry,2,402,0.546,0.531,0.292,0.383,0.407,93.44,0.721
C01169,Group Practice,Therapy,8,1345,0.514,0.519,0.338,0.721,0.615,174.98,0.446
C01170,Solo Provider,Psychiatry,1,127,0.715,0.901,0.311,0.453,0.298,47.71,0.865
C01171,Solo Provider,Psychiatry,1,66,0.917,0.751,0.728,0.505,0.285,83.41,0.866
C01172,Small Practice,Psychology,4,289,0.4,0.321,0.549,0.81,0.227,97.09,0.623
C01173,Solo Provider,Therapy,1,119,1.0,0.726,0.6,0.66,0.176,58.11,0.87
C01174,Small Practice,Psychology,5,458,0.871,0.665,0.69,0.781,0.176,123.74,0.432
C01175,Small Practice,Therapy,2,303,0.738,0.721,0.614,0.673,0.34,99.38,0.746
C01176,Small Practice,Counseling,2,170,0.73,0.495,0.369,0.904,0.252,107.78,0.687
C01177,Solo Provider,Psychology,1,166,0.692,0.771,0.514,0.364,0.449,88.53,0.746
C01178,Solo Provider,Therapy,1,128,0.595,0.712,0.326,0.556,0.334,54.94,0.717
C01179,Solo Provider,Counseling,1,63,1.0,0.666,0.4,0.409,0.439,55.37,0.736
C01180,Solo Provider,Psychology,1,77,0.694,0.575,0.331,0.446,0.298,65.91,0.739
C01181,Small Practice,Psychology,3,175,0.9,1.0,0.41,0.821,0.438,115.8,0.749
C01182,Solo Provider,Therapy,1,161,0.649,0.78,0.538,0.211,0.349,66.89,0.887
C01183,Solo Provider,Therapy,1,120,0.587,0.696,0.451,0.477,0.266,68.07,0.891
C01184,Solo Provider,Counseling,1,170,0.737,1.0,0.536,0.716,0.409,61.72,0.765
C01185,Solo Provider,Psychiatry,1,174,0.3,0.699,0.512,0.475,0.354,80.57,0.675
C01186,Group Practice,Psychology,15,1686,0.554,0.748,0.692,0.619,0.55,203.31,0.449
C01187,Solo Provider,Counseling,1,78,0.77,0.644,0.593,0.517,0.428,77.32,0.815
C01188,Large Practice,Psychiatry,40,3445,0.529,0.813,1.0,0.794,1.0,332.44,0.255
C01189,Solo Provider,Psychiatry,1,86,1.0,0.596,0.696,0.79,0.448,78.57,0.804
C01190,Small Practice,Counseling,3,439,0.87,0.493,0.471,0.488,0.145,109.75,0.736
C01191,Solo Provider,Therapy,1,150,0.605,0.835,0.227,0.516,0.349,65.43,0.809
C01192,Solo Provider,Psychiatry,1,121,0.642,0.63,0.669,0.414,0.706,76.38,0.736
C01193,Group Practice,Counseling,12,1309,0.656,0.899,0.712,0.609,0.772,180.33,0.348
C01194,Large Practice,Therapy,39,2474,0.82,0.708,1.0,0.925,1.0,312.93,0.324
C01195,Group Practice,Psychiatry,14,930,0.927,0.521,0.701,0.898,0.683,181.05,0.374
C01196,Solo Provider,Psychiatry,1,70,0.98,0.463,0.382,0.575,0.335,49.72,0.857
C01197,Solo Provider,Therapy,1,100,0.802,0.773,0.379,0.338,0.4,81.06,0.669
C01198,Small Practice,Therapy,3,226,0.595,0.46,0.4,0.27,0.478,101.25,0.57
C01199,Solo Provider,Psychiatry,1,139,0.781,0.824,0.503,0.703,0.576,79.78,0.826
C01200,Small Practice,Counseling,3,392,0.552,0.881,0.586,0.653,0.315,101.34,0.812
C01201,Small Practice,Therapy,2,290,0.614,0.933,0.313,0.396,0.821,96.12,0.744
C01202,Small Practice,Psychology,4,193,0.449,0.667,0.619,0.806,0.138,101.84,0.517
C01203,Group Practice,Psychiatry,13,814,0.833,0.717,0.461,0.296,0.59,175.06,0.44
C01204,Small Practice,Counseling,3,217,0.588,0.474,0.703,0.385,0.363,108.24,0.646
C01205,Solo Provider,Psychiatry,1,118,0.847,0.546,0.441,0.791,0.223,80.81,0.872
C01206,Solo Provider,Counseling,1,98,0.746,0.629,0.784,0.51,0.399,73.41,0.766
C01207,Small Practice,Psychiatry,3,405,0.659,0.27,0.572,0.353,0.515,110.91,0.65
C01208,Solo Provider,Counseling,1,74,0.62,0.589,0.243,0.701,0.124,66.83,0.91
C01209,Solo Provider,Counseling,1,97,0.67,0.712,0.513,0.444,0.413,56.25,0.873
C01210,Solo Provider,Psychiatry,1,178,0.306,0.303,0.55,0.441,0.24,54.35,0.795
C01211,Small Practice,Psychology,2,268,0.454,0.296,0.591,0.452,0.531,102.4,0.607
C01212,Group Practice,Therapy,8,991,0.707,0.667,0.503,0.387,0.609,189.03,0.609
C01213,Small Practice,Psychiatry,5,458,0.59,0.55,0.499,0.551,0.29,103.65,0.502
C01214,Solo Provider,Psychiatry,1,96,0.17,0.632,0.323,0.645,0.525,61.63,0.907
C01215,Solo Provider,Counseling,1,144,0.578,0.702,0.218,0.749,0.318,44.74,0.85
C01216,Small Practice,Counseling,5,549,0.414,0.834,0.501,0.657,0.45,104.06,0.697
C01217,Solo Provider,Counseling,1,127,0.669,0.633,0.526,0.585,0.79,54.75,0.968
C01218,Small Practice,Counseling,5,438,0.639,0.88,0.478,0.639,0.089,128.31,0.499
C01219,Small Practice,Counseling,2,208,0.55,0.694,0.322,0.476,0.168,87.29,0.571
C01220,Solo Provider,Counseling,1,157,0.77,0.765,0.461,0.652,0.237,72.98,0.727
C01221,Solo Provider,Psychology,1,160,0.658,0.648,0.44,0.725,0.564,51.99,0.737
C01222,Solo Provider,Therapy,1,60,0.565,0.8,0.603,0.337,0.255,65.61,0.652
C01223,Group Practice,Counseling,11,759,0.818,0.739,0.707,0.37,0.454,169.46,0.545
C01224,Small Practice,Therapy,5,255,0.821,0.546,0.684,0.557,0.398,93.5,0.786
C01225,Solo Provider,Therapy,1,149,0.915,0.535,0.489,0.541,0.304,63.09,0.724
C01226,Group Practice,Counseling,15,1719,0.994,0.563,0.849,0.855,0.674,199.37,0.436
C01227,Solo Provider,Therapy,1,117,0.715,0.368,0.192,0.769,0.0,56.31,0.82
C01228,Solo Provider,Therapy,1,88,0.724,0.445,0.518,0.547,0.782,90.58,0.813
C01229,Group Practice,Psychology,15,812,0.853,0.691,0.715,0.728,0.876,187.53,0.476
C01230,Solo Provider,Psychology,1,130,0.823,0.731,0.235,0.599,0.206,54.55,0.844
C01231,Solo Provider,Therapy,1,159,0.658,0.552,0.693,0.58,0.557,73.74,1.0
C01232,Small Practice,Psychiatry,5,257,0.595,0.876,0.404,0.557,0.521,93.19,0.719
C01233,Solo Provider,Therapy,1,172,0.792,0.584,0.255,0.5,0.35,70.64,0.818
C01234,Small Practice,Psychiatry,4,392,0.585,0.576,0.649,0.456,0.363,102.52,0.5
C01235,Solo Provider,Therapy,1,73,0.752,0.294,0.304,0.27,0.486,60.59,0.609
C01236,Solo Provider,Psychology,1,81,0.728,0.571,0.517,0.688,0.352,83.46,0.576
C01237,Solo Provider,Psychiatry,1,84,0.76,0.644,0.168,0.461,0.237,59.15,0.678
C01238,Solo Provider,Counseling,1,79,0.629,0.783,0.503,0.428,0.275,61.95,0.755
C01239,Solo Provider,Therapy,1,66,0.788,0.462,0.684,0.611,0.0,76.4,0.809
C01240,Solo Provider,Counseling,1,80,0.638,0.639,0.492,0.643,0.156,84.59,0.739
C01241,Group Practice,Counseling,7,894,0.929,1.0,0.481,0.38,0.436,182.63,0.56
C01242,Solo Provider,Psychiatry,1,135,1.0,0.643,0.538,0.391,0.0,47.98,0.796
C01243,Solo Provider,Psychology,1,168,0.418,0.517,0.505,0.575,0.361,83.98,0.987
C01244,Solo Provider,Psychiatry,1,168,0.597,0.94,0.729,0.491,0.375,63.48,0.795
C01245,Solo Provider,Psychology,1,110,0.898,0.729,0.382,0.355,0.254,74.72,0.784
C01246,Solo Provider,Counseling,1,111,0.571,0.812,0.495,0.536,0.522,53.77,0.884
C01247,Small Practice,Psychology,5,363,0.666,0.714,0.73,0.571,0.696,108.71,0.579
C01248,Solo Provider,Psychology,1,122,0.577,0.859,0.05,0.426,0.54,77.22,0.769
C01249,Group Practice,Counseling,15,692,0.712,0.86,1.0,0.748,0.613,210.19,0.54
C01250,Group Practice,Psychiatry,13,1191,0.627,0.959,0.604,0.859,0.623,178.9,0.633
C01251,Solo Provider,Therapy,1,106,0.572,0.804,0.295,0.532,0.6,74.36,0.622
C01252,Solo Provider,Psychology,1,119,0.696,0.483,0.426,0.369,0.378,57.25,0.772
C01253,Solo Provider,Psychology,1,86,0.77,0.934,0.514,0.74,0.605,81.16,0.741
C01254,Small Practice,Therapy,5,292,0.478,0.714,0.367,0.642,0.207,82.73,0.667
C01255,Solo Provider,Psychology,1,154,0.641,0.562,0.634,0.457,0.385,73.54,0.78
C01256,Group Practice,Therapy,6,1634,0.825,0.566,0.721,0.416,0.347,176.27,0.437
C01257,Small Practice,Psychiatry,4,376,0.834,0.64,0.445,0.735,0.302,103.82,0.879
C01258,Group Practice,Counseling,9,746,0.931,0.682,0.763,0.276,0.446,184.52,0.49
C01259,Small Practice,Psychology,2,425,0.801,0.841,0.551,0.16,0.602,104.91,0.566
C01260,Large Practice,Psychology,38,4197,0.707,0.451,0.729,0.786,1.0,302.78,0.155
C01261,Solo Provider,Psychology,1,91,0.763,0.465,0.384,0.526,0.41,67.93,0.695
C01262,Solo Provider,Therapy,1,94,0.509,0.689,0.358,0.533,0.476,77.72,0.782
C01263,Solo Provider,Counseling,1,102,0.819,0.813,0.525,0.699,0.426,64.19,0.633
C01264,Group Practice,Psychiatry,12,1678,0.687,0.714,0.509,0.985,0.551,177.25,0.449
C01265,Small Practice,Counseling,3,302,0.681,0.655,0.482,0.817,0.385,115.79,0.641
C01266,Group Practice,Counseling,10,677,0.781,0.42,0.409,0.641,0.495,174.09,0.369
C01267,Solo Provider,Therapy,1,159,0.594,0.557,0.497,0.338,0.277,61.4,0.853
C01268,Large Practice,Psychology,25,4439,0.565,0.468,0.805,1.0,0.885,296.87,0.167
C01269,Solo Provider,Therapy,1,78,0.586,0.649,0.377,0.856,0.198,58.93,0.831
C01270,Solo Provider,Psychology,1,131,0.744,0.876,0.573,0.394,0.805,69.76,0.856
C01271,Large Practice,Psychiatry,27,2175,0.795,0.757,0.929,0.988,0.966,324.32,0.215
C01272,Solo Provider,Therapy,1,77,0.995,0.794,0.471,0.522,0.319,43.5,0.781
C01273,Solo Provider,Psychology,1,119,0.877,0.348,0.598,0.511,0.338,46.47,0.849
C01274,Small Practice,Counseling,2,521,0.712,0.664,0.275,0.6,0.545,98.7,0.691
C01275,Solo Provider,Therapy,1,120,1.0,0.484,0.581,0.553,0.67,82.93,0.839
C01276,Solo Provider,Counseling,1,136,0.541,0.494,0.424,0.675,0.403,83.71,0.779
C01277,Solo Provider,Counseling,1,83,0.403,0.417,0.091,0.717,0.353,60.04,0.897
C01278,Solo Provider,Psychology,1,116,0.681,0.724,0.505,0.569,0.621,72.46,0.638
C01279,Group Practice,Counseling,11,1513,0.707,0.578,0.535,0.892,0.537,187.52,0.694
C01280,Small Practice,Psychiatry,4,517,0.783,0.67,0.711,0.349,0.152,110.49,0.686
C01281,Solo Provider,Psychology,1,97,0.743,0.771,0.544,0.26,0.41,68.22,0.932
C01282,Solo Provider,Psychology,1,143,0.65,0.75,0.734,0.179,0.422,72.65,0.707
C01283,Solo Provider,Psychology,1,141,0.788,0.608,0.56,0.706,0.343,88.15,0.666
C01284,Small Practice,Counseling,5,250,0.785,0.526,0.673,0.907,0.422,101.45,0.659
C01285,Group Practice,Counseling,15,1527,0.539,0.674,0.624,0.743,0.486,174.97,0.433
C01286,Group Practice,Counseling,10,1094,0.455,0.677,0.558,0.651,0.282,166.34,0.515
C01287,Solo Provider,Psychology,1,78,0.419,0.426,0.406,0.746,0.447,56.36,0.813
C01288,Solo Provider,Counseling,1,76,0.534,0.7,0.57,0.548,0.624,74.62,0.732
C01289,Solo Provider,Psychology,1,146,0.732,0.914,0.309,0.655,0.584,78.91,0.731
C01290,Small Practice,Psychology,2,493,0.735,0.792,0.214,0.626,0.464,89.14,0.517
C01291,Solo Provider,Therapy,1,99,0.791,0.596,0.632,0.565,0.376,73.84,0.783
C01292,Small Practice,Psychiatry,3,516,0.78,0.574,0.681,0.648,0.462,113.46,0.659
C01293,Small Practice,Counseling,4,533,0.736,0.945,0.543,0.562,0.333,104.1,0.699
C01294,Solo Provider,Psychiatry,1,63,0.57,0.569,0.375,0.824,0.34,43.42,0.745
C01295,Solo Provider,Psychology,1,74,0.563,0.745,0.544,0.401,0.279,96.64,0.986
C01296,Solo Provider,Counseling,1,89,0.934,0.969,0.797,0.461,0.236,60.41,0.983
C01297,Solo Provider,Psychiatry,1,178,0.546,0.469,0.445,0.175,0.153,41.02,0.738
C01298,Solo Provider,Psychiatry,1,81,0.701,0.754,0.535,0.477,0.516,66.93,0.845
C01299,Small Practice,Therapy,5,194,0.778,0.423,0.582,0.573,0.236,106.31,0.676
C01300,Solo Provider,Therapy,1,67,0.729,0.676,0.367,0.613,0.265,74.03,0.693
C01301,Solo Provider,Psychology,1,74,0.791,0.613,0.174,0.764,0.075,87.83,0.859
C01302,Small Practice,Psychology,5,465,0.744,0.718,0.555,0.96,0.314,108.74,0.553
C01303,Small Practice,Psychiatry,3,303,0.613,0.727,0.656,0.668,0.557,112.61,0.792
C01304,Solo Provider,Psychiatry,1,149,0.631,0.676,0.414,0.941,0.288,53.04,0.848
C01305,Group Practice,Therapy,13,1496,0.657,0.772,0.75,0.897,0.785,181.9,0.443
C01306,Group Practice,Counseling,6,1426,0.745,0.678,0.579,0.481,0.674,161.91,0.303
C01307,Small Practice,Psychology,2,574,0.669,0.874,0.437,0.541,0.486,107.16,0.616
C01308,Small Practice,Therapy,4,571,0.53,0.566,0.563,0.766,0.614,116.34,0.86
C01309,Solo Provider,Psychology,1,146,0.69,0.63,0.404,0.577,0.432,81.27,0.683
C01310,Group Practice,Psychiatry,8,1317,0.667,0.857,0.661,0.535,0.789,153.48,0.406
C01311,Solo Provider,Counseling,1,162,0.768,0.33,0.34,0.618,0.299,50.29,0.858
C01312,Group Practice,Psychiatry,13,1570,0.446,0.887,0.574,0.916,0.458,173.16,0.642
C01313,Small Practice,Counseling,2,362,0.706,0.872,0.599,0.722,0.508,117.1,0.568
C01314,Solo Provider,Psychology,1,128,0.594,0.682,0.457,0.753,0.291,60.14,0.744
C01315,Solo Provider,Therapy,1,136,0.985,0.534,0.66,0.337,0.444,84.37,0.826
C01316,Small Practice,Counseling,2,586,0.712,0.553,0.724,0.416,0.046,74.94,0.464
C01317,Small Practice,Psychology,2,456,1.0,0.283,0.363,0.539,0.618,109.63,0.571
C01318,Solo Provider,Psychiatry,1,116,1.0,0.676,0.518,0.526,0.306,55.44,0.895
C01319,Small Practice,Therapy,3,215,0.677,0.797,0.408,0.568,0.221,107.21,0.756
C01320,Group Practice,Psychiatry,12,830,0.725,0.399,0.428,0.623,0.643,174.3,0.506
C01321,Solo Provider,Psychology,1,165,0.812,0.906,0.452,0.565,0.337,71.82,0.787
C01322,Solo Provider,Therapy,1,156,0.837,0.799,0.397,0.359,0.426,87.8,0.924
C01323,Solo Provider,Psychiatry,1,104,0.332,1.0,0.528,0.667,0.107,74.79,0.776
C01324,Small Practice,Psychology,3,414,0.267,0.71,0.488,0.781,0.38,110.88,0.641
C01325,Solo Provider,Psychology,1,132,0.594,0.82,0.387,0.515,0.469,72.11,0.885
C01326,Group Practice,Counseling,6,1585,0.419,0.616,0.686,0.648,0.494,170.23,0.449
C01327,Solo Provider,Therapy,1,127,0.551,0.79,0.592,0.452,0.434,70.78,0.628
C01328,Small Practice,Counseling,3,266,0.889,0.614,0.625,0.47,0.061,100.42,0.627
C01329,Solo Provider,Psychiatry,1,92,0.725,0.559,0.416,0.321,0.069,48.81,0.789
C01330,Solo Provider,Therapy,1,65,0.862,0.257,0.509,0.873,0.341,76.14,0.8
C01331,Small Practice,Counseling,2,193,0.639,0.469,0.578,0.2,0.511,96.55,0.611
C01332,Solo Provider,Psychology,1,60,0.915,0.695,0.417,0.453,0.346,51.39,1.0
C01333,Small Practice,Psychology,3,501,0.785,0.927,0.589,0.537,0.557,117.98,0.673
C01334,Large Practice,Psychiatry,33,3148,0.714,0.574,0.848,0.973,0.812,293.51,0.265
C01335,Large Practice,Counseling,17,4875,0.587,0.418,0.538,0.607,0.584,255.76,0.325
C01336,Group Practice,Therapy,8,1489,0.768,0.783,0.284,0.404,0.577,179.21,0.471
C01337,Solo Provider,Therapy,1,124,0.468,0.564,0.421,0.54,0.373,63.19,0.847
C01338,Small Practice,Therapy,2,255,0.954,0.449,0.487,0.66,0.474,107.09,0.609
C01339,Group Practice,Psychology,12,597,0.697,0.387,0.706,0.454,0.59,179.11,0.482
C01340,Solo Provider,Therapy,1,112,0.668,0.863,0.401,0.516,0.284,66.99,0.902
C01341,Solo Provider,Counseling,1,95,0.585,0.651,0.429,0.749,0.361,75.11,0.662
C01342,Group Practice,Therapy,7,1128,0.88,0.451,0.515,0.579,0.473,163.44,0.488
C01343,Solo Provider,Psychology,1,93,0.843,0.448,0.345,0.32,0.46,74.69,0.811
C01344,Small Practice,Counseling,5,489,0.512,0.57,0.498,0.596,0.188,90.64,0.698
C01345,Large Practice,Counseling,37,4133,0.876,0.257,1.0,0.998,0.893,330.51,0.255
C01346,Small Practice,Psychiatry,5,265,0.86,0.989,0.421,0.291,0.432,83.75,0.73
C01347,Solo Provider,Therapy,1,179,0.561,0.503,0.518,0.551,0.252,50.29,0.818
C01348,Solo Provider,Counseling,1,140,0.51,0.623,0.345,0.629,0.364,86.79,0.777
C01349,Solo Provider,Psychiatry,1,79,0.757,0.584,0.377,0.311,0.358,39.82,0.831
C01350,Solo Provider,Counseling,1,132,0.623,0.452,0.471,0.543,0.35,58.22,0.855
C01351,Small Practice,Therapy,4,399,0.55,0.701,0.521,0.344,0.399,104.27,0.646
C01352,Group Practice,Psychology,8,1299,0.592,0.787,0.648,0.473,0.323,149.27,0.385
C01353,Solo Provider,Therapy,1,153,0.731,0.863,0.678,0.327,0.486,41.93,0.808
C01354,Solo Provider,Psychiatry,1,77,0.633,0.868,0.334,0.608,0.352,60.98,0.655
C01355,Group Practice,Therapy,15,963,0.674,0.813,0.803,0.604,0.427,204.89,0.335
C01356,Solo Provider,Counseling,1,86,0.723,0.338,0.59,0.208,0.244,89.99,0.808
C01357,Small Practice,Psychology,5,457,0.628,0.655,0.663,0.802,0.403,101.88,0.628
C01358,Solo Provider,Therapy,1,152,0.854,0.301,0.405,0.306,0.391,46.58,0.676
C01359,Small Practice,Psychiatry,5,289,0.675,0.639,0.59,0.725,0.377,104.91,0.61
C01360,Solo Provider,Psychiatry,1,131,0.862,0.638,0.421,0.578,0.643,70.43,0.807
C01361,Small Practice,Psychology,2,249,0.899,0.863,0.405,0.422,0.111,96.35,0.746
C01362,Solo Provider,Psychiatry,1,158,0.88,0.589,0.433,0.255,0.442,64.56,0.85
C01363,Small Practice,Psychiatry,2,421,1.0,0.433,0.372,0.644,0.234,111.95,0.541
C01364,Solo Provider,Counseling,1,65,0.791,0.737,0.492,0.394,0.33,76.4,0.792
C01365,Solo Provider,Psychology,1,158,0.561,0.792,0.213,0.458,0.197,83.11,0.714
C01366,Small Practice,Counseling,2,241,0.577,0.742,0.409,0.55,0.6,97.16,0.715
C01367,Solo Provider,Counseling,1,69,0.68,0.746,0.56,0.516,0.422,68.6,0.836
C01368,Solo Provider,Counseling,1,87,0.811,0.703,0.153,0.372,0.296,75.59,0.78
C01369,Solo Provider,Counseling,1,138,1.0,0.207,0.511,0.524,0.341,68.37,0.854
C01370,Solo Provider,Psychology,1,111,0.704,0.75,0.534,0.544,0.28,71.82,1.0
C01371,Solo Provider,Psychology,1,161,0.814,0.559,0.493,0.543,0.081,54.13,0.728
C01372,Group Practice,Psychology,9,1040,0.54,0.658,0.795,0.63,0.335,167.41,0.347
C01373,Solo Provider,Therapy,1,102,0.746,0.894,0.379,0.525,0.304,69.38,0.737
C01374,Group Practice,Counseling,12,1781,0.579,0.359,0.64,0.825,0.672,175.2,0.599
C01375,Large Practice,Psychology,29,2085,0.535,0.778,1.0,0.933,1.0,300.1,0.24
C01376,Solo Provider,Counseling,1,96,0.563,0.656,0.505,0.516,0.297,69.39,0.751
C01377,Small Practice,Psychology,3,210,0.527,0.308,0.406,0.301,0.279,90.02,0.608
C01378,Group Practice,Psychiatry,14,1036,1.0,0.423,0.841,0.64,0.503,182.29,0.509
C01379,Small Practice,Psychiatry,2,598,0.968,0.255,0.443,0.556,0.597,134.88,0.61
C01380,Solo Provider,Counseling,1,84,0.345,0.388,0.501,0.318,0.45,47.0,0.755
C01381,Solo Provider,Psychology,1,156,0.555,0.803,0.162,0.69,0.529,52.02,0.767
C01382,Solo Provider,Counseling,1,135,0.627,0.377,0.751,0.362,0.147,60.93,0.829
C01383,Small Practice,Psychology,3,543,0.643,0.583,0.545,0.57,0.439,105.19,0.677
C01384,Large Practice,Psychology,21,1926,0.825,0.585,0.886,0.988,0.626,270.87,0.54
C01385,Large Practice,Therapy,18,1875,0.781,0.729,0.731,0.855,0.712,271.13,0.507
C01386,Solo Provider,Therapy,1,109,0.572,0.551,0.536,0.595,0.399,81.26,0.715
C01387,Small Practice,Psychology,3,307,0.704,0.976,0.625,0.913,0.475,123.32,0.664
C01388,Solo Provider,Therapy,1,166,0.761,0.89,0.588,0.507,0.398,79.83,0.876
C01389,Group Practice,Therapy,11,901,0.751,0.502,0.515,0.71,0.673,172.36,0.52
C01390,Solo Provider,Counseling,1,178,0.677,0.439,0.256,0.526,0.572,89.64,0.81
C01391,Group Practice,Psychology,8,859,0.705,0.472,0.518,0.394,0.262,162.8,0.333
C01392,Group Practice,Therapy,6,1754,0.625,0.724,0.308,0.586,0.585,171.28,0.543
C01393,Solo Provider,Psychiatry,1,61,0.606,0.635,0.713,0.558,0.352,70.16,0.856
C01394,Solo Provider,Psychiatry,1,120,0.734,0.606,0.403,0.681,0.075,57.8,0.848
C01395,Group Practice,Therapy,12,1773,0.554,0.644,0.645,0.77,0.687,189.12,0.295
C01396,Solo Provider,Psychology,1,168,0.733,0.74,0.175,0.344,0.573,92.29,0.772
C01397,Small Practice,Psychiatry,5,321,0.935,0.54,0.654,0.51,0.457,102.63,0.71
C01398,Group Practice,Counseling,9,1187,0.66,0.682,0.188,0.551,0.702,181.84,0.519
C01399,Small Practice,Therapy,4,288,0.951,0.702,0.411,0.693,0.56,106.11,0.713
C01400,Solo Provider,Counseling,1,135,0.742,0.901,0.537,0.261,0.274,55.47,0.732
C01401,Solo Provider,Therapy,1,179,0.984,0.492,0.344,0.182,0.498,59.93,0.791
C01402,Solo Provider,Counseling,1,131,0.655,0.756,0.393,0.174,0.174,61.3,0.666
C01403,Large Practice,Counseling,34,2683,0.92,0.356,1.0,0.803,1.0,330.32,0.438
C01404,Solo Provider,Psychiatry,1,134,0.757,0.578,0.375,0.376,0.461,61.25,0.956
C01405,Solo Provider,Psychiatry,1,139,0.592,0.383,0.502,0.721,0.56,76.31,0.938
C01406,Solo Provider,Therapy,1,146,0.892,0.45,0.399,0.803,0.207,75.42,0.797
C01407,Large Practice,Psychiatry,19,2708,0.872,0.925,0.807,0.964,0.553,304.41,0.284
C01408,Solo Provider,Psychology,1,153,0.991,0.42,0.463,0.535,0.43,91.28,0.927
C01409,Group Practice,Psychology,14,838,0.868,0.767,0.657,0.379,0.755,192.15,0.511
C01410,Small Practice,Therapy,3,483,0.994,0.677,0.324,0.315,0.506,95.84,0.721
C01411,Group Practice,Therapy,6,1190,0.8,0.675,0.435,0.735,0.584,159.88,0.507
C01412,Large Practice,Psychology,25,3086,0.711,0.817,0.981,0.899,0.732,289.66,0.22
C01413,Group Practice,Psychology,8,663,0.866,0.564,0.511,0.945,0.727,197.89,0.362
C01414,Group Practice,Counseling,12,798,0.635,0.592,0.618,0.749,0.582,177.54,0.511
C01415,Solo Provider,Counseling,1,175,0.712,0.4,0.537,0.528,0.261,59.76,0.758
C01416,Small Practice,Psychology,2,499,0.964,1.0,0.071,0.607,0.529,114.33,0.628
C01417,Small Practice,Psychology,4,219,0.494,0.674,0.804,0.338,0.405,116.29,0.605
C01418,Small Practice,Psychology,2,543,0.724,0.656,0.222,0.766,0.333,111.19,0.636
C01419,Group Practice,Psychiatry,8,1393,0.851,0.759,0.601,0.649,0.326,183.92,0.435
C01420,Large Practice,Psychology,38,3274,0.593,0.492,1.0,1.0,1.0,326.97,0.082
C01421,Small Practice,Therapy,3,232,0.776,0.623,0.366,0.524,0.338,89.27,0.681
C01422,Solo Provider,Counseling,1,138,0.531,0.782,0.631,0.611,0.271,60.14,0.726
C01423,Solo Provider,Counseling,1,87,0.576,0.809,0.561,0.722,0.527,56.71,0.854
C01424,Solo Provider,Psychiatry,1,113,0.792,0.671,0.409,0.744,0.345,83.79,0.747
C01425,Solo Provider,Psychiatry,1,139,0.613,0.447,0.342,0.387,0.461,40.95,0.698
C01426,Solo Provider,Psychiatry,1,126,0.745,0.536,0.463,0.73,0.379,69.22,0.951
C01427,Solo Provider,Counseling,1,90,0.618,0.669,0.325,0.374,0.334,64.06,0.667
C01428,Solo Provider,Therapy,1,87,0.655,0.692,0.268,0.631,0.623,93.82,0.949
C01429,Small Practice,Psychiatry,5,376,0.647,0.738,0.489,0.264,0.563,87.7,0.627
C01430,Solo Provider,Psychology,1,78,0.668,0.652,0.469,0.745,0.175,56.3,0.785
C01431,Group Practice,Psychology,15,1050,0.616,0.588,0.832,0.905,0.841,203.54,0.286
C01432,Small Practice,Psychiatry,4,170,0.692,0.662,0.703,0.725,0.557,139.74,0.671
C01433,Solo Provider,Therapy,1,91,0.64,0.359,0.425,0.522,0.563,73.6,0.749
C01434,Solo Provider,Psychology,1,167,0.862,0.662,0.423,0.874,0.528,74.92,0.696
C01435,Solo Provider,Psychology,1,128,1.0,1.0,0.603,0.198,0.568,88.31,0.736
C01436,Large Practice,Counseling,29,2592,0.773,0.535,0.831,0.954,0.674,282.01,0.537
C01437,Solo Provider,Therapy,1,153,0.794,0.883,0.416,0.33,0.23,67.3,0.697
C01438,Small Practice,Therapy,3,213,0.764,0.716,0.619,0.466,0.293,101.16,0.666
C01439,Group Practice,Psychiatry,11,1102,0.593,0.766,0.438,0.557,0.717,191.24,0.337
C01440,Large Practice,Psychology,38,3866,0.462,0.381,1.0,1.0,1.0,327.72,0.421
C01441,Solo Provider,Therapy,1,164,0.575,0.499,0.583,0.754,0.213,44.19,0.929
C01442,Solo Provider,Therapy,1,119,0.684,0.613,0.47,0.367,0.435,76.96,0.806
C01443,Solo Provider,Psychiatry,1,62,0.939,0.673,0.342,0.319,0.623,79.96,0.957
C01444,Solo Provider,Psychiatry,1,162,0.822,0.885,0.372,0.517,0.202,84.16,0.787
C01445,Solo Provider,Psychology,1,135,0.862,0.674,0.061,0.401,0.383,62.65,0.778
C01446,Small Practice,Therapy,5,342,0.62,0.649,0.503,0.44,0.717,82.99,0.602
C01447,Group Practice,Counseling,12,1253,0.573,0.812,0.528,0.741,0.559,179.21,0.55
C01448,Small Practice,Therapy,5,561,0.739,0.581,0.236,0.458,0.87,113.23,0.468
C01449,Small Practice,Psychiatry,5,269,0.975,0.45,0.54,0.677,0.413,109.76,0.573
C01450,Solo Provider,Counseling,1,110,0.653,0.818,0.525,0.606,0.418,86.51,0.896
C01451,Group Practice,Psychology,15,1374,0.823,0.417,0.337,0.99,0.57,173.96,0.475
C01452,Small Practice,Counseling,4,456,0.593,0.766,0.433,0.491,0.31,111.67,0.767
C01453,Group Practice,Therapy,14,1361,0.803,0.606,0.609,0.66,0.698,194.47,0.361
C01454,Group Practice,Psychology,11,1031,0.727,0.656,0.602,0.713,0.306,187.63,0.62
C01455,Solo Provider,Therapy,1,162,0.603,0.656,0.381,0.563,0.377,53.89,0.823
C01456,Solo Provider,Psychology,1,107,0.872,0.554,0.068,0.486,0.73,62.1,0.885
C01457,Solo Provider,Psychiatry,1,124,0.692,0.772,0.202,0.366,0.428,58.29,0.959
C01458,Solo Provider,Counseling,1,73,0.587,0.041,0.577,0.604,0.478,68.87,0.87
C01459,Group Practice,Therapy,14,1691,0.667,0.567,0.6,0.36,0.42,150.57,0.434
C01460,Solo Provider,Counseling,1,137,0.399,0.59,0.446,0.459,0.011,39.51,0.955
C01461,Small Practice,Psychiatry,4,351,0.511,0.884,0.573,0.468,0.34,88.33,0.668
C01462,Small Practice,Psychology,5,464,0.618,0.744,0.598,0.459,0.132,84.19,0.625
C01463,Solo Provider,Psychology,1,97,0.662,0.544,0.271,0.714,0.3,65.87,1.0
C01464,Solo Provider,Therapy,1,61,0.753,0.657,0.516,0.698,0.534,84.15,0.623
C01465,Small Practice,Psychiatry,5,358,0.705,0.958,0.788,0.714,0.358,123.02,0.531
C01466,Small Practice,Psychology,5,537,0.396,0.846,0.487,0.252,0.51,98.68,0.741
C01467,Solo Provider,Counseling,1,177,0.957,0.53,0.639,0.255,0.43,78.08,0.839
C01468,Solo Provider,Counseling,1,70,0.924,0.504,0.543,0.28,0.161,66.44,0.742
C01469,Small Practice,Psychology,2,374,0.979,0.586,0.526,0.684,0.501,107.44,0.633
C01470,Solo Provider,Psychiatry,1,146,0.669,0.589,0.447,0.443,0.198,68.23,0.886
C01471,Group Practice,Psychiatry,14,928,0.755,0.575,0.566,0.676,0.685,169.69,0.426
C01472,Solo Provider,Psychiatry,1,100,0.589,0.653,0.576,0.259,0.408,59.01,0.822
C01473,Solo Provider,Psychiatry,1,162,0.59,0.675,0.634,0.716,0.199,42.05,0.781
C01474,Solo Provider,Psychiatry,1,113,0.716,0.758,0.701,0.208,0.205,43.83,0.814
C01475,Small Practice,Counseling,5,549,0.793,0.419,0.545,0.354,0.646,100.08,0.671
C01476,Small Practice,Psychiatry,4,586,0.758,0.894,0.394,0.473,0.309,79.82,0.806
C01477,Solo Provider,Therapy,1,74,0.643,0.637,0.414,0.553,0.259,77.71,0.906
C01478,Large Practice,Psychology,33,3080,0.8,0.586,0.953,1.0,0.843,313.59,0.393
C01479,Solo Provider,Psychology,1,82,0.671,0.716,0.502,0.315,0.277,59.8,0.695
C01480,Solo Provider,Psychiatry,1,72,0.787,0.392,0.424,0.552,0.48,53.19,0.735
C01481,Solo Provider,Psychology,1,73,0.692,0.752,0.5,0.362,0.631,72.91,0.79
C01482,Solo Provider,Counseling,1,111,0.866,0.753,0.512,0.316,0.532,81.85,0.876
C01483,Small Practice,Counseling,3,568,0.689,0.617,0.837,0.444,0.226,95.2,0.613
C01484,Solo Provider,Counseling,1,90,0.889,0.406,0.381,0.544,0.558,89.17,0.871
C01485,Small Practice,Psychology,5,356,0.669,0.804,0.32,0.269,0.586,115.99,0.671
C01486,Solo Provider,Therapy,1,91,0.893,0.771,0.46,0.547,0.42,66.21,0.714
C01487,Large Practice,Psychology,30,3169,0.636,0.386,0.944,1.0,1.0,311.94,0.353
C01488,Solo Provider,Counseling,1,112,0.848,0.664,0.147,0.709,0.234,51.81,0.687
C01489,Group Practice,Counseling,11,1793,0.766,0.463,0.512,0.632,0.629,167.18,0.478
C01490,Solo Provider,Counseling,1,97,0.608,0.838,0.473,0.383,0.471,61.95,0.838
C01491,Solo Provider,Counseling,1,108,0.81,0.763,0.645,0.633,0.336,74.34,0.631
C01492,Group Practice,Psychology,14,1696,0.708,0.108,0.762,0.513,0.705,180.91,0.62
C01493,Small Practice,Therapy,4,555,0.705,0.745,0.526,0.46,0.286,107.47,0.809
C01494,Small Practice,Psychiatry,2,236,0.76,0.826,0.346,0.538,0.462,133.47,0.779
C01495,Solo Provider,Psychiatry,1,134,0.601,0.435,0.329,0.38,0.0,63.11,0.732
C01496,Small Practice,Counseling,4,576,0.661,0.358,0.668,0.635,0.42,100.0,0.43
C01497,Group Practice,Counseling,9,1208,0.696,0.685,0.688,0.634,0.609,162.42,0.366
C01498,Small Practice,Psychiatry,3,505,0.802,0.743,0.515,0.481,0.436,109.13,0.688
C01499,Solo Provider,Psychiatry,1,138,1.0,0.484,0.949,0.298,0.426,75.59,0.681
C01500,Small Practice,Therapy,5,420,0.705,0.825,0.461,0.212,0.534,98.98,0.653
C01501,Small Practice,Therapy,3,164,0.761,0.503,0.551,0.738,0.713,113.07,0.79
C01502,Large Practice,Psychiatry,39,2436,0.64,0.566,1.0,0.916,1.0,337.26,0.204
C01503,Solo Provider,Therapy,1,103,0.863,0.523,0.351,0.738,0.274,55.31,0.643
C01504,Solo Provider,Psychiatry,1,97,0.829,0.787,0.351,0.405,0.469,67.03,0.932
C01505,Group Practice,Counseling,8,1396,0.831,1.0,0.397,0.482,0.418,166.14,0.533
C01506,Small Practice,Psychology,2,390,0.718,0.65,0.496,0.699,0.24,85.48,0.635
C01507,Small Practice,Psychology,3,268,0.671,0.842,0.494,0.461,0.367,82.87,0.822
C01508,Solo Provider,Therapy,1,101,0.705,0.535,0.539,0.502,0.406,66.47,0.812
C01509,Solo Provider,Counseling,1,68,0.506,0.682,0.2,0.398,0.441,90.33,0.919
C01510,Small Practice,Psychology,4,509,0.57,0.744,0.79,0.809,0.267,119.39,0.636
C01511,Solo Provider,Psychology,1,135,0.789,0.569,0.552,0.67,0.228,79.99,0.933
C01512,Solo Provider,Psychiatry,1,174,0.589,0.816,0.587,0.657,0.604,79.18,0.799
C01513,Small Practice,Psychology,3,588,0.867,0.834,0.698,0.377,0.548,99.86,0.752
C01514,Small Practice,Counseling,2,455,0.769,0.344,0.568,0.394,0.135,91.92,0.687
C01515,Group Practice,Psychology,13,1580,0.727,0.79,0.721,0.83,0.451,184.88,0.47
C01516,Solo Provider,Psychiatry,1,118,0.738,0.539,0.414,0.792,0.114,80.49,0.871
C01517,Solo Provider,Psychology,1,65,0.787,1.0,0.606,0.577,0.298,79.77,0.84
C01518,Large Practice,Counseling,40,1501,0.589,0.433,1.0,0.728,0.999,328.65,0.057
C01519,Solo Provider,Psychiatry,1,136,0.712,0.98,0.667,0.594,0.351,79.53,0.765
C01520,Solo Provider,Counseling,1,159,0.679,0.749,0.558,0.473,0.532,71.3,0.777
C01521,Solo Provider,Psychology,1,173,0.659,1.0,0.33,0.586,0.3,74.14,0.579
C01522,Small Practice,Therapy,3,236,0.748,0.828,0.53,0.592,0.274,100.67,0.721
C01523,Group Practice,Counseling,15,1413,0.824,0.854,0.897,1.0,0.736,214.68,0.501
C01524,Small Practice,Psychology,3,596,0.449,0.564,0.687,0.424,0.474,104.6,0.707
C01525,Small Practice,Psychiatry,3,315,0.751,0.574,0.75,0.729,0.346,111.33,0.827
C01526,Solo Provider,Therapy,1,159,0.449,0.636,0.71,0.373,0.358,51.18,0.664
C01527,Solo Provider,Counseling,1,179,0.689,0.5,0.281,0.407,0.629,76.22,0.796
C01528,Solo Provider,Counseling,1,89,0.864,0.45,0.34,0.642,0.273,85.82,0.87
C01529,Solo Provider,Therapy,1,65,0.646,0.614,0.386,0.409,0.294,64.51,0.798
C01530,Solo Provider,Psychology,1,73,0.843,0.645,0.633,0.411,0.188,70.96,0.77
C01531,Solo Provider,Therapy,1,121,0.919,0.702,0.578,0.745,0.251,105.14,0.779
C01532,Solo Provider,Psychiatry,1,178,0.828,0.742,0.599,0.285,0.271,70.18,0.699
C01533,Small Practice,Psychology,4,555,0.714,0.594,0.266,0.698,0.158,83.59,0.577
C01534,Small Practice,Therapy,4,366,0.73,0.872,0.276,0.453,0.16,98.79,0.589
C01535,Solo Provider,Psychology,1,70,0.382,0.749,0.319,0.305,0.378,59.31,0.863
C01536,Solo Provider,Psychiatry,1,158,0.536,0.632,0.356,0.615,0.529,68.5,0.901
C01537,Small Practice,Psychology,2,520,0.547,0.971,0.326,0.179,0.591,98.8,0.579
C01538,Small Practice,Counseling,2,344,1.0,0.978,0.712,0.539,0.533,123.54,0.645
C01539,Group Practice,Therapy,11,1359,0.938,0.567,0.563,0.553,0.577,184.75,0.411
C01540,Solo Provider,Counseling,1,148,0.819,0.923,0.477,0.889,0.537,78.0,1.0
C01541,Group Practice,Therapy,13,637,0.594,0.541,0.502,0.283,0.738,189.23,0.264
C01542,Solo Provider,Therapy,1,101,1.0,0.51,0.523,0.444,0.492,68.79,0.681
C01543,Solo Provider,Psychiatry,1,142,0.693,0.357,0.651,0.292,0.38,65.5,0.858
C01544,Solo Provider,Psychiatry,1,71,1.0,0.782,0.435,0.614,0.399,75.02,0.804
C01545,Solo Provider,Therapy,1,127,0.732,0.559,0.181,0.706,0.283,55.5,0.814
C01546,Solo Provider,Psychiatry,1,144,0.59,0.463,0.607,0.714,0.372,49.34,0.746
C01547,Solo Provider,Counseling,1,169,0.599,0.449,0.469,0.455,0.14,63.95,0.662
C01548,Small Practice,Psychology,4,373,0.777,0.676,0.667,0.407,0.457,98.76,0.714
C01549,Solo Provider,Psychology,1,71,0.869,0.35,0.34,0.222,0.258,68.43,0.785
C01550,Solo Provider,Therapy,1,124,0.611,0.371,0.283,0.565,0.5,79.89,0.758
C01551,Solo Provider,Therapy,1,61,0.558,0.58,0.419,0.772,0.388,80.53,0.62
C01552,Solo Provider,Psychiatry,1,137,0.663,0.489,0.595,0.846,0.495,83.52,0.638
C01553,Solo Provider,Counseling,1,116,0.761,0.478,0.658,0.587,0.565,78.09,0.694
C01554,Solo Provider,Counseling,1,135,0.737,0.916,0.251,0.279,0.511,79.77,0.799
C01555,Solo Provider,Therapy,1,157,0.579,0.659,0.568,0.548,0.1,65.62,1.0
C01556,Small Practice,Psychiatry,2,252,0.747,0.727,0.629,0.682,0.354,109.75,0.478
C01557,Group Practice,Psychiatry,9,1457,0.882,0.518,0.68,0.496,0.438,180.78,0.37
C01558,Solo Provider,Psychology,1,89,0.815,0.543,0.43,0.518,0.391,75.74,0.708
C01559,Small Practice,Therapy,3,370,0.782,0.647,0.583,0.466,0.286,94.98,0.693
C01560,Group Practice,Psychiatry,9,568,0.71,0.403,0.497,0.438,0.673,170.42,0.527
C01561,Large Practice,Counseling,27,4012,0.687,0.805,0.933,0.943,0.807,302.98,0.237
C01562,Small Practice,Psychiatry,4,469,0.866,0.935,0.534,0.383,0.29,81.5,0.788
C01563,Group Practice,Counseling,15,590,0.582,0.996,0.664,0.803,0.978,195.08,0.417
C01564,Group Practice,Psychology,13,992,0.55,0.591,0.562,0.443,0.552,167.12,0.495
C01565,Small Practice,Psychology,3,526,0.911,0.394,0.785,0.421,0.434,123.61,0.778
C01566,Solo Provider,Psychiatry,1,121,0.77,0.525,0.348,0.414,0.651,72.83,0.762
C01567,Solo Provider,Counseling,1,68,0.527,0.655,0.416,0.469,0.146,79.05,0.793
C01568,Solo Provider,Therapy,1,116,0.572,0.812,0.0,0.376,0.081,64.9,0.924
C01569,Solo Provider,Counseling,1,148,0.743,0.866,0.669,0.443,0.037,73.53,0.71
C01570,Solo Provider,Counseling,1,176,1.0,0.64,0.374,0.92,0.429,74.06,0.677
C01571,Solo Provider,Psychology,1,139,0.689,0.793,0.224,0.268,0.258,63.43,0.772
C01572,Small Practice,Counseling,5,399,1.0,0.517,0.478,0.439,0.602,104.4,0.763
C01573,Small Practice,Psychology,2,376,0.594,0.835,0.698,0.293,0.473,110.76,0.377
C01574,Group Practice,Psychology,10,1046,0.785,0.786,0.768,0.771,0.538,181.37,0.412
C01575,Solo Provider,Therapy,1,97,0.533,0.612,0.421,0.378,0.107,20.39,0.672
C01576,Solo Provider,Therapy,1,94,0.754,0.167,0.501,0.491,0.191,73.63,0.757
C01577,Small Practice,Therapy,3,585,0.712,0.712,0.372,0.707,0.465,133.47,0.625
C01578,Group Practice,Therapy,10,1141,0.447,0.58,0.97,0.453,0.54,183.62,0.573
C01579,Large Practice,Counseling,30,2901,0.811,0.655,0.781,0.934,0.83,317.17,0.252
C01580,Group Practice,Therapy,7,658,0.956,0.696,0.531,0.275,0.794,144.06,0.449
C01581,Group Practice,Therapy,9,849,0.692,0.482,0.725,0.175,0.405,175.75,0.42
C01582,Solo Provider,Counseling,1,176,1.0,0.606,0.534,0.979,0.369,62.13,0.847
C01583,Solo Provider,Psychiatry,1,175,0.593,0.698,0.501,0.527,0.303,87.08,0.824
C01584,Solo Provider,Counseling,1,101,1.0,0.618,0.398,0.375,0.771,86.98,0.813
C01585,Small Practice,Counseling,4,414,1.0,0.605,0.344,0.864,0.557,130.78,0.696
C01586,Group Practice,Psychology,6,1540,0.935,0.694,0.675,0.661,0.409,165.02,0.429
C01587,Solo Provider,Counseling,1,144,0.632,0.728,0.525,0.547,0.401,65.5,0.743
C01588,Small Practice,Counseling,4,424,0.682,0.473,0.525,0.427,0.114,93.74,0.875
C01589,Solo Provider,Therapy,1,159,0.917,0.555,0.72,0.316,0.394,99.91,0.691
C01590,Solo Provider,Therapy,1,118,0.824,0.731,0.461,0.6,0.572,75.49,0.867
C01591,Solo Provider,Psychiatry,1,136,0.778,0.995,0.402,0.197,0.204,51.06,0.698
C01592,Solo Provider,Psychology,1,71,0.696,0.695,0.501,0.388,0.517,87.54,0.853
C01593,Group Practice,Counseling,12,1077,0.648,0.885,0.671,0.78,0.674,188.5,0.438
C01594,Solo Provider,Therapy,1,95,0.68,0.496,0.143,0.394,0.398,70.26,0.909
C01595,Group Practice,Therapy,14,1211,0.598,0.618,0.514,0.308,0.37,196.85,0.587
C01596,Small Practice,Psychiatry,5,370,0.691,0.399,0.501,0.664,0.564,123.97,0.719
C01597,Solo Provider,Psychiatry,1,134,0.639,1.0,0.162,0.38,0.398,61.74,0.855
C01598,Solo Provider,Counseling,1,147,0.626,1.0,0.383,0.339,0.622,83.01,0.885
C01599,Group Practice,Psychiatry,11,531,0.494,0.665,0.388,0.673,0.646,175.88,0.558
C01600,Solo Provider,Counseling,1,107,0.564,0.824,0.566,0.376,0.448,68.72,0.909
C01601,Group Practice,Therapy,7,1082,0.727,0.749,0.43,0.413,0.554,192.19,0.532
C01602,Solo Provider,Therapy,1,125,0.8,0.432,0.771,0.691,0.067,61.36,0.697
C01603,Small Practice,Counseling,4,242,0.343,0.629,0.627,0.066,0.534,88.12,0.737
C01604,Group Practice,Therapy,7,1556,0.571,0.169,0.506,0.621,0.293,161.65,0.547
C01605,Solo Provider,Therapy,1,128,0.64,0.784,0.659,0.443,0.482,75.84,0.877
C01606,Solo Provider,Psychology,1,139,0.952,0.519,0.402,0.38,0.477,59.0,0.773
C01607,Large Practice,Therapy,26,3680,0.971,0.591,0.635,1.0,0.889,293.78,0.342
C01608,Solo Provider,Therapy,1,147,0.638,0.772,0.398,0.586,0.37,87.18,0.694
C01609,Solo Provider,Psychiatry,1,160,0.789,0.71,0.548,0.207,0.294,64.76,0.647
C01610,Solo Provider,Psychology,1,149,0.721,0.862,0.24,0.376,0.43,49.29,0.826
C01611,Solo Provider,Psychology,1,167,0.879,0.928,0.529,0.255,0.392,64.5,0.834
C01612,Small Practice,Psychology,3,471,0.683,1.0,0.612,0.583,0.542,120.1,0.803
C01613,Small Practice,Therapy,2,267,0.601,0.448,0.114,0.554,0.328,104.86,0.617
C01614,Solo Provider,Psychiatry,1,128,0.984,0.547,0.319,0.298,0.476,58.45,0.915
C01615,Group Practice,Psychiatry,6,1583,0.93,0.389,0.692,0.475,0.518,172.61,0.558
C01616,Solo Provider,Psychiatry,1,160,0.656,0.901,0.508,1.0,0.112,83.61,0.628
C01617,Solo Provider,Psychology,1,128,0.819,0.452,0.473,0.59,0.286,50.06,0.823
C01618,Small Practice,Therapy,3,228,0.917,0.427,0.3,0.738,0.207,100.39,0.734
C01619,Large Practice,Psychology,21,3278,0.92,0.817,0.807,0.386,0.835,272.92,0.193
C01620,Solo Provider,Counseling,1,157,0.701,0.992,0.427,0.27,0.588,78.47,0.873
C01621,Solo Provider,Psychology,1,148,0.958,0.489,0.256,0.655,0.329,53.45,0.783
C01622,Small Practice,Psychiatry,2,461,0.76,0.622,0.272,0.73,0.424,76.04,0.762
C01623,Group Practice,Psychiatry,7,1069,0.592,0.657,0.696,0.647,0.479,151.3,0.451
C01624,Solo Provider,Psychology,1,165,0.564,0.852,0.389,0.706,0.492,75.58,0.888
C01625,Solo Provider,Psychology,1,141,0.677,0.765,0.146,0.723,0.293,64.72,0.791
C01626,Small Practice,Psychiatry,4,455,0.503,0.677,0.599,0.2,0.227,104.56,0.74
C01627,Solo Provider,Therapy,1,106,0.745,0.527,0.572,0.308,0.347,62.44,0.669
C01628,Solo Provider,Psychology,1,64,0.813,0.728,0.379,0.697,0.225,60.28,0.796
C01629,Solo Provider,Psychology,1,145,0.811,0.766,0.66,0.526,0.0,83.45,0.757
C01630,Solo Provider,Therapy,1,158,0.412,0.731,0.544,0.388,0.331,69.99,0.715
C01631,Solo Provider,Psychology,1,94,0.708,0.44,0.464,0.387,0.587,66.22,0.889
C01632,Group Practice,Therapy,14,1644,0.852,0.619,0.774,0.919,0.528,207.99,0.615
C01633,Small Practice,Psychology,2,444,0.633,0.693,0.443,0.389,0.466,94.4,0.548
C01634,Small Practice,Psychology,4,219,0.495,0.769,0.476,0.769,0.385,95.66,0.609
C01635,Large Practice,Therapy,40,2818,0.707,0.784,1.0,1.0,1.0,313.28,0.201
C01636,Solo Provider,Psychology,1,132,0.547,0.757,0.599,0.668,0.238,72.04,0.892
C01637,Solo Provider,Therapy,1,79,0.609,0.621,0.536,0.398,0.413,77.62,0.945
C01638,Group Practice,Psychiatry,15,1167,0.735,0.553,0.599,0.419,0.658,184.2,0.518
C01639,Solo Provider,Psychology,1,105,0.71,0.892,0.6,0.507,0.675,70.11,1.0
C01640,Small Practice,Psychiatry,5,580,0.804,0.486,0.652,0.577,0.496,100.79,0.592
C01641,Small Practice,Counseling,4,334,0.923,0.819,0.611,0.607,0.076,100.86,0.575
C01642,Solo Provider,Counseling,1,89,0.538,0.345,0.318,0.52,0.375,86.86,0.891
C01643,Solo Provider,Counseling,1,169,0.674,0.974,0.228,0.159,0.235,60.57,0.881
C01644,Solo Provider,Therapy,1,94,0.531,0.519,0.279,0.301,0.601,84.79,0.786
C01645,Solo Provider,Therapy,1,122,0.774,0.691,0.597,0.555,0.516,59.71,0.855
C01646,Solo Provider,Therapy,1,82,0.81,0.631,0.348,0.63,0.506,66.44,0.752
C01647,Solo Provider,Psychology,1,136,0.429,0.606,0.584,0.415,0.582,65.97,0.779
C01648,Small Practice,Psychiatry,3,580,0.847,0.477,0.476,0.443,0.32,97.87,0.654
C01649,Group Practice,Psychology,6,582,0.698,0.75,0.566,0.811,0.413,178.15,0.42
C01650,Group Practice,Psychiatry,12,1132,0.775,1.0,0.483,0.904,0.492,193.65,0.584
C01651,Solo Provider,Therapy,1,108,0.79,0.623,0.427,0.389,0.369,67.58,0.782
C01652,Solo Provider,Psychology,1,65,0.703,0.877,0.607,0.516,0.752,76.29,0.742
C01653,Solo Provider,Psychology,1,85,0.482,0.577,0.733,0.45,0.139,67.62,0.887
C01654,Solo Provider,Psychology,1,169,0.655,0.469,0.437,0.606,0.357,59.86,0.839
C01655,Group Practice,Psychiatry,13,1487,0.7,0.523,0.666,0.59,0.677,190.3,0.537
C01656,Solo Provider,Psychology,1,64,0.455,0.476,0.37,0.377,0.287,67.6,0.893
C01657,Solo Provider,Counseling,1,72,0.789,0.709,0.46,0.707,0.269,56.63,0.805
C01658,Group Practice,Psychology,6,1334,0.496,0.473,0.552,0.521,0.418,182.5,0.42
C01659,Solo Provider,Counseling,1,175,0.529,0.426,0.338,0.5,0.445,75.12,0.862
C01660,Solo Provider,Psychiatry,1,116,0.641,0.944,0.047,0.523,0.433,45.0,0.987
C01661,Solo Provider,Therapy,1,121,0.637,0.406,0.195,0.477,0.493,56.93,0.921
C01662,Small Practice,Counseling,4,385,0.67,0.75,0.683,0.515,0.584,117.92,0.529
C01663,Small Practice,Psychiatry,4,402,0.84,0.437,0.479,0.599,0.488,123.46,0.662
C01664,Solo Provider,Therapy,1,165,0.664,0.346,0.558,0.606,0.87,80.17,0.903
C01665,Group Practice,Therapy,6,1022,0.653,0.673,0.581,0.238,0.488,182.31,0.46
C01666,Group Practice,Psychiatry,13,810,0.585,0.698,0.656,0.634,0.392,173.06,0.434
C01667,Group Practice,Therapy,14,1351,0.81,0.529,0.627,0.76,0.562,190.2,0.711
C01668,Solo Provider,Psychology,1,139,0.514,0.499,0.324,0.372,0.449,58.17,0.689
C01669,Solo Provider,Psychology,1,98,0.622,0.771,0.213,0.449,0.235,48.47,0.83
C01670,Group Practice,Psychiatry,15,1077,0.454,0.854,0.807,0.733,0.628,221.24,0.635
C01671,Solo Provider,Therapy,1,74,0.669,0.678,0.382,0.313,0.437,44.94,0.825
C01672,Small Practice,Therapy,4,448,0.742,0.542,0.41,0.62,0.663,118.26,0.69
C01673,Small Practice,Counseling,3,506,0.638,0.759,0.291,0.571,0.478,105.92,0.646
C01674,Solo Provider,Psychiatry,1,102,0.607,0.438,0.451,0.734,0.522,66.34,0.765
C01675,Small Practice,Therapy,3,181,0.634,0.702,0.654,0.921,0.28,114.18,0.715
C01676,Group Practice,Psychology,9,1568,0.546,0.7,0.903,0.654,0.394,161.32,0.434
C01677,Small Practice,Counseling,3,497,0.803,0.525,0.007,0.583,0.329,86.73,0.575
C01678,Solo Provider,Therapy,1,90,0.76,0.577,0.605,0.674,0.327,71.91,0.748
C01679,Group Practice,Counseling,10,1504,0.437,0.995,0.707,0.541,0.243,164.37,0.432
C01680,Small Practice,Psychology,3,323,0.375,0.565,0.433,0.503,0.369,115.6,0.655
C01681,Small Practice,Psychiatry,3,232,0.563,0.339,0.418,0.298,0.548,108.5,0.64
C01682,Group Practice,Counseling,7,745,0.57,0.587,0.755,0.616,0.554,181.71,0.553
C01683,Small Practice,Psychiatry,3,253,0.909,0.638,0.573,0.506,0.557,87.04,0.58
C01684,Solo Provider,Psychology,1,165,0.547,0.449,0.655,0.676,0.317,74.61,0.495
C01685,Solo Provider,Therapy,1,141,0.799,0.743,0.536,0.481,0.306,59.39,0.689
C01686,Solo Provider,Therapy,1,80,0.751,0.792,0.254,0.23,0.311,62.88,0.698
C01687,Small Practice,Counseling,2,316,0.877,0.502,0.719,0.613,0.228,104.64,0.859
C01688,Small Practice,Counseling,3,420,0.69,0.734,0.574,0.389,0.372,108.07,0.662
C01689,Small Practice,Therapy,4,355,0.725,0.551,0.42,0.345,0.511,99.77,0.588
C01690,Solo Provider,Therapy,1,69,0.736,0.651,0.464,0.358,0.408,64.7,0.769
C01691,Small Practice,Psychology,3,255,0.776,0.547,0.473,0.808,0.358,113.24,0.654
C01692,Group Practice,Counseling,12,512,0.644,0.516,0.628,0.756,0.764,206.55,0.303
C01693,Solo Provider,Psychology,1,86,0.839,0.517,0.223,0.289,0.318,60.45,0.852
C01694,Small Practice,Psychology,2,431,0.868,0.65,0.522,1.0,0.385,114.46,0.58
C01695,Small Practice,Psychiatry,2,273,0.745,0.678,0.702,0.755,0.368,111.24,0.586
C01696,Small Practice,Therapy,2,382,0.833,0.726,0.881,0.774,0.224,84.0,0.598
C01697,Solo Provider,Counseling,1,145,0.379,0.67,0.286,0.791,0.542,65.84,0.773
C01698,Small Practice,Counseling,5,414,0.957,0.482,0.366,0.509,0.505,112.57,0.599
C01699,Large Practice,Psychiatry,37,3144,0.489,0.57,0.797,0.802,0.972,317.22,0.227
C01700,Small Practice,Psychology,5,267,0.745,0.595,0.493,0.5,0.403,82.71,0.692
C01701,Group Practice,Therapy,9,1509,0.57,0.589,0.351,0.547,0.554,154.83,0.496
C01702,Large Practice,Psychiatry,31,2021,0.871,0.561,0.915,0.52,0.773,307.07,0.327
C01703,Solo Provider,Therapy,1,159,1.0,0.707,0.274,0.731,0.18,56.29,0.833
C01704,Small Practice,Psychiatry,2,546,0.844,0.603,0.739,0.351,0.152,131.53,0.602
C01705,Solo Provider,Therapy,1,177,0.825,0.75,0.553,0.43,0.777,80.29,0.846
C01706,Large Practice,Psychology,33,3433,0.509,0.492,0.908,1.0,0.749,300.39,0.293
C01707,Solo Provider,Therapy,1,77,0.624,0.748,0.243,0.752,0.438,69.4,0.835
C01708,Solo Provider,Psychology,1,158,0.536,0.533,0.519,0.401,0.396,69.82,0.71
C01709,Group Practice,Psychology,10,1248,0.456,0.662,0.372,0.304,0.441,174.54,0.73
C01710,Solo Provider,Counseling,1,87,0.791,0.687,0.599,0.403,0.439,77.67,0.918
C01711,Small Practice,Therapy,4,160,0.727,0.955,0.479,0.908,0.508,99.86,0.612
C01712,Solo Provider,Psychiatry,1,149,0.579,0.477,0.452,0.295,0.562,65.78,0.811
C01713,Large Practice,Therapy,37,4054,0.304,0.44,0.89,0.567,1.0,290.59,0.158
C01714,Group Practice,Psychology,8,1272,0.758,0.672,0.621,0.758,0.509,183.55,0.296
C01715,Solo Provider,Therapy,1,136,0.876,0.425,0.356,0.579,0.226,66.37,0.565
C01716,Small Practice,Psychology,5,250,0.681,0.749,0.586,0.562,0.46,97.85,0.785
C01717,Solo Provider,Counseling,1,70,0.816,0.437,0.346,0.715,0.187,93.16,0.776
C01718,Small Practice,Psychology,2,205,0.589,0.548,0.454,0.747,0.236,107.02,0.544
C01719,Small Practice,Therapy,4,585,0.563,0.635,0.505,0.316,0.475,93.35,0.705
C01720,Group Practice,Psychiatry,10,1142,0.751,0.469,0.843,0.531,0.557,184.89,0.401
C01721,Solo Provider,Psychology,1,90,0.637,0.621,0.39,0.694,0.179,65.83,0.796
C01722,Solo Provider,Psychiatry,1,112,0.681,0.824,0.239,0.609,0.181,47.31,0.749
C01723,Small Practice,Psychiatry,5,556,0.613,0.945,0.561,0.635,0.274,127.36,0.724
C01724,Small Practice,Counseling,5,412,0.503,0.566,0.541,0.462,0.82,110.65,0.602
C01725,Solo Provider,Counseling,1,163,0.735,0.899,0.482,0.475,0.207,64.08,0.921
C01726,Solo Provider,Psychiatry,1,109,0.672,0.229,0.446,0.444,0.094,51.26,0.899
C01727,Solo Provider,Psychiatry,1,91,0.912,0.52,0.67,0.786,0.284,47.02,0.697
C01728,Group Practice,Therapy,12,537,0.554,0.724,0.545,0.511,0.482,169.64,0.32
C01729,Solo Provider,Psychiatry,1,80,0.59,0.647,0.481,0.33,0.533,84.59,0.784
C01730,Solo Provider,Psychology,1,111,0.71,0.562,0.557,0.518,0.497,61.29,0.96
C01731,Group Practice,Psychology,13,1030,0.788,0.732,0.58,0.586,0.496,172.03,0.39
C01732,Solo Provider,Psychiatry,1,156,0.684,0.514,0.53,0.522,0.393,68.17,0.773
C01733,Small Practice,Therapy,2,388,0.817,0.57,0.536,0.302,0.493,88.42,0.594
C01734,Solo Provider,Therapy,1,109,0.517,0.563,0.69,0.403,0.037,46.69,0.837
C01735,Group Practice,Therapy,11,1555,0.637,0.601,0.795,0.737,0.361,156.99,0.34
C01736,Small Practice,Therapy,5,213,0.571,0.861,0.445,0.376,0.443,114.18,0.617
C01737,Group Practice,Therapy,10,1265,0.611,0.391,0.42,0.232,0.489,151.24,0.449
C01738,Solo Provider,Psychology,1,141,0.51,0.647,0.37,0.476,0.313,56.04,0.825
C01739,Small Practice,Counseling,4,335,0.418,0.641,0.523,0.518,0.709,105.76,0.666
C01740,Small Practice,Counseling,4,281,1.0,0.695,0.176,0.621,0.29,122.9,0.458
C01741,Solo Provider,Psychology,1,175,0.564,0.488,0.489,0.362,0.348,57.68,0.729
C01742,Solo Provider,Psychiatry,1,175,0.489,0.799,0.646,0.495,0.363,68.23,0.863
C01743,Solo Provider,Counseling,1,149,0.503,0.805,0.448,0.321,0.705,67.05,1.0
C01744,Large Practice,Therapy,37,1805,0.629,0.594,0.835,0.726,1.0,312.72,0.296
C01745,Small Practice,Psychology,5,397,0.728,0.379,0.409,0.356,0.634,90.99,0.485
C01746,Small Practice,Counseling,5,303,0.566,0.567,0.672,0.522,0.378,100.89,0.68
C01747,Small Practice,Psychology,4,267,0.611,0.724,0.634,0.443,0.447,108.54,0.6
C01748,Small Practice,Psychiatry,3,210,0.679,0.442,0.775,0.636,0.166,82.51,0.608
C01749,Solo Provider,Psychology,1,60,0.814,0.646,0.466,0.369,0.321,77.6,0.879
C01750,Solo Provider,Counseling,1,166,0.467,0.616,0.503,0.387,0.119,77.04,0.671
C01751,Small Practice,Therapy,5,384,0.707,0.622,0.502,0.506,0.558,101.16,0.654
C01752,Solo Provider,Psychology,1,85,0.708,0.42,0.536,0.396,0.274,58.04,0.851
C01753,Group Practice,Therapy,12,1500,0.875,0.475,0.705,0.805,0.741,180.5,0.668
C01754,Group Practice,Therapy,10,1123,0.823,0.819,0.481,0.702,0.939,196.61,0.46
C01755,Solo Provider,Counseling,1,64,1.0,0.694,0.653,0.378,0.372,47.43,0.755
C01756,Small Practice,Psychiatry,4,547,0.765,0.731,0.354,0.813,0.256,100.29,0.676
C01757,Solo Provider,Therapy,1,85,0.716,0.812,0.579,0.632,0.455,86.64,0.673
C01758,Large Practice,Psychiatry,35,3504,0.684,0.587,1.0,0.838,0.956,295.81,0.462
C01759,Group Practice,Therapy,10,987,0.533,0.771,0.491,0.627,0.331,171.79,0.579
C01760,Group Practice,Counseling,6,1187,0.824,0.425,0.448,0.601,0.194,149.59,0.285
C01761,Solo Provider,Counseling,1,171,0.648,0.744,0.577,0.82,0.365,72.88,0.815
C01762,Solo Provider,Therapy,1,160,0.748,0.722,0.603,0.668,0.446,73.64,0.951
C01763,Solo Provider,Therapy,1,139,0.633,0.631,0.302,0.408,0.197,64.02,0.834
C01764,Solo Provider,Counseling,1,96,0.435,0.532,0.739,0.619,0.436,73.65,0.734
C01765,Solo Provider,Counseling,1,150,0.58,0.561,0.394,0.259,0.169,47.06,0.78
C01766,Solo Provider,Counseling,1,75,0.655,0.361,0.585,0.866,0.522,81.68,0.913
C01767,Large Practice,Psychology,30,1693,0.713,0.485,1.0,0.967,0.821,292.05,0.353
C01768,Solo Provider,Counseling,1,131,0.816,0.727,0.43,0.453,0.394,58.58,0.616
C01769,Solo Provider,Psychiatry,1,79,0.51,0.652,0.628,0.593,0.291,58.28,0.729
C01770,Group Practice,Counseling,12,793,0.71,0.686,0.313,0.443,0.559,176.56,0.4
C01771,Small Practice,Counseling,4,342,0.79,0.314,0.344,0.531,0.325,100.77,0.619
C01772,Small Practice,Therapy,2,288,0.546,0.516,0.509,0.616,0.396,73.38,0.722
C01773,Small Practice,Therapy,2,160,0.834,0.494,0.33,0.503,0.383,119.65,0.597
C01774,Group Practice,Psychology,8,1170,0.565,0.391,0.631,0.438,0.817,178.82,0.493
C01775,Small Practice,Counseling,4,442,0.868,0.219,0.33,0.724,0.647,86.11,0.526
C01776,Small Practice,Counseling,3,212,0.773,0.677,0.486,0.221,0.348,90.75,0.627
C01777,Small Practice,Therapy,3,199,0.788,0.806,0.376,0.504,0.329,106.87,0.601
C01778,Solo Provider,Psychiatry,1,141,0.861,0.84,0.439,0.995,0.6,82.29,0.734
C01779,Solo Provider,Counseling,1,97,0.402,0.655,0.716,0.985,0.35,81.73,0.833
C01780,Solo Provider,Therapy,1,72,0.553,1.0,0.417,0.313,0.321,68.93,0.719
C01781,Solo Provider,Psychology,1,132,0.452,0.675,0.565,0.764,0.47,64.78,0.942
C01782,Small Practice,Psychiatry,2,445,0.366,0.629,0.538,0.605,0.15,91.55,0.611
C01783,Solo Provider,Therapy,1,152,0.809,0.611,0.48,0.429,0.528,65.74,0.914
C01784,Solo Provider,Therapy,1,78,1.0,0.512,0.616,0.35,0.484,57.8,0.87
C01785,Solo Provider,Psychology,1,86,0.98,0.503,0.525,0.569,0.362,79.66,0.627
C01786,Group Practice,Counseling,14,612,0.866,0.692,0.67,0.731,0.454,182.44,0.606
C01787,Solo Provider,Therapy,1,135,0.646,0.883,0.502,0.472,0.43,67.77,0.863
C01788,Small Practice,Psychiatry,5,222,0.509,0.697,0.645,0.666,0.104,88.98,0.637
C01789,Group Practice,Therapy,9,1255,0.641,0.861,0.402,0.674,0.513,187.48,0.726
C01790,Solo Provider,Psychology,1,167,1.0,0.701,0.45,0.476,0.417,69.98,0.523
C01791,Small Practice,Counseling,3,515,0.677,0.374,0.473,0.275,0.67,76.14,0.624
C01792,Solo Provider,Counseling,1,167,0.669,0.811,0.491,0.357,0.266,58.79,0.771
C01793,Solo Provider,Psychiatry,1,123,0.69,0.41,0.607,0.694,0.218,61.93,0.728
C01794,Small Practice,Psychiatry,3,471,0.739,0.733,0.561,0.8,0.413,88.9,0.52
C01795,Group Practice,Psychiatry,12,820,0.776,0.687,0.697,0.671,0.631,197.48,0.413
C01796,Solo Provider,Counseling,1,72,0.621,0.487,0.211,0.472,0.558,48.5,0.754
C01797,Small Practice,Psychiatry,5,553,0.602,0.929,0.686,0.344,0.414,93.24,0.574
C01798,Solo Provider,Therapy,1,67,0.823,0.635,0.388,0.137,0.268,43.46,0.855
C01799,Small Practice,Counseling,4,199,0.612,0.685,0.45,0.348,0.488,92.1,0.59
C01800,Small Practice,Therapy,2,511,0.895,0.651,0.646,0.629,0.552,91.38,0.594
C01801,Small Practice,Counseling,4,287,0.72,0.566,0.621,0.6,0.518,120.23,0.548
C01802,Small Practice,Therapy,5,386,0.863,0.824,0.628,0.541,0.546,120.44,0.761
C01803,Solo Provider,Psychology,1,135,0.73,0.778,0.386,0.769,0.116,61.68,0.803
C01804,Small Practice,Psychiatry,2,401,0.746,0.447,0.803,0.294,0.243,98.91,0.545
C01805,Small Practice,Psychology,3,457,0.779,0.915,0.371,0.648,0.358,117.56,0.673
C01806,Small Practice,Psychiatry,5,190,0.999,0.624,0.284,0.442,0.455,81.02,0.581
C01807,Solo Provider,Psychiatry,1,125,0.592,0.767,0.305,0.896,0.445,79.7,0.82
C01808,Solo Provider,Psychiatry,1,153,0.427,0.561,0.732,0.458,0.359,84.02,0.753
C01809,Solo Provider,Counseling,1,98,0.512,1.0,0.259,0.495,0.242,50.27,0.73
C01810,Solo Provider,Therapy,1,152,0.619,0.827,0.18,0.726,0.531,71.87,0.851
C01811,Solo Provider,Therapy,1,154,0.914,0.336,0.574,0.385,0.492,76.66,0.739
C01812,Solo Provider,Therapy,1,77,0.468,0.345,0.448,0.756,0.448,78.27,0.853
C01813,Small Practice,Psychology,4,279,0.792,0.546,0.463,0.516,0.34,99.51,0.643
C01814,Solo Provider,Psychology,1,93,0.679,0.678,0.3,0.583,0.294,56.83,0.82
C01815,Group Practice,Psychology,15,1489,0.944,0.839,0.818,0.502,0.699,181.97,0.595
C01816,Small Practice,Therapy,2,516,0.81,0.415,0.363,0.352,0.498,93.57,0.581
C01817,Small Practice,Counseling,5,226,0.872,0.495,0.314,0.314,0.544,118.7,0.727
C01818,Solo Provider,Counseling,1,81,0.511,0.608,0.829,0.461,0.283,73.67,0.798
C01819,Solo Provider,Counseling,1,99,0.608,0.545,0.421,0.388,0.183,54.95,0.981
C01820,Small Practice,Counseling,4,563,0.652,0.636,0.575,0.469,0.593,104.98,0.71
C01821,Group Practice,Psychiatry,12,1226,0.863,0.621,0.444,0.818,0.457,150.89,0.537
C01822,Solo Provider,Psychology,1,139,0.645,0.859,0.466,0.614,0.233,67.2,0.835
C01823,Small Practice,Psychiatry,5,293,1.0,0.885,0.644,0.697,0.304,94.45,0.603
C01824,Small Practice,Psychology,5,297,0.567,0.645,0.341,0.553,0.417,122.26,0.537
C01825,Small Practice,Psychiatry,5,596,0.868,0.244,0.504,0.356,0.342,97.03,0.831
C01826,Solo Provider,Psychology,1,140,0.773,0.586,0.488,0.357,0.238,72.36,0.721
C01827,Small Practice,Counseling,2,334,0.543,0.679,0.492,0.622,0.314,104.03,0.642
C01828,Solo Provider,Psychology,1,122,0.549,0.81,0.467,0.325,0.202,54.57,0.79
C01829,Group Practice,Counseling,14,1546,0.657,0.705,0.533,0.664,0.799,182.29,0.435
C01830,Solo Provider,Counseling,1,141,0.647,0.495,0.462,0.752,0.163,44.83,0.795
C01831,Solo Provider,Therapy,1,119,0.638,0.697,0.228,0.436,0.412,67.75,0.813
C01832,Large Practice,Counseling,22,4454,0.744,0.542,0.887,0.371,0.703,288.79,0.31
C01833,Solo Provider,Counseling,1,102,0.728,0.718,0.653,0.447,0.158,73.2,0.641
C01834,Solo Provider,Psychiatry,1,92,0.733,0.604,0.377,0.543,0.399,53.65,0.848
C01835,Solo Provider,Psychology,1,81,0.563,0.407,0.255,0.779,0.028,70.48,0.847
C01836,Solo Provider,Psychology,1,175,0.848,0.7,0.663,0.815,0.323,89.99,0.845
C01837,Solo Provider,Counseling,1,151,0.663,0.537,0.534,0.189,0.583,72.9,0.853
C01838,Solo Provider,Counseling,1,146,0.346,0.463,0.689,0.482,0.109,68.61,0.822
C01839,Small Practice,Therapy,2,502,0.677,0.854,0.375,0.616,0.406,96.9,0.637
C01840,Small Practice,Therapy,2,446,0.705,0.597,0.59,0.433,0.621,114.62,0.592
C01841,Solo Provider,Therapy,1,161,0.725,0.664,0.356,0.424,0.401,79.49,0.795
C01842,Small Practice,Psychology,3,478,0.641,0.35,0.592,0.63,0.551,114.51,0.753
C01843,Solo Provider,Counseling,1,125,0.825,0.76,0.58,0.199,0.203,77.75,0.674
C01844,Group Practice,Psychology,9,915,0.607,0.651,0.398,0.673,0.192,168.13,0.332
C01845,Solo Provider,Therapy,1,94,0.895,0.658,0.635,0.573,0.366,82.72,0.7
C01846,Small Practice,Psychology,4,289,1.0,0.799,0.45,0.597,0.485,125.55,0.766
C01847,Solo Provider,Psychiatry,1,96,0.676,0.431,0.187,0.318,0.279,75.7,0.95
C01848,Small Practice,Psychiatry,3,362,0.885,0.523,0.268,0.365,0.099,86.13,0.539
C01849,Solo Provider,Counseling,1,89,0.72,0.526,0.55,0.398,0.37,78.73,0.689
C01850,Small Practice,Psychiatry,2,406,0.802,0.431,0.506,0.621,0.079,80.26,0.767
C01851,Solo Provider,Psychology,1,120,0.732,0.972,0.608,0.259,0.341,57.18,0.923
C01852,Group Practice,Therapy,7,871,0.642,0.753,0.324,0.69,0.383,162.84,0.449
C01853,Small Practice,Psychiatry,5,222,0.697,0.909,0.673,0.425,0.645,115.04,0.682
C01854,Small Practice,Psychology,5,232,0.544,0.402,0.529,0.457,0.751,109.36,0.574
C01855,Group Practice,Psychology,14,1521,0.885,0.471,0.418,0.905,0.614,198.3,0.531
C01856,Large Practice,Counseling,26,3119,0.643,0.533,0.541,0.643,0.827,268.21,0.23
C01857,Solo Provider,Psychiatry,1,90,0.901,0.64,0.295,0.728,0.252,64.53,0.948
C01858,Solo Provider,Counseling,1,105,0.715,0.931,0.262,0.333,0.319,94.84,0.786
C01859,Solo Provider,Counseling,1,129,0.504,0.482,0.5,0.596,0.262,87.4,0.802
C01860,Solo Provider,Psychiatry,1,116,0.705,0.708,0.748,0.393,0.253,60.7,0.753
C01861,Small Practice,Therapy,4,540,0.721,0.689,0.482,0.59,0.461,109.98,0.518
C01862,Large Practice,Psychiatry,23,2149,0.46,0.913,0.61,0.582,0.794,285.76,0.353
C01863,Large Practice,Psychology,38,3397,0.622,0.67,0.972,0.986,1.0,315.95,0.25
C01864,Small Practice,Counseling,3,190,0.825,0.704,0.149,0.671,0.396,89.2,0.556
C01865,Small Practice,Psychology,5,452,0.56,0.507,0.78,0.623,0.745,122.1,0.673
C01866,Group Practice,Psychology,8,1529,0.675,0.635,0.663,0.588,0.547,168.82,0.482
C01867,Group Practice,Therapy,12,1369,0.6,0.845,0.585,0.7,0.543,158.13,0.556
C01868,Solo Provider,Psychology,1,178,0.512,0.72,0.443,0.261,0.419,60.12,0.822
C01869,Small Practice,Counseling,4,158,0.791,0.679,0.687,0.495,0.574,125.62,0.646
C01870,Group Practice,Psychiatry,15,1143,0.6,0.452,0.67,0.545,0.831,180.86,0.363
C01871,Solo Provider,Counseling,1,107,0.787,0.863,0.575,0.692,0.356,97.17,0.793
C01872,Solo Provider,Therapy,1,141,0.807,0.849,0.594,0.307,0.362,76.29,0.95
C01873,Large Practice,Counseling,40,1738,0.926,0.716,1.0,1.0,1.0,343.02,0.361
C01874,Large Practice,Counseling,34,1736,0.632,0.714,1.0,0.886,0.766,297.05,0.209
C01875,Group Practice,Psychology,10,1440,0.588,0.835,0.558,0.834,0.36,177.51,0.415
C01876,Small Practice,Psychology,2,334,0.872,0.553,0.629,0.238,0.517,105.62,0.516
C01877,Solo Provider,Counseling,1,88,0.869,0.81,0.219,0.436,0.476,70.66,0.869
C01878,Solo Provider,Psychiatry,1,155,0.88,0.898,0.49,0.551,0.443,75.45,0.946
C01879,Small Practice,Therapy,2,324,0.757,0.648,0.48,0.224,0.464,109.32,0.767
C01880,Small Practice,Counseling,2,286,0.692,0.676,0.659,0.671,0.609,100.06,0.583
C01881,Small Practice,Therapy,5,247,0.559,0.412,0.595,0.628,0.477,89.94,0.685
C01882,Small Practice,Psychology,5,522,0.656,0.659,0.306,0.402,0.375,104.45,0.756
C01883,Solo Provider,Psychiatry,1,78,0.853,0.628,0.465,0.597,0.341,51.02,0.738
C01884,Small Practice,Counseling,5,241,0.825,0.877,0.409,0.265,0.579,90.89,0.657
C01885,Solo Provider,Counseling,1,88,0.555,0.567,0.292,0.63,0.246,91.27,0.801
C01886,Solo Provider,Psychiatry,1,132,0.718,0.629,0.451,0.626,0.45,65.11,0.7
C01887,Solo Provider,Psychology,1,104,0.658,0.979,0.558,0.498,0.555,53.61,0.819
C01888,Solo Provider,Psychiatry,1,141,0.95,0.622,0.127,0.24,0.537,79.93,0.642
C01889,Group Practice,Psychiatry,8,1048,0.785,0.779,0.531,0.685,0.541,161.35,0.446
C01890,Solo Provider,Counseling,1,118,0.427,0.818,0.495,0.591,0.0,54.87,0.687
C01891,Solo Provider,Psychiatry,1,78,0.801,0.48,0.847,0.467,0.216,56.41,0.781
C01892,Small Practice,Counseling,3,247,0.852,0.742,0.572,0.753,0.477,118.26,0.543
C01893,Small Practice,Psychology,4,407,0.628,0.642,0.488,0.243,0.277,89.68,0.648
C01894,Solo Provider,Counseling,1,60,0.895,0.448,0.474,0.781,0.348,81.28,0.759
C01895,Solo Provider,Psychology,1,155,0.659,0.879,0.376,0.431,0.487,69.46,0.81
C01896,Solo Provider,Counseling,1,161,0.647,0.806,0.347,0.631,0.408,85.09,0.78
C01897,Small Practice,Psychiatry,5,251,0.659,0.612,0.537,0.69,0.219,106.12,0.737
C01898,Solo Provider,Psychiatry,1,144,0.783,1.0,0.388,0.304,0.397,77.09,0.835
C01899,Solo Provider,Psychiatry,1,144,0.575,0.374,0.26,0.441,0.351,39.96,1.0
C01900,Solo Provider,Therapy,1,82,0.75,0.519,0.498,0.418,0.523,66.95,0.903
C01901,Small Practice,Therapy,5,301,0.814,0.901,0.519,0.722,0.325,136.87,0.563
C01902,Solo Provider,Psychiatry,1,110,0.635,0.308,0.338,0.343,0.267,64.74,0.83
C01903,Group Practice,Counseling,15,849,0.582,0.845,0.931,0.894,0.373,214.1,0.569
C01904,Solo Provider,Counseling,1,142,0.446,0.845,0.499,0.456,0.384,80.11,0.844
C01905,Small Practice,Psychology,4,230,0.474,0.533,0.524,0.815,0.013,80.94,0.589
C01906,Solo Provider,Psychiatry,1,104,0.848,0.554,0.115,0.485,0.673,74.83,0.619
C01907,Solo Provider,Psychology,1,145,0.935,0.641,0.754,0.4,0.585,74.15,0.921
C01908,Solo Provider,Counseling,1,164,0.55,0.228,0.554,0.593,0.38,81.66,0.788
C01909,Group Practice,Therapy,15,1259,0.617,0.677,0.982,0.786,0.562,198.91,0.446
C01910,Group Practice,Counseling,8,1333,0.624,0.648,0.798,0.73,0.433,173.94,0.537
C01911,Solo Provider,Counseling,1,96,0.752,0.696,0.148,0.0,0.402,37.23,0.715
C01912,Solo Provider,Counseling,1,79,0.839,0.714,0.581,0.589,0.23,75.69,0.878
C01913,Group Practice,Therapy,12,1259,0.709,0.793,0.518,0.829,0.651,203.95,0.45
C01914,Small Practice,Counseling,2,256,0.631,0.527,0.534,0.725,0.239,91.36,0.981
C01915,Solo Provider,Psychology,1,115,0.754,0.65,0.472,0.377,0.528,47.19,0.715
C01916,Solo Provider,Psychology,1,69,0.917,0.875,0.164,0.65,0.071,48.96,0.797
C01917,Small Practice,Therapy,5,307,0.783,0.826,0.481,0.527,0.215,115.98,0.547
C01918,Small Practice,Psychiatry,2,158,0.716,0.877,0.285,0.646,0.209,104.28,0.798
C01919,Small Practice,Psychiatry,2,321,0.595,1.0,0.78,0.597,0.562,93.97,0.62
C01920,Large Practice,Counseling,34,2781,0.562,0.886,1.0,0.948,0.989,316.01,0.399
C01921,Solo Provider,Psychiatry,1,173,0.639,0.377,0.609,0.574,0.781,78.37,0.79
C01922,Solo Provider,Therapy,1,89,0.798,0.476,0.453,0.653,0.318,68.83,0.879
C01923,Solo Provider,Counseling,1,124,0.76,0.857,0.431,0.265,0.328,38.63,0.717
C01924,Solo Provider,Therapy,1,141,0.73,0.834,0.294,0.527,0.537,76.21,0.743
C01925,Solo Provider,Counseling,1,108,0.94,0.315,0.506,0.71,0.315,76.72,0.939
C01926,Solo Provider,Counseling,1,104,0.787,0.983,0.51,0.279,0.273,77.4,0.902
C01927,Solo Provider,Psychiatry,1,175,0.653,0.975,0.412,0.591,0.433,69.32,0.667
C01928,Small Practice,Psychology,2,309,0.562,0.763,0.307,0.365,0.174,80.67,0.744
C01929,Solo Provider,Counseling,1,162,0.62,0.673,0.527,0.237,0.399,77.41,0.835
C01930,Solo Provider,Psychology,1,134,0.556,0.503,0.564,0.752,0.279,64.24,0.676
C01931,Small Practice,Psychology,5,354,0.76,0.456,0.671,0.596,0.591,90.79,0.408
C01932,Small Practice,Therapy,2,594,0.592,0.386,0.45,0.565,0.362,100.82,0.697
C01933,Small Practice,Psychology,4,219,0.902,0.647,0.503,0.684,0.505,109.04,0.56
C01934,Group Practice,Psychology,9,1365,0.612,0.553,0.376,0.118,0.456,148.11,0.463
C01935,Small Practice,Psychology,4,365,0.543,0.814,0.573,0.918,0.503,125.39,0.505
C01936,Solo Provider,Counseling,1,149,0.434,0.765,0.594,0.476,0.005,53.21,0.77
C01937,Solo Provider,Counseling,1,133,0.929,0.634,0.403,0.412,0.417,57.92,0.806
C01938,Small Practice,Psychology,5,161,0.616,0.183,0.625,0.657,0.47,106.17,0.606
C01939,Solo Provider,Psychiatry,1,166,0.605,0.805,0.244,0.541,0.372,54.18,0.9
C01940,Solo Provider,Psychiatry,1,145,0.579,0.399,0.38,0.555,0.098,66.41,0.756
C01941,Solo Provider,Therapy,1,89,0.711,0.379,0.45,0.517,0.343,60.97,0.815
C01942,Solo Provider,Psychology,1,155,0.632,0.463,0.611,0.303,0.392,77.45,0.981
C01943,Solo Provider,Psychiatry,1,109,0.737,0.627,0.33,0.469,0.454,75.92,0.839
C01944,Solo Provider,Counseling,1,69,0.883,0.621,0.494,0.189,0.706,77.71,0.759
C01945,Group Practice,Counseling,13,1505,0.634,0.607,0.458,0.234,0.758,166.99,0.505
C01946,Group Practice,Counseling,6,1528,0.824,0.525,0.602,0.743,0.242,169.37,0.503
C01947,Solo Provider,Counseling,1,97,0.784,0.576,0.421,0.856,0.315,67.99,0.859
C01948,Group Practice,Psychiatry,10,1724,0.87,0.646,0.539,0.547,0.271,171.99,0.46
C01949,Solo Provider,Psychiatry,1,110,0.578,0.32,0.496,0.569,0.427,70.79,0.701
C01950,Group Practice,Psychology,14,1672,0.83,0.475,0.833,0.925,0.619,202.38,0.49
C01951,Large Practice,Psychiatry,21,4864,0.627,0.683,1.0,0.549,0.974,279.14,0.281
C01952,Solo Provider,Psychiatry,1,147,1.0,0.726,0.64,0.356,0.289,62.1,0.665
C01953,Small Practice,Psychology,5,294,0.732,0.961,0.833,0.537,0.338,126.89,0.766
C01954,Large Practice,Psychiatry,36,2972,0.806,0.749,0.842,0.725,0.99,315.81,0.28
C01955,Group Practice,Counseling,7,1136,0.445,0.27,0.666,0.471,0.441,151.49,0.394
C01956,Large Practice,Therapy,19,3744,0.853,0.607,0.83,0.859,0.739,275.4,0.38
C01957,Small Practice,Psychiatry,2,481,0.824,0.822,0.339,0.569,0.111,88.46,0.79
C01958,Solo Provider,Psychology,1,116,0.627,0.404,0.46,0.466,0.641,62.73,0.886
C01959,Group Practice,Counseling,13,981,0.357,0.465,0.445,0.715,0.562,166.92,0.452
C01960,Small Practice,Psychology,3,210,0.487,0.634,0.62,0.474,0.471,77.66,0.452
C01961,Small Practice,Therapy,5,442,0.857,0.607,0.847,0.315,0.338,112.64,0.664
C01962,Solo Provider,Psychiatry,1,106,0.541,0.762,0.485,0.453,0.443,65.58,0.786
C01963,Small Practice,Counseling,5,592,0.577,0.484,0.446,0.565,0.159,99.93,0.744
C01964,Solo Provider,Psychiatry,1,92,0.54,0.941,0.471,0.285,0.604,57.8,0.935
C01965,Small Practice,Psychiatry,3,500,0.631,0.31,0.544,0.68,0.503,115.29,0.653
C01966,Solo Provider,Therapy,1,98,0.973,0.511,0.366,0.414,0.271,61.06,0.781
C01967,Small Practice,Psychology,2,334,0.577,0.68,0.316,0.649,0.494,93.0,0.649
C01968,Group Practice,Therapy,14,1350,0.567,0.656,0.637,1.0,0.418,179.65,0.183
C01969,Solo Provider,Psychiatry,1,138,0.443,0.519,0.27,0.358,0.208,55.96,0.896
C01970,Small Practice,Psychology,5,191,0.706,0.817,0.48,0.831,0.511,121.21,0.572
C01971,Solo Provider,Counseling,1,171,0.67,0.667,0.578,0.152,0.315,64.9,0.868
C01972,Large Practice,Therapy,31,3361,0.345,0.956,0.887,1.0,1.0,275.08,0.221
C01973,Small Practice,Psychiatry,3,176,0.694,0.731,0.328,0.566,0.431,98.18,0.749
C01974,Solo Provider,Therapy,1,145,0.766,0.702,0.596,0.373,0.0,58.02,0.776
C01975,Solo Provider,Psychiatry,1,152,0.474,0.547,0.448,0.528,0.025,71.92,0.625
C01976,Solo Provider,Counseling,1,87,0.672,0.65,0.265,0.511,0.312,45.84,0.738
C01977,Solo Provider,Psychiatry,1,151,0.996,0.587,0.583,0.479,0.321,85.19,0.736
C01978,Group Practice,Psychiatry,6,1608,0.582,0.579,0.701,0.089,0.505,150.55,0.504
C01979,Small Practice,Psychiatry,5,408,0.775,0.428,0.651,0.611,0.417,117.17,0.66
C01980,Solo Provider,Counseling,1,63,1.0,0.76,0.587,0.545,0.653,56.44,0.653
C01981,Group Practice,Psychology,11,1680,0.799,0.187,0.614,0.601,0.66,156.27,0.493
C01982,Solo Provider,Psychology,1,159,0.579,0.783,0.521,0.406,0.39,91.07,0.694
C01983,Group Practice,Counseling,11,790,0.818,0.898,0.767,0.637,0.52,183.28,0.579
C01984,Solo Provider,Psychology,1,171,0.588,1.0,0.325,0.217,0.517,70.38,0.727
C01985,Small Practice,Psychology,4,527,0.494,0.643,0.733,0.664,0.395,106.16,0.889
C01986,Group Practice,Psychology,11,1020,0.947,0.827,0.813,0.479,0.732,176.54,0.467
C01987,Solo Provider,Psychology,1,86,0.729,0.986,0.522,0.379,0.216,49.42,0.795
C01988,Small Practice,Therapy,5,449,0.663,0.574,0.634,0.435,0.07,99.49,0.481
C01989,Large Practice,Psychiatry,17,1790,0.514,1.0,0.829,0.694,0.691,252.87,0.273
C01990,Solo Provider,Counseling,1,109,0.855,0.803,0.168,0.55,0.419,92.44,0.768
C01991,Solo Provider,Therapy,1,144,0.643,0.61,0.414,0.408,0.23,85.18,0.851
C01992,Small Practice,Counseling,3,265,0.818,0.217,0.215,0.717,0.647,100.38,0.705
C01993,Solo Provider,Psychology,1,100,0.903,0.786,0.636,0.196,0.42,74.18,0.977
C01994,Solo Provider,Psychiatry,1,129,0.705,0.669,0.675,0.398,0.253,66.24,0.752
C01995,Solo Provider,Therapy,1,110,0.458,0.782,0.44,0.657,0.05,78.23,0.886
C01996,Small Practice,Counseling,3,498,0.705,0.806,0.686,0.625,0.494,117.9,0.816
C01997,Solo Provider,Therapy,1,115,0.89,0.628,0.47,0.53,0.513,71.64,0.975
C01998,Solo Provider,Psychology,1,84,0.96,0.68,0.675,0.546,0.294,63.96,0.992
C01999,Group Practice,Therapy,13,1713,0.512,0.878,0.871,0.719,0.436,181.7,0.449
C02000,Small Practice,Counseling,3,412,0.627,0.741,0.404,0.586,0.138,92.61,0.818
C02001,Group Practice,Therapy,6,1575,0.728,0.722,0.37,0.443,0.347,176.13,0.453
C02002,Solo Provider,Counseling,1,142,0.565,0.666,0.453,0.452,0.366,56.34,0.876
C02003,Large Practice,Psychology,26,4840,0.847,0.734,1.0,1.0,0.614,285.87,0.329
C02004,Small Practice,Therapy,5,561,0.582,0.596,0.481,0.457,0.438,83.63,0.895
C02005,Solo Provider,Psychology,1,158,0.871,0.647,0.399,0.169,0.482,74.44,0.656
C02006,Group Practice,Counseling,14,1454,0.508,0.86,0.664,0.312,0.421,183.13,0.468
C02007,Solo Provider,Therapy,1,162,0.705,0.798,0.615,0.442,0.434,80.27,0.907
C02008,Solo Provider,Counseling,1,118,0.834,0.67,0.451,0.558,0.253,48.34,0.911
C02009,Solo Provider,Counseling,1,118,0.695,0.735,0.564,0.765,0.38,71.03,0.728
C02010,Small Practice,Psychology,2,544,0.778,0.458,0.454,0.8,0.413,99.23,0.545
C02011,Solo Provider,Psychiatry,1,152,0.365,0.639,0.712,0.31,0.15,71.34,0.735
C02012,Solo Provider,Therapy,1,72,0.767,0.419,0.462,0.816,0.321,72.52,0.814
C02013,Solo Provider,Psychiatry,1,99,0.468,0.83,0.593,0.173,0.168,68.28,0.703
C02014,Solo Provider,Counseling,1,90,0.76,0.617,0.476,0.596,0.409,73.34,0.798
C02015,Solo Provider,Psychology,1,128,0.733,0.612,0.4,0.832,0.302,61.63,0.937
C02016,Small Practice,Psychology,5,341,0.968,0.589,0.425,0.487,0.437,106.66,0.682
C02017,Solo Provider,Counseling,1,134,0.993,0.614,0.372,0.653,0.495,95.55,0.941
C02018,Solo Provider,Psychiatry,1,109,0.752,0.598,0.18,0.353,0.399,42.81,0.682
C02019,Small Practice,Therapy,2,444,0.817,0.606,0.615,0.629,0.558,138.0,0.867
C02020,Solo Provider,Counseling,1,118,0.631,0.661,0.701,0.36,0.585,73.75,0.783
C02021,Small Practice,Psychology,3,595,0.501,0.6,0.69,0.417,0.646,92.55,0.593
C02022,Solo Provider,Psychology,1,74,0.738,0.772,0.493,0.538,0.608,67.6,0.809
C02023,Solo Provider,Psychology,1,123,0.891,0.573,0.416,0.691,0.676,74.02,0.825
C02024,Solo Provider,Counseling,1,96,0.699,0.568,0.412,0.452,0.505,83.69,0.791
C02025,Solo Provider,Counseling,1,111,0.645,0.88,0.468,0.491,0.373,71.68,0.947
C02026,Solo Provider,Psychology,1,152,0.887,0.608,0.628,0.552,0.5,61.89,0.897
C02027,Group Practice,Counseling,11,1172,0.844,0.851,0.803,0.65,0.779,170.17,0.384
C02028,Solo Provider,Psychiatry,1,171,0.879,0.454,0.245,0.22,0.478,68.64,0.655
C02029,Small Practice,Psychology,2,195,0.584,0.47,0.511,0.396,0.385,103.32,0.69
C02030,Small Practice,Counseling,5,176,0.725,0.461,0.595,0.672,0.413,138.37,0.621
C02031,Solo Provider,Therapy,1,174,0.506,0.739,0.622,0.454,0.343,66.66,0.76
C02032,Small Practice,Psychology,5,598,0.67,1.0,0.457,0.794,0.522,131.8,0.661
C02033,Solo Provider,Psychology,1,60,0.764,0.521,0.4,0.43,0.223,66.69,0.635
C02034,Solo Provider,Psychology,1,145,0.69,0.596,0.579,0.589,0.328,80.59,1.0
C02035,Solo Provider,Counseling,1,117,0.638,0.695,0.279,0.456,0.28,53.89,1.0
C02036,Small Practice,Psychiatry,4,298,0.482,0.746,0.375,0.704,0.154,77.76,0.638
C02037,Group Practice,Therapy,15,1343,0.657,0.542,0.6,0.845,0.946,185.64,0.484
C02038,Solo Provider,Therapy,1,94,0.71,0.586,0.598,0.561,0.131,76.34,0.91
C02039,Small Practice,Counseling,5,481,0.623,0.704,0.347,0.551,0.5,110.45,0.586
C02040,Small Practice,Psychology,4,323,0.633,0.902,0.475,0.571,0.202,96.54,0.702
C02041,Solo Provider,Psychology,1,127,0.503,0.728,0.138,0.617,0.342,55.97,0.84
C02042,Small Practice,Psychiatry,5,442,0.635,0.685,0.611,0.612,0.299,110.77,0.834
C02043,Small Practice,Psychiatry,3,576,0.764,0.696,0.469,0.486,0.552,80.4,0.823
C02044,Group Practice,Counseling,12,1229,0.703,0.693,0.833,0.193,0.688,171.48,0.578
C02045,Large Practice,Psychology,40,4052,0.946,0.334,1.0,1.0,1.0,321.72,0.356
C02046,Solo Provider,Counseling,1,128,0.769,0.522,0.378,0.518,0.137,31.82,0.858
C02047,Solo Provider,Counseling,1,175,0.769,0.507,0.28,0.443,0.464,51.71,0.835
C02048,Small Practice,Counseling,4,528,0.739,0.69,0.362,0.574,0.56,111.71,0.704
C02049,Solo Provider,Psychology,1,61,0.946,0.68,0.339,0.369,0.394,62.31,0.656
C02050,Solo Provider,Therapy,1,146,0.876,0.372,0.48,0.5,0.374,66.22,0.814
C02051,Large Practice,Psychology,20,3468,0.887,1.0,0.748,0.67,0.565,281.87,0.248
C02052,Solo Provider,Psychology,1,129,0.83,0.772,0.365,0.4,0.661,88.33,0.717
C02053,Solo Provider,Psychology,1,148,0.59,0.437,0.362,0.583,0.232,59.54,0.955
C02054,Group Practice,Therapy,10,1308,0.793,0.942,0.534,0.638,0.32,188.36,0.46
C02055,Solo Provider,Counseling,1,124,0.733,1.0,0.543,0.42,0.436,60.95,0.654
C02056,Solo Provider,Counseling,1,106,0.702,0.639,0.646,0.495,0.218,30.85,0.956
C02057,Large Practice,Psychiatry,31,2470,0.733,0.648,0.99,0.891,0.983,287.83,0.24
C02058,Solo Provider,Psychiatry,1,120,0.693,0.465,0.356,0.709,0.602,83.03,0.914
C02059,Solo Provider,Therapy,1,157,0.852,0.714,0.757,0.356,0.469,79.82,0.674
C02060,Solo Provider,Counseling,1,90,0.442,0.432,0.273,0.555,0.421,61.64,1.0
C02061,Group Practice,Therapy,11,872,0.724,0.774,0.637,0.819,0.39,185.16,0.205
C02062,Solo Provider,Psychiatry,1,118,0.897,0.551,0.309,0.971,0.365,81.86,0.779
C02063,Small Practice,Psychiatry,3,292,0.871,0.41,0.575,0.486,0.266,78.09,0.655
C02064,Solo Provider,Psychiatry,1,86,0.838,0.598,0.393,0.489,0.343,52.96,0.914
C02065,Solo Provider,Psychology,1,138,0.668,0.458,0.489,0.389,0.157,78.65,0.853
C02066,Group Practice,Counseling,9,1383,0.685,0.628,0.508,0.807,0.526,189.92,0.232
C02067,Small Practice,Counseling,5,291,0.79,0.154,0.525,0.712,0.497,119.06,0.671
C02068,Large Practice,Psychology,20,4794,0.881,0.679,0.762,0.892,0.65,276.07,0.19
C02069,Solo Provider,Therapy,1,75,0.789,0.817,0.605,0.5,0.342,72.94,0.741
C02070,Small Practice,Counseling,3,590,0.703,1.0,0.269,0.563,0.461,91.99,0.701
C02071,Group Practice,Psychiatry,7,1592,0.62,0.393,0.698,0.697,0.331,159.54,0.396
C02072,Solo Provider,Counseling,1,153,0.814,0.794,0.415,0.507,0.385,52.43,0.824
C02073,Solo Provider,Psychiatry,1,101,0.773,0.438,0.567,0.331,0.173,60.53,0.797
C02074,Group Practice,Psychology,8,839,0.566,0.687,0.615,0.794,0.522,157.85,0.39
C02075,Solo Provider,Psychiatry,1,86,0.748,0.793,0.331,0.555,0.342,77.39,0.872
C02076,Small Practice,Psychiatry,5,438,0.855,0.695,0.445,0.474,0.445,95.93,0.6
C02077,Large Practice,Therapy,37,1632,0.544,0.892,1.0,1.0,1.0,306.86,0.359
C02078,Solo Provider,Psychology,1,140,0.667,0.663,0.369,0.433,0.431,49.62,0.844
C02079,Solo Provider,Psychiatry,1,67,0.783,0.544,0.361,0.587,0.0,79.82,0.8
C02080,Solo Provider,Counseling,1,106,0.311,0.798,0.547,0.268,0.446,49.55,0.9
C02081,Solo Provider,Psychiatry,1,63,0.704,0.826,0.384,0.505,0.268,77.98,0.802
C02082,Solo Provider,Counseling,1,126,0.716,0.586,0.46,0.376,0.219,81.58,0.92
C02083,Small Practice,Psychiatry,5,481,0.787,0.805,0.343,0.48,0.353,124.44,0.84
C02084,Solo Provider,Psychiatry,1,90,0.481,0.789,0.547,0.723,0.209,58.77,0.872
C02085,Small Practice,Therapy,3,360,0.694,0.992,0.562,0.483,0.425,91.28,0.64
C02086,Solo Provider,Psychology,1,112,0.989,0.938,0.439,0.631,0.676,74.68,0.924
C02087,Solo Provider,Therapy,1,123,0.442,0.789,0.651,0.724,0.473,61.29,0.835
C02088,Solo Provider,Psychiatry,1,105,0.748,0.536,0.544,0.382,0.446,71.55,0.932
C02089,Small Practice,Counseling,3,223,0.837,0.969,0.479,0.625,0.631,86.92,0.717
C02090,Solo Provider,Psychology,1,150,0.813,0.578,0.681,0.828,0.279,68.83,0.697
C02091,Solo Provider,Psychology,1,108,0.637,0.926,0.31,0.638,0.576,77.48,0.882
C02092,Group Practice,Counseling,6,840,0.977,0.606,0.682,0.545,0.182,161.82,0.423
C02093,Small Practice,Counseling,2,330,0.601,0.763,0.591,0.472,0.339,102.46,0.545
C02094,Solo Provider,Counseling,1,119,0.907,0.542,0.764,0.45,0.216,54.94,0.664
C02095,Group Practice,Psychology,9,1325,0.661,0.536,0.458,0.423,0.379,187.34,0.552
C02096,Solo Provider,Psychiatry,1,168,0.98,0.774,0.391,0.398,0.481,74.53,0.775
C02097,Solo Provider,Therapy,1,142,0.733,1.0,0.296,0.588,0.415,79.32,0.702
C02098,Solo Provider,Psychiatry,1,102,0.93,1.0,0.527,0.189,0.44,65.68,0.874
C02099,Solo Provider,Psychology,1,88,0.627,0.626,0.618,0.748,0.177,49.17,0.749
C02100,Solo Provider,Psychiatry,1,169,0.976,0.807,0.165,0.501,0.325,78.24,0.724
C02101,Small Practice,Psychology,4,298,0.74,0.535,0.415,0.555,0.353,109.04,0.649
C02102,Solo Provider,Therapy,1,96,0.586,0.644,0.7,0.656,0.367,69.83,0.84
C02103,Group Practice,Therapy,14,1637,0.765,0.88,0.457,0.531,0.643,214.11,0.499
C02104,Group Practice,Psychiatry,11,820,0.695,0.636,0.651,0.927,0.679,204.36,0.29
C02105,Small Practice,Therapy,2,184,0.739,0.359,0.457,0.604,0.535,92.38,0.473
C02106,Small Practice,Counseling,5,201,0.925,0.727,0.697,0.637,0.584,121.7,0.665
C02107,Small Practice,Psychiatry,2,533,0.808,0.425,0.588,0.449,0.441,94.14,0.555
C02108,Large Practice,Psychiatry,24,1909,0.813,0.847,0.637,0.533,0.636,296.32,0.193
C02109,Solo Provider,Psychiatry,1,112,0.901,0.471,0.722,0.73,0.124,49.42,0.697
C02110,Solo Provider,Psychiatry,1,170,0.703,0.653,0.161,0.269,0.407,36.25,0.862
C02111,Small Practice,Counseling,4,445,0.853,0.43,0.508,0.324,0.547,99.97,0.448
C02112,Small Practice,Psychology,3,335,0.792,0.566,0.39,0.496,0.211,96.22,0.64
C02113,Solo Provider,Therapy,1,163,0.637,0.83,0.304,0.222,0.289,58.82,0.812
C02114,Small Practice,Therapy,3,548,0.531,0.473,0.422,0.44,0.569,94.06,0.676
C02115,Solo Provider,Therapy,1,121,0.767,0.406,0.0,0.287,0.457,38.58,0.889
C02116,Group Practice,Psychiatry,13,812,0.793,0.901,0.788,0.886,0.657,189.17,0.495
C02117,Solo Provider,Psychology,1,124,0.823,0.41,0.444,0.604,0.579,82.87,0.752
C02118,Solo Provider,Counseling,1,120,0.848,0.506,0.574,0.496,0.19,80.93,0.785
C02119,Solo Provider,Psychiatry,1,92,0.547,0.383,0.525,0.227,0.603,77.06,0.954
C02120,Solo Provider,Therapy,1,63,0.95,0.892,0.385,0.757,0.231,49.45,0.78
C02121,Solo Provider,Therapy,1,60,0.722,0.597,0.397,0.484,0.281,79.44,0.804
C02122,Solo Provider,Psychiatry,1,70,0.829,0.689,0.521,0.507,0.26,73.22,0.844
C02123,Solo Provider,Psychiatry,1,131,0.58,0.409,0.478,0.64,0.519,73.64,0.92
C02124,Solo Provider,Psychology,1,66,0.7,0.426,0.363,0.503,0.328,46.88,0.809
C02125,Solo Provider,Therapy,1,143,0.527,0.79,0.34,0.397,0.382,76.94,0.707
C02126,Solo Provider,Therapy,1,110,0.7,0.515,0.488,0.427,0.364,56.79,0.922
C02127,Solo Provider,Psychology,1,100,0.596,0.593,0.686,0.497,0.553,85.83,0.782
C02128,Solo Provider,Psychiatry,1,102,0.783,0.392,0.227,0.694,0.527,50.79,1.0
C02129,Solo Provider,Psychiatry,1,144,0.773,0.466,0.354,0.427,0.425,65.15,0.734
C02130,Solo Provider,Therapy,1,134,0.869,0.775,0.533,0.488,0.283,55.57,0.854
C02131,Solo Provider,Therapy,1,87,0.718,0.456,0.459,0.333,0.308,52.42,0.732
C02132,Small Practice,Psychiatry,2,377,0.336,0.326,0.601,0.549,0.277,86.74,0.747
C02133,Large Practice,Psychiatry,23,1819,0.582,0.993,0.83,0.809,0.834,277.6,0.115
C02134,Group Practice,Counseling,13,1194,0.699,1.0,0.565,0.816,0.705,194.2,0.464
C02135,Small Practice,Counseling,5,397,0.404,0.713,0.589,0.66,0.449,97.89,0.747
C02136,Small Practice,Psychiatry,4,522,0.552,0.631,0.612,0.46,0.534,107.12,0.616
C02137,Solo Provider,Psychiatry,1,172,0.613,1.0,0.339,0.123,0.247,54.76,0.813
C02138,Small Practice,Psychiatry,5,152,0.847,0.593,0.273,0.342,0.435,97.75,0.494
C02139,Small Practice,Psychology,2,583,0.751,0.658,0.324,0.555,0.347,106.8,0.674
C02140,Group Practice,Psychiatry,6,918,0.719,0.742,0.463,0.765,0.325,180.66,0.429
C02141,Group Practice,Counseling,8,1476,0.499,0.576,0.779,0.21,0.509,163.68,0.387
C02142,Solo Provider,Counseling,1,140,0.648,0.823,0.473,0.684,0.561,69.65,0.803
C02143,Small Practice,Psychiatry,3,163,0.786,0.442,0.53,0.493,0.341,92.77,0.581
C02144,Group Practice,Therapy,15,1125,0.645,0.856,0.695,0.487,0.649,195.76,0.331
C02145,Solo Provider,Therapy,1,140,0.828,0.908,0.205,0.434,0.187,57.02,1.0
C02146,Group Practice,Counseling,11,845,1.0,0.519,0.372,0.435,0.569,164.84,0.455
C02147,Solo Provider,Psychiatry,1,160,0.627,0.66,0.664,0.569,0.284,77.47,0.777
C02148,Large Practice,Psychiatry,16,3117,0.534,0.851,0.643,0.416,0.365,270.19,0.433
C02149,Small Practice,Psychology,2,184,0.668,0.329,0.594,0.519,0.153,77.65,0.67
C02150,Solo Provider,Counseling,1,171,0.538,0.711,0.367,0.11,0.517,55.38,0.905
C02151,Small Practice,Psychiatry,2,184,0.766,0.735,0.739,0.595,0.332,98.88,0.693
C02152,Solo Provider,Psychiatry,1,95,0.54,0.87,0.545,0.196,0.265,42.89,0.876
C02153,Small Practice,Counseling,5,222,1.0,0.59,0.687,0.815,0.304,137.78,0.677
C02154,Small Practice,Therapy,4,385,1.0,0.535,0.78,0.551,0.373,107.74,0.714
C02155,Small Practice,Counseling,5,547,0.773,0.325,0.405,0.683,0.589,112.47,0.686
C02156,Group Practice,Psychology,11,696,0.844,0.393,0.539,0.619,0.577,162.56,0.239
C02157,Solo Provider,Therapy,1,134,0.61,0.832,0.402,0.399,0.447,77.13,0.767
C02158,Solo Provider,Therapy,1,76,0.667,0.449,0.678,0.722,0.225,64.58,0.84
C02159,Solo Provider,Psychology,1,172,0.569,0.807,0.644,0.351,0.378,54.98,0.922
C02160,Solo Provider,Counseling,1,155,0.6,0.769,0.441,0.244,0.32,86.65,0.975
C02161,Solo Provider,Therapy,1,117,0.563,0.568,0.735,0.655,0.588,58.87,0.9
C02162,Solo Provider,Psychology,1,141,0.558,0.525,0.387,0.397,0.284,62.46,0.864
C02163,Solo Provider,Counseling,1,153,0.738,0.528,0.493,0.255,0.021,68.95,0.864
C02164,Solo Provider,Psychology,1,179,0.711,0.58,0.264,0.71,0.442,68.46,0.829
C02165,Group Practice,Psychology,9,771,0.533,0.695,0.504,0.536,0.77,145.64,0.445
C02166,Solo Provider,Therapy,1,78,0.55,0.625,0.251,0.586,0.324,65.19,0.752
C02167,Group Practice,Psychology,11,1581,0.68,0.61,0.612,0.69,0.581,173.3,0.563
C02168,Solo Provider,Psychology,1,75,0.736,1.0,0.459,0.512,0.178,65.0,0.729
C02169,Solo Provider,Therapy,1,156,0.797,0.709,0.586,0.342,0.441,69.94,0.801
C02170,Small Practice,Psychiatry,4,587,0.557,0.431,0.558,0.633,0.403,95.27,0.649
C02171,Solo Provider,Counseling,1,77,0.775,0.661,0.41,0.659,0.465,71.6,0.646
C02172,Solo Provider,Counseling,1,164,0.721,0.083,0.495,0.633,0.351,88.58,0.684
C02173,Small Practice,Therapy,5,519,0.62,0.603,0.228,0.64,0.235,113.06,0.717
C02174,Solo Provider,Psychology,1,70,0.689,0.458,0.652,0.512,0.382,70.43,0.707
C02175,Solo Provider,Psychology,1,171,0.501,0.891,0.729,0.685,0.498,62.67,0.977
C02176,Small Practice,Psychology,4,188,0.502,0.459,0.448,0.599,0.378,101.46,0.548
C02177,Solo Provider,Psychology,1,74,0.686,0.801,0.472,0.188,0.426,64.59,0.958
C02178,Group Practice,Counseling,10,1779,0.624,0.752,0.488,0.578,0.494,163.79,0.498
C02179,Solo Provider,Psychiatry,1,171,0.771,0.728,0.482,0.671,0.338,65.98,0.828
C02180,Large Practice,Psychology,28,4002,0.751,1.0,0.981,0.929,0.97,306.01,0.065
C02181,Small Practice,Psychology,5,328,0.713,0.642,0.384,0.486,0.315,120.79,0.75
C02182,Large Practice,Psychology,20,2805,0.573,0.53,0.638,0.567,0.56,275.01,0.248
C02183,Group Practice,Counseling,15,1725,0.858,0.896,0.718,0.889,0.416,194.84,0.394
C02184,Solo Provider,Therapy,1,140,0.733,0.907,0.315,0.421,0.355,53.19,0.748
C02185,Small Practice,Counseling,2,172,0.663,0.911,0.327,0.663,0.577,108.04,0.599
C02186,Solo Provider,Psychology,1,170,0.762,0.665,0.363,0.625,0.312,69.2,0.803
C02187,Group Practice,Counseling,9,1484,0.989,0.517,0.593,0.356,0.734,171.6,0.454
C02188,Small Practice,Psychiatry,2,297,0.715,0.518,0.658,0.634,0.504,96.01,0.582
C02189,Solo Provider,Psychiatry,1,166,0.683,0.794,0.54,0.38,0.468,60.69,0.703
C02190,Group Practice,Therapy,10,1169,0.524,0.477,0.833,0.852,0.873,193.77,0.495
C02191,Solo Provider,Counseling,1,72,0.647,0.807,0.669,0.646,0.242,60.66,0.839
C02192,Small Practice,Counseling,3,498,0.945,0.434,0.82,0.629,0.334,98.68,0.657
C02193,Small Practice,Psychiatry,2,159,0.711,0.591,0.34,0.486,0.189,78.21,0.523
C02194,Solo Provider,Therapy,1,77,0.951,0.723,0.554,0.514,0.444,76.91,0.918
C02195,Small Practice,Psychology,4,257,0.694,0.758,0.616,0.39,0.428,103.24,0.466
C02196,Group Practice,Psychology,11,737,0.649,0.577,0.692,0.481,0.827,172.0,0.507
C02197,Solo Provider,Psychology,1,73,0.849,0.716,0.314,0.892,0.464,76.82,0.675
C02198,Small Practice,Therapy,4,590,0.701,0.435,0.518,0.407,0.37,94.9,0.689
C02199,Solo Provider,Counseling,1,121,0.656,0.798,0.332,0.402,0.18,62.63,0.718
C02200,Small Practice,Psychiatry,3,236,0.579,0.76,0.511,0.301,0.43,76.63,0.769
C02201,Solo Provider,Psychology,1,176,0.608,0.353,0.486,0.653,0.326,91.27,0.831
C02202,Group Practice,Counseling,9,1483,1.0,0.878,0.593,0.658,0.464,184.21,0.475
C02203,Group Practice,Psychology,9,1231,0.493,0.888,0.731,0.367,0.538,183.2,0.553
C02204,Solo Provider,Therapy,1,93,0.596,0.827,0.467,0.578,0.23,56.65,0.374
C02205,Solo Provider,Counseling,1,127,0.669,0.767,0.631,0.456,0.304,49.02,0.581
C02206,Small Practice,Psychology,2,238,0.783,0.592,0.4,0.414,0.269,96.38,0.742
C02207,Small Practice,Counseling,5,371,0.371,0.746,0.452,0.512,0.643,113.78,0.611
C02208,Solo Provider,Psychology,1,132,0.547,0.656,0.226,0.502,0.426,54.07,0.911
C02209,Solo Provider,Counseling,1,77,0.603,0.604,0.32,0.145,0.212,54.11,0.795
C02210,Solo Provider,Counseling,1,96,0.783,0.802,0.398,0.242,0.428,61.89,0.799
C02211,Large Practice,Therapy,36,2227,0.768,0.672,1.0,1.0,0.895,313.14,0.212
C02212,Solo Provider,Therapy,1,76,0.693,0.667,0.455,0.451,0.616,69.35,0.894
C02213,Group Practice,Therapy,13,1518,0.906,0.545,0.5,0.695,0.646,195.05,0.499
C02214,Solo Provider,Counseling,1,121,0.59,0.396,0.377,0.611,0.23,64.05,0.607
C02215,Group Practice,Therapy,7,1516,0.441,0.663,0.497,0.869,0.489,169.77,0.509
C02216,Solo Provider,Psychiatry,1,75,0.627,0.845,0.577,0.259,0.181,74.71,0.681
C02217,Solo Provider,Counseling,1,156,0.44,0.792,0.525,0.537,0.297,67.12,0.919
C02218,Group Practice,Psychiatry,15,648,0.518,0.354,0.855,0.922,0.783,177.69,0.436
C02219,Group Practice,Therapy,10,1551,0.552,0.642,0.808,0.855,0.457,165.65,0.226
C02220,Solo Provider,Psychiatry,1,96,0.735,0.586,0.401,0.384,0.187,81.56,1.0
C02221,Solo Provider,Therapy,1,176,0.577,0.334,0.49,0.487,0.462,51.42,0.885
C02222,Solo Provider,Psychiatry,1,89,0.647,0.759,0.426,0.669,0.014,52.9,0.874
C02223,Solo Provider,Psychology,1,66,0.711,0.874,0.345,0.349,0.312,51.19,0.756
C02224,Solo Provider,Psychology,1,61,0.724,0.733,0.342,0.352,0.35,60.89,0.775
C02225,Group Practice,Psychology,12,1736,0.75,0.48,0.612,0.592,0.561,163.9,0.569
C02226,Solo Provider,Therapy,1,82,0.341,0.543,0.292,0.0,0.63,66.38,0.856
C02227,Small Practice,Counseling,5,442,0.763,0.574,0.647,0.592,0.435,127.18,0.654
C02228,Solo Provider,Psychiatry,1,120,0.546,0.711,0.538,0.487,0.36,67.76,0.693
C02229,Solo Provider,Psychiatry,1,80,0.518,0.605,0.365,0.679,0.6,70.69,0.686
C02230,Small Practice,Psychology,5,160,0.77,0.667,0.467,0.576,0.408,97.89,0.809
C02231,Solo Provider,Therapy,1,135,0.776,0.729,0.42,0.745,0.055,73.47,0.691
C02232,Small Practice,Psychiatry,4,443,0.559,0.566,0.392,0.656,0.558,118.68,0.659
C02233,Solo Provider,Psychiatry,1,173,0.492,0.664,0.667,0.678,0.583,85.27,0.741
C02234,Group Practice,Therapy,15,1046,0.789,0.886,0.556,0.365,0.897,189.52,0.499
C02235,Small Practice,Counseling,2,511,0.386,0.688,0.4,0.533,0.391,102.61,0.312
C02236,Group Practice,Psychiatry,13,838,0.748,0.617,0.652,0.685,0.625,189.06,0.498
C02237,Solo Provider,Therapy,1,160,0.591,0.583,0.719,0.486,0.508,68.13,0.814
C02238,Solo Provider,Psychiatry,1,68,0.848,0.743,0.235,0.541,0.219,84.91,0.927
C02239,Solo Provider,Counseling,1,160,0.754,0.567,0.513,0.352,0.72,75.05,0.919
C02240,Small Practice,Psychology,2,521,0.626,0.451,0.148,0.538,0.355,93.55,0.702
C02241,Solo Provider,Psychology,1,97,0.771,0.796,0.246,0.66,0.307,79.38,0.852
C02242,Solo Provider,Counseling,1,62,0.719,0.682,0.599,0.257,0.225,46.63,0.772
C02243,Solo Provider,Therapy,1,82,0.659,0.591,0.478,0.502,0.528,68.34,0.857
C02244,Solo Provider,Psychology,1,86,0.693,0.645,0.843,0.264,0.229,68.49,0.693
C02245,Solo Provider,Psychiatry,1,95,0.734,0.547,0.599,0.575,0.509,46.1,0.92
C02246,Solo Provider,Psychology,1,165,0.506,0.695,0.454,0.507,0.187,46.85,0.903
C02247,Solo Provider,Counseling,1,145,0.813,0.392,0.462,0.819,0.722,68.62,0.638
C02248,Small Practice,Therapy,3,565,1.0,0.638,0.656,0.587,0.224,96.82,0.464
C02249,Solo Provider,Therapy,1,88,0.739,0.84,0.252,0.457,0.485,66.62,0.691
C02250,Solo Provider,Counseling,1,102,0.568,0.799,0.525,0.628,0.499,83.87,0.777
C02251,Small Practice,Psychiatry,5,362,0.794,0.295,0.413,0.954,0.532,102.36,0.711
C02252,Small Practice,Psychiatry,3,239,0.66,0.638,0.782,0.709,0.42,117.44,0.657
C02253,Solo Provider,Therapy,1,121,0.412,0.784,0.476,0.289,0.054,50.53,0.889
C02254,Small Practice,Psychiatry,5,153,0.66,0.644,0.436,0.547,0.527,103.71,0.622
C02255,Large Practice,Therapy,35,3721,0.801,0.445,0.971,0.831,0.982,315.62,0.443
C02256,Small Practice,Therapy,4,302,0.733,0.62,0.507,0.572,0.47,103.54,0.551
C02257,Group Practice,Therapy,9,1037,0.854,0.303,0.609,0.35,0.577,148.09,0.41
C02258,Small Practice,Therapy,5,410,0.323,0.644,0.629,0.794,0.198,118.12,0.598
C02259,Solo Provider,Counseling,1,83,0.873,0.881,0.849,0.426,0.424,50.65,0.765
C02260,Solo Provider,Counseling,1,166,0.401,0.556,0.245,0.587,0.251,70.75,0.621
C02261,Small Practice,Counseling,3,467,0.635,0.474,0.667,0.582,0.312,131.88,0.459
C02262,Large Practice,Therapy,26,4381,0.916,0.523,0.765,0.88,0.684,305.19,0.201
C02263,Solo Provider,Psychiatry,1,146,0.692,0.448,0.608,0.414,0.071,54.27,0.687
C02264,Solo Provider,Psychiatry,1,74,0.726,0.871,0.429,0.433,0.555,67.97,0.898
C02265,Small Practice,Psychology,5,281,0.629,0.441,0.855,0.468,0.484,117.94,0.498
C02266,Solo Provider,Therapy,1,92,0.519,0.952,0.735,0.608,0.385,72.12,0.781
C02267,Small Practice,Therapy,4,497,0.713,0.827,0.372,0.808,0.359,111.88,0.575
C02268,Small Practice,Counseling,3,328,0.439,0.563,0.169,0.421,0.309,82.92,0.68
C02269,Small Practice,Psychiatry,3,396,0.896,1.0,0.357,0.709,0.462,98.91,0.476
C02270,Group Practice,Counseling,7,1298,0.749,0.456,0.575,1.0,0.715,165.85,0.373
C02271,Small Practice,Therapy,4,415,0.549,0.828,0.92,0.663,0.6,108.29,0.757
C02272,Small Practice,Counseling,3,493,0.557,0.882,0.332,0.655,0.574,97.12,0.601
C02273,Small Practice,Psychology,4,264,0.566,0.678,0.372,0.404,0.504,98.36,0.712
C02274,Group Practice,Counseling,11,1470,0.876,0.569,0.924,0.609,0.568,186.38,0.407
C02275,Group Practice,Psychology,7,806,0.648,0.88,0.569,0.784,0.186,171.36,0.644
C02276,Solo Provider,Counseling,1,116,0.835,0.676,0.293,0.1,0.642,57.63,0.778
C02277,Small Practice,Psychiatry,2,368,0.92,0.562,0.577,0.467,0.198,111.01,0.74
C02278,Solo Provider,Psychiatry,1,108,0.598,0.643,0.48,0.588,0.664,68.84,0.768
C02279,Group Practice,Therapy,8,1170,0.559,0.34,0.59,0.686,0.494,158.33,0.444
C02280,Small Practice,Therapy,2,267,0.725,0.735,0.529,0.591,0.584,111.44,0.707
C02281,Solo Provider,Counseling,1,83,0.858,0.596,0.477,0.296,0.681,88.32,0.553
C02282,Solo Provider,Psychiatry,1,118,0.764,0.307,0.77,0.599,0.014,70.17,0.758
C02283,Solo Provider,Therapy,1,93,0.639,0.174,0.684,0.597,0.033,66.46,0.834
C02284,Small Practice,Psychiatry,5,210,0.576,0.54,0.476,0.62,0.558,111.53,0.435
C02285,Solo Provider,Psychiatry,1,108,0.773,0.68,0.404,0.753,0.57,73.36,0.763
C02286,Solo Provider,Psychology,1,89,0.892,0.503,0.308,0.559,0.199,53.48,0.606
C02287,Group Practice,Therapy,15,1624,0.933,0.522,0.656,0.706,0.523,193.02,0.377
C02288,Small Practice,Therapy,5,486,0.585,0.614,0.573,0.302,0.42,94.75,0.521
C02289,Solo Provider,Psychology,1,74,0.818,0.637,0.715,0.5,0.513,73.16,0.879
C02290,Solo Provider,Therapy,1,171,0.684,0.554,0.379,0.538,0.151,49.55,0.713
C02291,Large Practice,Psychiatry,39,4437,0.585,0.524,1.0,0.892,1.0,309.79,0.188
C02292,Small Practice,Psychology,2,199,0.595,0.271,0.531,0.404,0.423,102.29,0.641
C02293,Small Practice,Psychology,4,308,0.666,0.857,0.177,0.323,0.298,90.91,0.481
C02294,Solo Provider,Therapy,1,109,0.613,0.825,0.452,0.476,0.311,76.53,0.695
C02295,Solo Provider,Psychology,1,82,0.518,0.942,0.364,0.384,0.439,64.92,0.856
C02296,Solo Provider,Therapy,1,144,0.648,0.861,0.372,0.5,0.622,65.87,0.666
C02297,Small Practice,Therapy,3,347,0.779,0.811,0.297,0.591,0.361,111.54,0.877
C02298,Solo Provider,Therapy,1,68,0.743,0.66,0.57,0.366,0.573,72.67,0.668
C02299,Solo Provider,Psychology,1,120,0.576,0.658,0.613,0.221,0.343,59.7,0.656
C02300,Small Practice,Psychology,2,371,0.724,0.573,0.592,0.733,0.388,120.47,0.739
C02301,Group Practice,Psychology,12,1041,0.915,0.643,0.483,0.695,0.555,168.83,0.309
C02302,Small Practice,Therapy,4,185,0.742,0.917,0.448,0.412,0.17,104.88,0.747
C02303,Solo Provider,Psychiatry,1,147,0.581,0.853,0.438,0.484,0.278,71.74,0.759
C02304,Solo Provider,Therapy,1,109,0.488,0.665,0.608,0.498,0.526,80.63,0.934
C02305,Solo Provider,Psychiatry,1,98,0.695,0.712,0.395,0.426,0.284,60.52,1.0
C02306,Solo Provider,Therapy,1,125,0.86,0.494,0.72,0.448,0.376,82.86,0.617
C02307,Small Practice,Psychology,4,238,0.522,0.861,0.309,0.655,0.379,106.56,0.784
C02308,Solo Provider,Counseling,1,109,0.886,0.598,0.461,0.323,0.323,73.53,0.993
C02309,Small Practice,Counseling,3,541,0.945,0.72,0.62,0.619,0.467,122.01,0.45
C02310,Group Practice,Therapy,15,1263,0.852,0.668,0.8,0.707,0.777,199.05,0.452
C02311,Large Practice,Therapy,21,3273,0.982,0.758,0.567,0.656,0.818,267.86,0.426
C02312,Solo Provider,Therapy,1,141,1.0,0.682,0.528,0.299,0.535,61.28,0.755
C02313,Solo Provider,Counseling,1,146,0.907,0.734,0.332,0.422,0.579,76.86,0.776
C02314,Solo Provider,Counseling,1,95,0.821,0.035,0.655,0.367,0.314,80.18,0.954
C02315,Solo Provider,Therapy,1,80,0.809,0.826,0.68,0.777,0.384,72.91,0.726
C02316,Solo Provider,Counseling,1,112,0.719,0.64,0.313,0.586,0.133,63.97,0.809
C02317,Solo Provider,Psychology,1,92,0.828,0.779,0.798,0.424,0.41,74.41,0.822
C02318,Small Practice,Therapy,2,443,0.522,0.651,0.244,0.467,0.289,106.46,0.62
C02319,Solo Provider,Psychiatry,1,100,0.538,0.807,0.379,0.436,0.438,55.22,0.773
C02320,Group Practice,Psychiatry,13,522,0.434,0.719,0.18,0.807,0.676,207.12,0.61
C02321,Solo Provider,Counseling,1,115,0.606,1.0,0.286,0.189,0.646,44.22,0.86
C02322,Solo Provider,Therapy,1,101,0.497,0.749,0.335,0.389,0.663,69.76,1.0
C02323,Solo Provider,Therapy,1,176,0.835,0.549,0.13,0.043,0.357,56.35,0.888
C02324,Solo Provider,Psychology,1,106,0.821,0.814,0.673,0.544,0.409,69.77,0.796
C02325,Solo Provider,Psychiatry,1,135,0.876,0.581,0.399,0.42,0.167,68.36,0.791
C02326,Large Practice,Psychiatry,37,3363,0.856,0.584,0.775,1.0,1.0,327.87,0.386
C02327,Solo Provider,Counseling,1,65,0.558,0.556,0.62,0.824,0.377,92.14,0.737
C02328,Solo Provider,Counseling,1,89,0.749,0.573,0.505,0.351,0.312,71.9,0.737
C02329,Small Practice,Psychology,5,243,0.832,0.501,0.494,0.666,0.569,115.14,0.505
C02330,Solo Provider,Counseling,1,106,0.578,0.814,0.744,0.068,0.27,62.08,0.826
C02331,Small Practice,Counseling,2,170,0.712,0.555,0.327,0.322,0.275,96.88,0.593
C02332,Solo Provider,Psychology,1,161,0.602,0.468,0.36,0.416,0.256,76.67,0.867
C02333,Group Practice,Counseling,12,501,0.868,0.775,0.657,0.904,0.54,189.02,0.49
C02334,Solo Provider,Therapy,1,164,0.707,0.733,0.472,0.591,0.268,59.04,0.736
C02335,Solo Provider,Therapy,1,123,0.852,0.567,0.563,0.557,0.302,77.16,0.931
C02336,Small Practice,Counseling,3,507,0.688,0.667,0.266,0.396,0.473,89.84,0.492
C02337,Group Practice,Therapy,11,1214,1.0,0.771,0.78,0.495,0.602,179.06,0.274
C02338,Solo Provider,Psychology,1,155,0.776,0.395,0.524,0.593,0.278,57.57,0.717
C02339,Small Practice,Psychiatry,5,506,0.652,0.742,0.445,0.832,0.679,111.33,0.674
C02340,Solo Provider,Counseling,1,102,0.748,0.739,0.435,0.445,0.421,60.76,0.807
C02341,Solo Provider,Psychology,1,109,0.717,0.541,0.352,0.511,0.282,76.04,0.727
C02342,Solo Provider,Therapy,1,90,0.977,0.763,0.342,0.709,0.261,72.3,0.997
C02343,Small Practice,Psychiatry,4,554,0.705,0.698,0.476,0.391,0.473,89.31,0.752
C02344,Solo Provider,Psychology,1,96,0.931,0.758,0.399,0.435,0.648,86.41,0.894
C02345,Small Practice,Counseling,3,269,0.783,0.713,0.469,0.555,0.571,103.45,0.81
C02346,Solo Provider,Counseling,1,157,0.947,0.948,0.525,0.817,0.417,61.52,0.709
C02347,Group Practice,Counseling,8,980,0.701,0.566,0.483,0.578,0.623,162.66,0.395
C02348,Group Practice,Counseling,12,707,0.838,0.637,0.672,0.908,0.992,201.21,0.514
C02349,Solo Provider,Counseling,1,128,0.522,0.716,0.474,0.664,0.309,74.67,0.82
C02350,Solo Provider,Psychology,1,130,0.512,0.931,0.655,0.636,0.303,61.2,0.873
C02351,Solo Provider,Psychiatry,1,104,0.669,0.97,0.546,0.551,0.421,45.67,0.791
C02352,Group Practice,Psychology,9,1734,0.793,0.484,0.569,0.399,0.404,178.91,0.45
C02353,Solo Provider,Counseling,1,106,0.59,0.705,0.251,0.522,0.511,82.48,0.793
C02354,Small Practice,Psychiatry,4,573,0.736,0.605,0.43,0.3,0.228,115.05,0.749
C02355,Solo Provider,Counseling,1,157,0.538,0.662,0.229,0.346,0.407,38.21,0.748
C02356,Small Practice,Psychology,5,422,0.693,0.451,0.544,0.546,0.503,111.25,0.616
C02357,Solo Provider,Therapy,1,129,0.502,0.525,0.591,0.418,0.356,59.57,0.753
C02358,Small Practice,Counseling,5,493,0.511,0.733,0.684,0.53,0.582,104.26,0.601
C02359,Large Practice,Counseling,38,4244,0.764,0.63,1.0,0.737,0.988,328.92,0.396
C02360,Solo Provider,Psychology,1,155,0.825,0.834,0.409,0.222,0.329,73.2,0.864
C02361,Group Practice,Therapy,6,1059,0.555,0.494,0.458,0.249,0.379,154.78,0.455
C02362,Solo Provider,Therapy,1,152,0.597,0.547,0.382,0.632,0.368,62.29,1.0
C02363,Solo Provider,Counseling,1,167,0.766,0.594,0.415,0.778,0.518,60.97,0.625
C02364,Group Practice,Therapy,15,1175,0.622,0.379,0.692,0.361,0.639,193.32,0.523
C02365,Small Practice,Psychiatry,5,221,0.927,0.71,0.652,0.435,0.668,132.68,0.65
C02366,Small Practice,Psychology,3,246,0.739,0.723,0.468,0.397,0.493,82.99,0.704
C02367,Solo Provider,Therapy,1,130,0.83,0.914,0.574,0.254,0.21,81.3,0.765
C02368,Solo Provider,Counseling,1,166,0.609,0.841,0.372,0.603,0.227,51.76,0.781
C02369,Solo Provider,Psychology,1,92,0.955,0.91,0.361,0.249,0.124,55.81,0.791
C02370,Small Practice,Therapy,4,207,0.665,0.86,0.452,0.723,0.279,95.74,0.5
C02371,Solo Provider,Psychiatry,1,84,0.531,0.427,0.527,0.467,0.389,44.34,0.853
C02372,Solo Provider,Psychiatry,1,81,0.519,0.546,0.181,0.623,0.115,45.03,0.68
C02373,Solo Provider,Therapy,1,112,0.681,0.621,0.587,0.494,0.513,59.14,0.838
C02374,Solo Provider,Counseling,1,79,0.927,0.871,0.589,0.674,0.438,76.17,0.834
C02375,Solo Provider,Psychiatry,1,126,0.955,0.566,0.501,0.222,0.153,68.1,0.982
C02376,Solo Provider,Psychology,1,87,0.712,0.406,0.401,0.264,0.324,65.57,0.868
C02377,Group Practice,Psychology,9,659,0.744,0.204,0.878,0.465,0.536,175.43,0.46
C02378,Small Practice,Therapy,3,150,0.71,0.412,0.883,0.647,0.412,94.41,0.834
C02379,Solo Provider,Psychology,1,150,0.83,0.55,0.525,0.584,0.018,81.91,0.657
C02380,Small Practice,Psychiatry,3,381,1.0,0.886,0.462,0.484,0.651,106.28,0.86
C02381,Group Practice,Therapy,13,1464,0.855,0.866,0.66,0.542,0.426,205.54,0.32
C02382,Solo Provider,Psychiatry,1,162,0.528,0.83,0.393,0.401,0.678,72.81,0.667
C02383,Solo Provider,Psychology,1,60,0.611,0.515,0.245,0.522,0.237,59.97,0.859
C02384,Solo Provider,Therapy,1,133,0.57,0.908,0.575,0.396,0.164,77.36,0.611
C02385,Solo Provider,Counseling,1,109,0.836,0.838,0.447,0.649,0.522,69.76,0.793
C02386,Small Practice,Psychology,5,358,0.764,0.751,0.464,0.511,0.407,90.44,0.729
C02387,Large Practice,Psychiatry,19,3912,0.537,0.623,0.782,0.546,0.828,274.12,0.446
C02388,Solo Provider,Psychology,1,145,0.563,0.49,0.542,0.505,0.234,66.81,0.943
C02389,Small Practice,Psychiatry,2,581,0.599,0.952,0.457,0.697,0.299,108.46,0.667
C02390,Solo Provider,Psychology,1,68,0.999,0.571,0.495,0.613,0.156,54.98,0.583
C02391,Small Practice,Therapy,4,297,0.957,0.484,0.327,0.809,0.337,123.69,0.613
C02392,Small Practice,Psychology,2,183,0.84,0.342,0.291,0.714,0.434,96.0,0.572
C02393,Solo Provider,Therapy,1,116,0.929,0.649,0.362,0.465,0.569,72.88,0.932
C02394,Solo Provider,Therapy,1,71,0.621,0.845,0.708,0.265,0.333,67.23,0.916
C02395,Small Practice,Psychiatry,5,444,0.728,0.717,0.356,0.575,0.495,98.3,0.601
C02396,Large Practice,Therapy,28,1612,0.554,0.803,0.722,0.868,0.798,308.57,0.229
C02397,Solo Provider,Psychiatry,1,132,0.6,0.512,0.516,0.653,0.559,68.68,0.783
C02398,Solo Provider,Therapy,1,63,0.72,0.68,0.349,0.761,0.371,74.89,0.853
C02399,Solo Provider,Therapy,1,127,0.549,0.649,0.807,0.782,0.392,47.78,0.763
C02400,Small Practice,Therapy,4,568,0.688,0.593,0.473,0.654,0.272,101.71,0.677
C02401,Small Practice,Counseling,4,561,0.951,0.785,0.392,0.636,0.214,120.12,0.584
C02402,Small Practice,Psychology,2,158,0.741,0.828,0.572,0.479,0.526,96.23,0.481
C02403,Small Practice,Therapy,4,296,0.782,0.592,0.242,0.221,0.412,86.11,0.602
C02404,Group Practice,Therapy,11,1112,0.72,0.884,0.635,0.856,0.492,199.49,0.494
C02405,Group Practice,Counseling,11,1492,0.704,0.583,0.704,0.785,0.601,164.75,0.427
C02406,Solo Provider,Psychology,1,139,0.693,0.615,0.5,0.532,0.604,52.8,0.73
C02407,Small Practice,Counseling,4,469,0.605,0.845,0.315,0.35,0.484,82.91,0.735
C02408,Solo Provider,Therapy,1,133,0.582,0.768,0.486,0.385,0.479,65.97,0.812
C02409,Solo Provider,Psychiatry,1,132,0.458,0.511,0.759,0.455,0.224,65.64,0.762
C02410,Group Practice,Therapy,13,906,0.793,0.528,0.836,0.794,0.517,194.51,0.437
C02411,Small Practice,Psychiatry,5,229,0.472,0.663,0.52,0.463,0.354,109.39,0.755
C02412,Large Practice,Therapy,22,3671,0.615,0.675,0.826,0.916,0.95,271.26,0.309
C02413,Solo Provider,Therapy,1,107,0.721,0.852,0.248,0.313,0.482,51.58,0.671
C02414,Small Practice,Psychology,2,173,0.667,0.596,0.685,0.343,0.196,98.22,0.813
C02415,Solo Provider,Counseling,1,128,0.802,0.594,0.449,0.392,0.416,68.68,0.883
C02416,Solo Provider,Psychology,1,146,0.799,0.461,0.443,0.436,0.481,68.67,0.846
C02417,Solo Provider,Counseling,1,68,0.852,0.314,0.375,0.424,0.406,64.16,0.855
C02418,Small Practice,Counseling,2,522,0.761,0.673,0.26,0.474,0.442,84.91,0.815
C02419,Solo Provider,Counseling,1,84,0.539,0.421,0.283,0.615,0.387,69.35,0.769
C02420,Group Practice,Therapy,9,1154,0.717,0.595,0.431,0.896,0.722,173.03,0.609
C02421,Solo Provider,Psychiatry,1,105,0.598,0.575,0.626,0.512,0.287,57.32,0.836
C02422,Solo Provider,Psychology,1,178,0.719,0.557,0.463,0.056,0.234,39.06,0.795
C02423,Small Practice,Counseling,2,457,0.706,0.776,0.346,0.479,0.35,111.94,0.494
C02424,Solo Provider,Counseling,1,101,0.673,0.619,0.521,0.247,0.506,67.46,0.905
C02425,Group Practice,Psychology,13,1385,0.651,0.805,0.522,0.65,0.588,196.28,0.446
C02426,Small Practice,Psychiatry,5,316,0.684,0.735,0.405,0.735,0.362,87.97,0.965
C02427,Solo Provider,Psychiatry,1,149,0.849,0.448,0.813,0.354,0.321,66.01,0.67
C02428,Small Practice,Therapy,2,470,0.825,1.0,0.403,0.056,0.483,118.79,0.595
C02429,Small Practice,Psychiatry,2,415,0.586,0.468,0.573,0.477,0.606,118.89,0.629
C02430,Small Practice,Therapy,5,466,0.439,0.799,0.455,0.515,0.288,110.12,0.541
C02431,Group Practice,Counseling,15,1190,0.541,0.792,0.851,0.661,0.77,200.81,0.35
C02432,Small Practice,Therapy,2,163,0.581,1.0,0.515,0.424,0.389,86.3,0.563
C02433,Small Practice,Psychiatry,4,528,0.643,0.505,0.698,0.418,0.282,86.01,0.531
C02434,Solo Provider,Counseling,1,141,0.854,0.696,0.569,0.685,0.318,64.01,0.947
C02435,Small Practice,Counseling,5,510,0.756,0.676,0.546,0.733,0.456,127.85,0.681
C02436,Large Practice,Psychiatry,18,1553,0.774,0.395,1.0,0.446,0.593,289.61,0.243
C02437,Small Practice,Psychiatry,5,338,0.766,0.549,0.369,0.657,0.332,112.75,0.671
C02438,Small Practice,Psychology,2,483,0.511,0.622,0.463,0.524,0.771,74.5,0.633
C02439,Solo Provider,Counseling,1,143,0.682,0.607,0.357,0.287,0.692,65.45,0.832
C02440,Small Practice,Counseling,3,544,0.57,0.758,0.308,0.664,0.234,122.16,0.697
C02441,Large Practice,Psychology,18,3438,0.371,0.656,0.792,0.869,0.895,270.65,0.452
C02442,Solo Provider,Psychiatry,1,91,0.601,0.449,0.384,0.593,0.166,68.18,0.707
C02443,Solo Provider,Psychiatry,1,171,0.755,0.503,0.508,0.381,0.083,51.52,0.896
C02444,Small Practice,Psychology,2,445,0.596,0.748,0.53,0.616,0.304,105.08,0.645
C02445,Solo Provider,Counseling,1,137,0.932,0.705,0.314,0.558,0.343,45.56,0.6
C02446,Small Practice,Therapy,5,156,0.703,0.597,0.658,0.401,0.232,95.57,0.567
C02447,Solo Provider,Counseling,1,173,0.58,0.264,0.08,0.533,0.199,63.52,0.599
C02448,Solo Provider,Psychiatry,1,60,0.932,0.633,0.505,0.559,0.021,78.59,0.889
C02449,Small Practice,Therapy,2,247,0.634,0.446,0.684,0.609,0.517,107.1,0.585
C02450,Small Practice,Therapy,3,301,0.699,0.587,0.847,0.629,0.081,106.18,0.65
C02451,Small Practice,Psychiatry,4,563,0.535,0.769,0.366,0.646,0.265,112.98,0.597
C02452,Small Practice,Therapy,5,399,0.705,0.645,0.539,0.425,0.212,120.18,0.707
C02453,Small Practice,Therapy,3,411,0.738,0.432,0.627,0.618,0.518,125.08,0.753
C02454,Small Practice,Psychiatry,5,584,0.507,0.677,0.387,0.374,0.623,105.12,0.549
C02455,Small Practice,Counseling,3,522,0.709,0.863,0.677,0.714,0.392,113.77,0.761
C02456,Small Practice,Psychology,5,393,0.757,0.809,0.326,0.38,0.418,89.03,0.528
C02457,Small Practice,Therapy,3,186,0.849,0.825,0.543,0.567,0.717,114.39,0.596
C02458,Solo Provider,Psychology,1,102,0.507,0.863,0.419,0.63,0.331,55.57,0.925
C02459,Solo Provider,Psychiatry,1,65,0.875,0.811,0.196,0.424,0.521,76.35,0.964
C02460,Small Practice,Psychology,3,271,0.555,0.752,0.431,0.471,0.37,121.28,0.738
C02461,Group Practice,Therapy,8,797,0.701,0.488,0.67,0.879,0.645,171.99,0.471
C02462,Small Practice,Therapy,4,253,0.873,0.692,0.494,0.431,0.81,100.02,0.561
C02463,Solo Provider,Psychiatry,1,150,0.67,0.834,0.624,0.306,0.255,74.26,0.712
C02464,Small Practice,Counseling,4,520,0.644,0.689,0.341,0.422,0.227,99.18,0.665
C02465,Solo Provider,Psychology,1,167,0.552,0.726,0.624,0.337,0.319,64.7,0.851
C02466,Small Practice,Therapy,4,410,0.634,0.565,0.484,0.526,0.657,86.94,0.629
C02467,Group Practice,Counseling,8,1000,0.962,0.62,0.504,0.544,0.582,154.53,0.419
C02468,Small Practice,Counseling,2,460,0.69,0.746,0.393,0.474,0.393,97.53,0.572
C02469,Small Practice,Psychology,5,216,0.522,0.705,0.361,0.378,0.341,79.67,0.787
C02470,Solo Provider,Psychology,1,60,0.696,0.86,0.757,0.44,0.449,71.15,0.791
C02471,Solo Provider,Therapy,1,111,0.741,0.365,0.458,0.589,0.239,43.36,0.846
C02472,Group Practice,Psychology,14,1333,0.901,0.611,0.513,0.426,0.661,183.25,0.543
C02473,Small Practice,Counseling,5,277,0.41,0.672,0.422,0.453,0.682,87.11,0.47
C02474,Small Practice,Psychiatry,5,439,0.642,0.557,0.566,0.604,0.294,105.76,0.591
C02475,Solo Provider,Therapy,1,114,0.772,0.545,0.517,0.674,0.375,67.23,0.79
C02476,Solo Provider,Counseling,1,62,0.607,0.481,0.42,0.589,0.235,61.03,0.792
C02477,Solo Provider,Psychology,1,92,0.808,0.777,0.603,0.419,0.575,72.24,0.816
C02478,Solo Provider,Psychology,1,177,0.518,0.578,0.2,0.47,0.282,43.07,0.76
C02479,Solo Provider,Psychology,1,94,0.789,0.954,0.714,0.539,0.522,70.9,0.826
C02480,Group Practice,Therapy,11,1718,0.796,1.0,0.79,0.674,0.621,185.04,0.497
C02481,Small Practice,Therapy,2,354,0.677,0.468,0.552,0.629,0.364,111.83,0.681
C02482,Solo Provider,Counseling,1,102,0.692,0.57,0.359,0.469,0.598,72.94,0.78
C02483,Solo Provider,Counseling,1,125,0.638,0.492,0.48,0.424,0.559,67.2,0.789
C02484,Solo Provider,Therapy,1,93,0.673,0.717,0.689,0.335,0.41,82.75,0.643
C02485,Group Practice,Psychology,11,670,0.476,0.42,0.737,0.349,0.59,171.11,0.407
C02486,Solo Provider,Psychology,1,94,0.557,0.562,0.551,0.462,0.431,74.03,0.776
C02487,Small Practice,Psychiatry,2,412,0.619,0.478,0.623,0.386,0.461,93.31,0.653
C02488,Group Practice,Psychology,7,1500,0.905,0.763,0.574,0.86,0.225,164.84,0.339
C02489,Solo Provider,Counseling,1,126,0.913,0.82,0.208,0.438,0.169,72.97,0.796
C02490,Small Practice,Counseling,5,236,0.74,0.573,0.511,0.676,0.792,134.53,0.531
C02491,Large Practice,Therapy,27,4847,0.823,0.683,1.0,0.88,0.739,307.39,0.345
C02492,Solo Provider,Psychiatry,1,155,0.389,0.629,0.48,0.504,0.294,34.65,0.932
C02493,Solo Provider,Counseling,1,75,0.714,0.669,0.779,0.51,0.435,73.35,0.813
C02494,Group Practice,Therapy,13,1137,0.533,0.53,0.758,0.7,0.542,194.28,0.443
C02495,Group Practice,Counseling,11,1423,0.593,0.693,0.608,0.712,0.5,186.63,0.329
C02496,Small Practice,Psychiatry,3,349,0.912,0.413,0.484,0.497,0.345,87.86,0.496
C02497,Small Practice,Psychology,5,275,0.625,0.501,0.74,0.964,0.432,119.36,0.5
C02498,Solo Provider,Psychiatry,1,131,0.497,0.724,0.257,0.462,0.145,72.16,0.806
C02499,Group Practice,Counseling,15,1641,0.697,0.503,0.563,0.539,0.738,183.24,0.309
C02500,Solo Provider,Psychology,1,129,0.761,0.814,0.531,0.5,0.283,57.34,0.893
C02501,Solo Provider,Psychology,1,143,0.903,0.715,0.524,0.614,0.354,74.11,0.656
C02502,Small Practice,Psychiatry,3,471,0.571,0.454,0.488,0.305,0.382,94.64,0.624
C02503,Large Practice,Therapy,28,4474,0.793,0.522,1.0,0.799,1.0,278.64,0.241
C02504,Group Practice,Counseling,9,887,0.764,0.866,0.631,1.0,0.484,175.15,0.555
C02505,Solo Provider,Psychiatry,1,115,0.774,0.772,0.59,0.644,0.0,58.43,0.793
C02506,Solo Provider,Therapy,1,73,0.657,0.826,0.495,0.426,0.148,55.26,0.953
C02507,Group Practice,Counseling,6,1791,1.0,0.538,0.499,0.611,0.217,157.05,0.278
C02508,Group Practice,Therapy,11,1254,0.72,0.474,0.68,0.265,0.537,176.84,0.486
C02509,Small Practice,Psychology,3,156,0.601,0.615,0.68,0.434,0.551,83.87,0.764
C02510,Small Practice,Psychiatry,4,158,0.553,0.38,0.629,0.628,0.462,107.89,0.541
C02511,Solo Provider,Counseling,1,91,0.503,0.664,0.366,0.691,0.314,68.87,0.823
C02512,Solo Provider,Therapy,1,100,0.716,0.705,0.331,0.58,0.498,65.04,0.84
C02513,Solo Provider,Counseling,1,62,0.726,0.585,0.447,0.31,0.575,58.82,0.994
C02514,Solo Provider,Therapy,1,111,0.919,0.478,0.141,0.77,0.366,68.1,0.748
C02515,Solo Provider,Counseling,1,128,0.645,1.0,0.385,0.568,0.562,85.56,0.929
C02516,Group Practice,Psychiatry,8,1364,0.677,0.259,0.559,0.602,0.605,178.39,0.63
C02517,Solo Provider,Therapy,1,72,0.697,0.881,0.467,0.706,0.489,55.24,0.839
C02518,Solo Provider,Psychiatry,1,71,0.864,0.718,0.57,0.565,0.441,66.51,0.93
C02519,Small Practice,Therapy,2,159,0.583,0.754,0.518,0.417,0.4,94.07,0.593
C02520,Solo Provider,Psychiatry,1,104,0.74,0.304,0.521,0.46,0.306,63.17,0.687
C02521,Solo Provider,Psychology,1,107,0.622,0.879,0.203,0.348,0.213,73.7,0.826
C02522,Small Practice,Psychology,3,450,0.536,0.573,0.374,0.622,0.337,106.19,0.509
C02523,Solo Provider,Psychology,1,80,0.673,0.672,0.239,0.162,0.091,50.32,0.796
C02524,Small Practice,Counseling,3,296,0.67,0.828,0.626,0.481,0.253,118.65,0.458
C02525,Group Practice,Psychiatry,13,797,0.476,0.673,0.422,0.678,0.534,189.39,0.542
C02526,Solo Provider,Psychology,1,154,0.865,0.687,0.336,0.336,0.288,60.01,0.999
C02527,Group Practice,Therapy,10,1006,0.928,0.696,0.488,0.744,0.466,183.84,0.479
C02528,Group Practice,Psychiatry,14,1779,0.728,0.938,0.566,0.892,0.513,179.54,0.63
C02529,Group Practice,Psychology,9,1727,0.926,0.929,0.708,0.424,0.524,165.94,0.45
C02530,Small Practice,Therapy,4,350,0.583,0.418,0.267,0.839,0.345,90.23,0.601
C02531,Small Practice,Psychiatry,5,301,0.493,0.433,0.477,0.556,0.539,124.27,0.582
C02532,Small Practice,Therapy,2,241,0.549,0.451,0.364,0.325,0.499,93.18,0.55
C02533,Small Practice,Counseling,5,363,0.524,0.849,0.765,0.776,0.219,133.64,0.517
C02534,Solo Provider,Psychology,1,77,0.494,0.845,0.475,0.609,0.032,73.66,0.767
C02535,Large Practice,Psychology,38,3866,0.885,0.413,1.0,1.0,0.861,325.5,0.327
C02536,Small Practice,Psychology,2,501,0.662,0.492,0.509,0.507,0.171,83.61,0.76
C02537,Small Practice,Therapy,2,255,0.611,0.489,0.441,0.313,0.453,96.73,0.788
C02538,Solo Provider,Therapy,1,145,0.483,0.486,0.498,0.178,0.183,57.59,0.635
C02539,Solo Provider,Psychiatry,1,110,0.511,0.797,0.38,0.288,0.603,71.33,1.0
C02540,Small Practice,Therapy,3,493,0.709,0.623,0.546,0.651,0.654,110.65,0.598
C02541,Small Practice,Psychiatry,5,518,0.854,1.0,0.684,0.696,0.576,146.81,0.777
C02542,Solo Provider,Psychiatry,1,120,0.447,0.758,0.078,0.674,0.451,32.99,0.745
C02543,Solo Provider,Counseling,1,85,0.733,0.639,0.372,0.36,0.36,73.39,0.72
C02544,Solo Provider,Psychiatry,1,75,0.688,0.34,0.492,0.582,0.611,59.73,0.893
C02545,Small Practice,Therapy,5,374,0.558,0.907,0.317,0.565,0.553,130.71,0.796
C02546,Solo Provider,Counseling,1,179,0.68,0.754,0.499,0.391,0.351,73.64,0.98
C02547,Large Practice,Therapy,26,2900,0.538,0.581,0.902,0.938,0.8,299.19,0.38
C02548,Solo Provider,Therapy,1,148,0.492,0.786,0.626,0.562,0.092,69.29,0.772
C02549,Solo Provider,Psychiatry,1,178,0.838,0.781,0.485,0.515,0.397,54.44,0.8
C02550,Solo Provider,Therapy,1,160,0.635,0.663,0.678,0.63,0.589,70.63,0.66
C02551,Small Practice,Counseling,4,598,0.589,0.513,0.469,0.891,0.321,110.78,0.706
C02552,Solo Provider,Psychiatry,1,99,0.698,0.55,0.567,0.808,0.316,101.26,0.766
C02553,Small Practice,Counseling,2,562,0.499,0.898,0.472,0.572,0.721,104.15,0.51
C02554,Large Practice,Therapy,35,2321,0.75,0.55,0.799,1.0,0.982,297.83,0.175
C02555,Solo Provider,Psychology,1,129,0.731,0.349,0.499,0.74,0.468,74.1,0.738
C02556,Small Practice,Therapy,3,373,0.72,0.591,0.339,0.642,0.107,83.75,0.531
C02557,Solo Provider,Therapy,1,88,0.895,0.786,0.481,0.522,0.366,48.06,0.937
C02558,Solo Provider,Psychiatry,1,147,0.816,0.559,0.54,0.598,0.478,55.05,0.958
C02559,Solo Provider,Counseling,1,146,0.69,0.567,0.77,0.631,0.305,70.15,0.896
C02560,Solo Provider,Psychiatry,1,70,0.635,0.541,0.511,0.408,0.391,66.48,0.889
C02561,Small Practice,Counseling,4,530,0.702,0.893,0.656,0.807,0.718,120.96,0.474
C02562,Small Practice,Therapy,4,155,0.717,0.578,0.428,0.361,0.437,95.28,0.743
C02563,Small Practice,Psychiatry,4,385,0.595,0.471,0.475,0.606,0.611,106.48,0.531
C02564,Small Practice,Psychology,2,425,0.523,0.878,0.414,0.645,0.353,119.64,0.696
C02565,Small Practice,Psychiatry,4,558,0.849,0.699,0.392,0.523,0.391,109.79,0.509
C02566,Solo Provider,Psychology,1,155,0.822,0.907,0.608,0.409,0.309,73.61,0.884
C02567,Solo Provider,Psychology,1,108,0.697,0.493,0.385,0.611,0.075,69.49,0.566
C02568,Solo Provider,Therapy,1,166,0.77,0.934,0.313,0.228,0.327,62.45,0.732
C02569,Small Practice,Psychology,4,461,0.749,0.658,0.669,0.662,0.395,90.11,0.714
C02570,Large Practice,Counseling,17,3541,0.703,0.434,0.643,0.88,0.541,273.86,0.341
C02571,Solo Provider,Counseling,1,131,0.704,0.494,0.455,0.272,0.295,60.38,0.689
C02572,Small Practice,Psychiatry,5,477,0.713,0.854,0.704,0.348,0.34,114.92,0.735
C02573,Small Practice,Psychiatry,3,506,0.627,0.665,0.22,0.625,0.566,85.86,0.611
C02574,Group Practice,Counseling,9,1629,0.733,0.778,0.387,0.384,0.574,156.49,0.553
C02575,Small Practice,Counseling,2,266,0.462,0.524,0.441,0.607,0.07,89.98,0.782
C02576,Small Practice,Counseling,2,237,0.805,0.803,0.783,0.391,0.406,102.41,0.551
C02577,Small Practice,Counseling,2,367,0.869,0.581,0.299,0.536,0.258,104.37,0.592
C02578,Group Practice,Psychiatry,7,1636,0.623,0.8,0.504,0.756,0.478,157.39,0.422
C02579,Solo Provider,Therapy,1,112,0.465,0.689,0.329,0.232,0.305,63.45,0.828
C02580,Group Practice,Therapy,7,662,0.691,0.553,0.65,0.554,0.465,177.37,0.554
C02581,Solo Provider,Psychiatry,1,150,0.672,0.591,0.415,0.168,0.533,73.86,0.732
C02582,Group Practice,Counseling,14,1001,0.909,0.745,0.797,0.567,0.409,162.92,0.465
C02583,Solo Provider,Psychiatry,1,160,0.522,0.499,0.554,0.602,0.344,60.05,0.832
C02584,Solo Provider,Psychiatry,1,88,1.0,0.704,0.376,0.661,0.554,57.31,0.723
C02585,Solo Provider,Counseling,1,119,0.886,0.529,0.457,0.235,0.305,66.2,0.779
C02586,Solo Provider,Therapy,1,104,0.792,0.722,0.734,0.698,0.401,66.78,0.703
C02587,Solo Provider,Psychology,1,94,0.723,0.71,0.599,0.557,0.526,60.43,0.907
C02588,Solo Provider,Psychology,1,126,0.622,0.648,0.359,0.471,0.413,65.32,0.788
C02589,Solo Provider,Counseling,1,96,0.776,0.728,0.351,0.292,0.553,69.66,0.975
C02590,Solo Provider,Psychiatry,1,109,0.646,0.838,0.536,0.476,0.513,62.55,0.719
C02591,Small Practice,Psychology,4,277,0.717,0.765,0.689,0.284,0.428,97.16,0.84
C02592,Group Practice,Counseling,9,1760,0.364,0.668,0.672,0.706,0.356,173.32,0.449
C02593,Small Practice,Counseling,3,263,0.536,0.664,0.373,0.218,0.506,103.89,0.664
C02594,Solo Provider,Psychology,1,79,0.794,0.834,0.728,0.65,0.426,74.07,0.662
C02595,Solo Provider,Psychology,1,95,0.487,0.503,0.758,0.338,0.017,50.8,0.881
C02596,Group Practice,Counseling,9,1239,0.524,0.573,0.764,0.383,0.487,161.26,0.479
C02597,Solo Provider,Counseling,1,92,0.702,0.746,0.741,0.967,0.437,84.41,0.789
C02598,Solo Provider,Psychology,1,137,0.665,0.364,0.458,0.696,0.148,56.49,0.702
C02599,Group Practice,Psychiatry,14,1692,1.0,0.504,0.674,0.669,0.557,182.09,0.445
C02600,Large Practice,Psychology,21,4923,0.812,0.568,0.943,0.796,0.737,275.98,0.282
C02601,Solo Provider,Therapy,1,129,0.449,0.717,0.436,0.661,0.235,74.3,0.69
C02602,Small Practice,Psychology,3,591,0.828,0.656,0.777,0.664,0.465,106.61,0.73
C02603,Solo Provider,Psychiatry,1,64,0.454,0.715,0.756,0.123,0.438,64.16,0.646
C02604,Small Practice,Counseling,2,549,0.812,0.688,0.686,0.722,0.356,102.04,0.759
C02605,Solo Provider,Psychology,1,108,0.519,0.886,0.42,0.1,0.449,58.41,0.757
C02606,Solo Provider,Counseling,1,152,0.665,0.589,0.874,0.795,0.473,90.91,0.824
C02607,Small Practice,Counseling,5,274,0.822,0.75,0.544,0.72,0.377,99.19,0.656
C02608,Solo Provider,Counseling,1,166,0.321,0.732,0.575,0.697,0.203,65.67,0.844
C02609,Small Practice,Therapy,2,508,0.602,0.589,0.247,0.402,0.386,73.67,0.667
C02610,Solo Provider,Counseling,1,141,0.623,0.679,0.676,0.368,0.442,62.98,0.744
C02611,Group Practice,Psychiatry,10,1406,0.543,0.565,0.757,0.492,0.393,171.9,0.471
C02612,Group Practice,Psychology,13,510,0.738,0.468,0.51,0.824,0.562,198.47,0.51
C02613,Solo Provider,Psychiatry,1,89,0.495,0.629,0.621,0.601,0.396,61.55,0.636
C02614,Small Practice,Psychiatry,3,526,0.486,0.793,0.477,0.199,0.319,93.34,0.621
C02615,Solo Provider,Counseling,1,136,0.913,0.754,0.26,0.259,0.328,74.4,0.813
C02616,Solo Provider,Counseling,1,101,0.968,0.57,0.605,0.584,0.204,70.17,0.611
C02617,Solo Provider,Psychology,1,132,0.476,0.497,0.362,0.549,0.56,60.48,0.801
C02618,Group Practice,Therapy,13,1764,0.769,0.655,0.563,0.854,0.405,180.66,0.382
C02619,Group Practice,Therapy,6,1600,0.783,0.734,0.698,0.657,0.441,175.02,0.416
C02620,Group Practice,Therapy,13,1661,0.707,0.742,0.666,0.708,0.465,170.56,0.585
C02621,Group Practice,Counseling,6,1248,0.627,0.845,0.673,0.572,0.691,182.6,0.431
C02622,Large Practice,Psychiatry,24,3212,0.761,0.482,0.813,0.779,0.914,322.23,0.233
C02623,Solo Provider,Therapy,1,110,0.735,0.702,0.546,0.424,0.404,90.46,0.744
C02624,Group Practice,Psychology,12,514,0.678,0.531,0.51,0.406,0.667,167.78,0.383
C02625,Small Practice,Counseling,3,549,0.746,0.654,0.499,0.407,0.469,102.92,0.584
C02626,Solo Provider,Psychology,1,127,0.679,0.346,0.769,0.61,0.395,94.97,0.834
C02627,Small Practice,Psychiatry,5,191,0.752,0.523,0.442,0.253,0.385,108.32,0.716
C02628,Solo Provider,Therapy,1,139,0.623,0.749,0.589,0.133,0.414,60.24,1.0
C02629,Solo Provider,Counseling,1,170,0.322,0.504,0.193,0.404,0.184,64.14,0.893
C02630,Solo Provider,Therapy,1,137,0.884,0.548,0.476,0.885,0.456,65.89,0.858
C02631,Solo Provider,Counseling,1,167,0.638,0.469,0.717,0.247,0.505,47.55,0.858
C02632,Solo Provider,Therapy,1,164,0.661,0.412,0.52,0.372,0.337,52.52,0.749
C02633,Group Practice,Therapy,15,1255,0.82,0.708,0.714,0.618,0.628,181.61,0.376
C02634,Small Practice,Psychiatry,5,153,0.833,0.549,0.301,0.271,0.345,100.8,0.661
C02635,Small Practice,Therapy,4,274,0.75,0.463,0.736,0.514,0.466,110.92,0.584
C02636,Solo Provider,Therapy,1,121,1.0,0.472,0.298,0.365,0.318,50.59,0.748
C02637,Solo Provider,Therapy,1,171,0.934,0.623,0.451,0.57,0.465,74.05,0.937
C02638,Solo Provider,Psychology,1,91,0.7,0.472,0.576,0.368,0.237,81.09,0.819
C02639,Group Practice,Counseling,15,1096,0.694,0.473,0.903,0.67,0.576,184.76,0.506
C02640,Solo Provider,Therapy,1,153,0.601,0.531,0.296,0.301,0.514,52.98,0.867
C02641,Small Practice,Psychology,3,427,0.746,0.592,0.311,0.594,0.684,118.05,0.651
C02642,Small Practice,Psychiatry,5,401,0.838,0.623,0.164,0.437,0.46,101.03,0.758
C02643,Small Practice,Psychiatry,5,178,0.612,0.931,0.75,0.445,0.213,113.16,0.469
C02644,Group Practice,Psychiatry,14,1686,0.583,0.699,0.475,0.803,0.545,180.71,0.342
C02645,Solo Provider,Counseling,1,135,0.64,0.716,0.64,0.701,0.392,65.56,0.781
C02646,Group Practice,Psychology,14,979,0.697,0.497,0.843,0.634,0.714,181.42,0.402
C02647,Small Practice,Psychology,5,229,0.742,0.708,0.511,0.694,0.537,109.0,0.432
C02648,Small Practice,Counseling,2,237,0.547,0.345,0.459,0.613,0.317,118.32,0.779
C02649,Small Practice,Psychology,4,253,0.642,0.239,0.609,0.432,0.351,83.98,0.765
C02650,Group Practice,Therapy,8,1613,0.358,0.879,0.726,0.546,0.303,200.42,0.533
C02651,Large Practice,Therapy,32,2994,0.52,0.874,0.76,0.822,0.53,279.92,0.27
C02652,Solo Provider,Psychiatry,1,123,0.554,0.79,0.449,0.533,0.446,60.61,0.795
C02653,Group Practice,Therapy,7,901,0.776,0.308,0.807,0.606,0.425,161.67,0.477
C02654,Small Practice,Psychology,4,593,0.53,0.718,0.498,0.58,0.644,107.0,0.57
C02655,Solo Provider,Psychiatry,1,142,0.452,0.749,0.462,0.515,0.344,95.29,0.742
C02656,Group Practice,Therapy,14,505,0.744,0.445,0.793,0.647,0.669,187.08,0.54
C02657,Solo Provider,Psychiatry,1,161,0.351,0.58,0.363,0.318,0.586,41.58,0.898
C02658,Small Practice,Counseling,3,416,0.577,0.716,0.375,0.444,0.548,119.78,0.732
C02659,Solo Provider,Counseling,1,61,0.667,0.388,0.603,0.67,0.462,57.81,0.726
C02660,Solo Provider,Counseling,1,157,0.567,0.595,0.901,0.874,0.487,69.72,0.734
C02661,Group Practice,Counseling,13,622,0.925,0.558,0.576,0.671,0.376,166.93,0.314
C02662,Solo Provider,Psychology,1,68,0.782,0.699,0.636,0.217,0.14,51.09,0.846
C02663,Solo Provider,Counseling,1,100,0.852,0.55,0.4,0.469,0.34,51.1,0.868
C02664,Solo Provider,Counseling,1,115,0.672,0.859,0.785,0.281,0.418,68.36,0.781
C02665,Solo Provider,Psychology,1,90,0.813,0.777,0.843,0.287,0.106,64.66,1.0
C02666,Group Practice,Psychiatry,10,731,0.728,0.399,0.656,0.606,0.691,189.31,0.536
C02667,Group Practice,Counseling,11,1094,0.941,0.754,0.535,0.494,0.444,160.64,0.509
C02668,Solo Provider,Psychiatry,1,136,0.723,0.5,0.277,0.326,0.364,52.96,0.876
C02669,Small Practice,Therapy,4,310,1.0,0.851,0.65,0.825,0.436,131.24,0.636
C02670,Solo Provider,Therapy,1,115,0.792,0.809,0.279,0.468,0.624,53.05,0.88
C02671,Small Practice,Psychology,2,310,0.931,0.732,0.507,0.56,0.373,92.78,0.598
C02672,Solo Provider,Therapy,1,65,0.852,0.693,0.571,0.605,0.579,84.9,0.845
C02673,Solo Provider,Therapy,1,77,0.558,0.609,0.553,0.627,0.586,75.03,0.754
C02674,Solo Provider,Therapy,1,136,0.681,0.942,0.521,0.579,0.363,53.13,0.777
C02675,Small Practice,Psychology,3,537,0.727,0.66,0.523,0.696,0.418,103.15,0.615
C02676,Small Practice,Psychiatry,5,381,0.643,0.842,0.523,0.603,0.318,124.34,0.756
C02677,Solo Provider,Psychology,1,140,0.76,0.631,0.508,0.589,0.033,76.36,0.876
C02678,Group Practice,Psychology,14,1791,0.558,0.644,0.579,0.342,0.509,182.24,0.342
C02679,Small Practice,Counseling,3,265,0.553,0.556,0.611,1.0,0.449,101.59,0.547
C02680,Solo Provider,Therapy,1,133,0.799,0.408,0.63,0.558,0.349,79.51,0.632
C02681,Group Practice,Psychiatry,8,1426,0.723,0.622,0.332,0.557,0.312,169.29,0.385
C02682,Group Practice,Psychology,6,1131,0.697,0.491,0.443,0.459,0.137,135.69,0.457
C02683,Solo Provider,Psychiatry,1,96,0.481,0.433,0.565,0.516,0.085,63.08,0.744
C02684,Small Practice,Therapy,5,298,0.649,0.694,0.532,0.391,0.443,125.97,0.621
C02685,Solo Provider,Therapy,1,82,0.685,0.674,0.504,0.457,0.26,70.4,0.846
C02686,Small Practice,Psychiatry,3,483,0.811,0.787,0.603,0.419,0.215,108.64,0.55
C02687,Solo Provider,Psychiatry,1,141,0.81,0.62,0.717,0.437,0.196,81.99,0.825
C02688,Small Practice,Therapy,4,519,0.444,0.657,0.626,0.044,0.569,108.25,0.513
C02689,Solo Provider,Psychiatry,1,70,0.4,0.385,0.558,0.719,0.367,54.7,1.0
C02690,Small Practice,Psychology,3,423,0.655,0.587,0.538,0.41,0.489,121.11,0.704
C02691,Group Practice,Counseling,11,1021,0.751,0.759,0.614,0.596,0.238,181.06,0.458
C02692,Solo Provider,Psychology,1,161,0.583,0.348,0.533,0.518,0.576,62.99,0.655
C02693,Group Practice,Therapy,14,719,0.854,0.873,0.948,0.757,0.72,203.52,0.494
C02694,Large Practice,Psychology,30,2553,0.793,1.0,0.933,0.864,0.92,307.01,0.285
C02695,Group Practice,Therapy,14,1415,0.872,0.838,0.985,0.664,0.645,196.63,0.475
C02696,Solo Provider,Therapy,1,96,0.869,0.358,0.534,0.851,0.572,86.05,0.925
C02697,Group Practice,Psychology,11,1220,0.588,0.516,0.444,0.793,0.768,191.03,0.493
C02698,Solo Provider,Psychiatry,1,84,0.785,0.269,0.512,0.44,0.362,55.83,0.823
C02699,Solo Provider,Psychiatry,1,76,0.539,0.516,0.248,0.316,0.215,62.85,0.656
C02700,Group Practice,Counseling,10,789,0.421,0.578,0.433,0.868,0.55,182.35,0.303
C02701,Small Practice,Therapy,5,490,0.664,0.933,0.379,0.736,0.379,100.25,0.648
C02702,Small Practice,Therapy,3,525,0.635,0.308,0.547,0.556,0.179,113.84,0.716
C02703,Solo Provider,Psychology,1,151,0.582,0.85,0.525,0.489,0.49,87.22,0.827
C02704,Group Practice,Psychiatry,7,1626,0.764,0.848,0.188,0.777,0.4,187.13,0.5
C02705,Small Practice,Counseling,2,292,0.632,0.64,0.262,0.898,0.38,97.98,0.815
C02706,Solo Provider,Therapy,1,92,0.705,0.82,0.3,0.495,0.504,62.67,0.779
C02707,Group Practice,Psychiatry,13,1420,0.91,0.931,0.544,0.558,0.513,169.56,0.522
C02708,Solo Provider,Therapy,1,70,0.979,0.521,0.324,0.662,0.491,68.82,0.752
C02709,Solo Provider,Therapy,1,149,0.319,0.568,0.652,0.425,0.204,48.02,0.938
C02710,Small Practice,Psychiatry,4,418,1.0,0.63,0.697,0.264,0.165,110.58,0.57
C02711,Large Practice,Psychology,29,2813,0.672,0.418,0.866,0.739,0.734,293.28,0.199
C02712,Solo Provider,Therapy,1,76,0.699,0.332,0.54,0.553,0.333,76.9,0.816
C02713,Solo Provider,Counseling,1,84,0.483,0.662,0.269,0.527,0.329,72.74,0.798
C02714,Solo Provider,Psychology,1,171,0.863,0.579,0.57,0.598,0.312,67.81,0.812
C02715,Group Practice,Psychiatry,6,1107,0.822,0.59,0.479,0.735,0.659,179.24,0.482
C02716,Solo Provider,Counseling,1,133,0.895,0.619,0.478,0.595,0.304,63.35,0.97
C02717,Small Practice,Psychiatry,4,435,0.987,0.315,0.542,0.436,0.422,99.29,0.529
C02718,Large Practice,Therapy,17,3694,0.736,0.811,0.356,0.683,0.63,261.8,0.294
C02719,Solo Provider,Counseling,1,162,0.468,0.689,0.316,0.58,0.227,61.5,0.869
C02720,Small Practice,Therapy,3,464,0.663,0.577,0.46,0.737,0.174,112.72,0.585
C02721,Small Practice,Counseling,4,163,0.902,0.639,0.312,0.36,0.377,97.56,0.726
C02722,Group Practice,Counseling,6,533,0.76,0.655,0.474,0.402,0.6,152.48,0.555
C02723,Solo Provider,Counseling,1,79,0.64,0.77,0.294,0.574,0.319,86.72,0.678
C02724,Solo Provider,Psychiatry,1,70,0.779,0.448,0.698,0.843,0.143,85.89,0.784
C02725,Solo Provider,Psychology,1,138,0.63,0.724,0.213,0.378,0.414,58.45,0.741
C02726,Small Practice,Counseling,4,196,0.798,0.409,0.741,0.432,0.542,95.56,0.72
C02727,Small Practice,Therapy,4,357,0.631,0.58,0.315,0.639,0.319,113.29,0.639
C02728,Solo Provider,Psychiatry,1,162,0.607,0.837,0.565,0.392,0.291,74.95,0.9
C02729,Solo Provider,Psychiatry,1,64,0.475,0.469,0.569,0.312,0.489,68.87,0.994
C02730,Group Practice,Psychology,10,723,0.726,0.836,0.615,0.702,0.41,187.83,0.378
C02731,Solo Provider,Psychology,1,69,0.312,0.595,0.512,0.692,0.615,79.16,0.808
C02732,Solo Provider,Counseling,1,146,0.718,0.714,0.437,0.578,0.259,37.61,0.998
C02733,Small Practice,Psychiatry,3,442,0.748,0.717,0.318,0.251,0.495,101.12,0.784
C02734,Solo Provider,Therapy,1,116,0.631,0.71,0.649,0.459,0.546,64.15,0.637
C02735,Solo Provider,Therapy,1,113,0.782,0.993,0.467,0.336,0.65,80.53,0.787
C02736,Solo Provider,Counseling,1,111,0.721,0.549,0.804,0.715,0.633,56.47,0.721
C02737,Solo Provider,Psychiatry,1,92,0.656,1.0,0.417,0.691,0.214,67.51,0.717
C02738,Small Practice,Psychology,4,581,0.865,0.28,0.61,0.353,0.32,117.03,0.701
C02739,Small Practice,Psychology,5,197,0.75,0.712,0.727,0.292,0.714,115.07,0.576
C02740,Small Practice,Counseling,5,338,0.527,0.733,0.56,0.542,0.417,133.02,0.803
C02741,Solo Provider,Therapy,1,117,0.742,0.355,0.559,0.626,0.484,80.43,0.686
C02742,Group Practice,Therapy,11,1105,0.553,0.773,0.493,0.614,0.406,170.15,0.415
C02743,Solo Provider,Psychology,1,172,0.762,0.81,0.647,0.401,0.422,68.82,0.69
C02744,Small Practice,Psychiatry,2,488,0.562,0.751,0.457,0.55,0.57,112.94,0.607
C02745,Solo Provider,Counseling,1,108,0.907,0.616,0.319,0.391,0.13,69.59,0.869
C02746,Small Practice,Therapy,3,343,0.494,0.584,0.702,0.64,0.521,110.38,0.981
C02747,Solo Provider,Psychiatry,1,61,0.376,0.452,0.511,0.515,0.342,53.78,0.785
C02748,Solo Provider,Counseling,1,150,0.909,0.962,0.721,0.349,0.365,78.57,0.769
C02749,Solo Provider,Counseling,1,139,0.688,0.609,0.683,0.529,0.387,77.97,0.841
C02750,Solo Provider,Therapy,1,155,0.933,0.419,0.514,0.495,0.323,82.35,0.876
C02751,Solo Provider,Counseling,1,95,0.611,0.954,0.25,0.612,0.234,65.69,0.736
C02752,Small Practice,Therapy,4,335,0.271,0.76,0.627,0.521,0.386,82.23,0.613
C02753,Group Practice,Therapy,11,1294,0.821,0.842,0.705,0.696,0.665,175.91,0.522
C02754,Solo Provider,Counseling,1,133,0.656,0.599,0.636,0.78,0.016,62.37,0.774
C02755,Group Practice,Therapy,14,1107,0.482,0.112,0.783,0.832,0.334,198.9,0.438
C02756,Small Practice,Psychiatry,5,370,0.715,0.741,0.311,0.464,0.186,90.47,0.634
C02757,Group Practice,Therapy,12,1478,0.795,0.9,0.98,0.679,0.519,176.36,0.413
C02758,Small Practice,Psychology,4,301,0.626,0.743,0.37,0.469,0.487,80.4,0.638
C02759,Small Practice,Therapy,3,443,0.58,0.863,0.641,0.148,0.524,83.21,0.689
C02760,Small Practice,Psychiatry,2,192,0.508,0.856,0.383,0.266,0.704,90.64,0.495
C02761,Small Practice,Psychiatry,2,326,0.632,0.776,0.489,0.695,0.442,110.32,0.483
C02762,Group Practice,Psychology,7,1606,0.728,0.538,0.866,0.687,0.617,170.36,0.548
C02763,Solo Provider,Psychiatry,1,102,0.795,0.707,0.381,0.304,0.372,64.33,0.859
C02764,Solo Provider,Therapy,1,107,0.704,0.598,0.697,0.558,0.295,66.5,0.619
C02765,Solo Provider,Psychiatry,1,123,0.613,0.539,0.606,0.526,0.116,43.94,0.862
C02766,Group Practice,Psychiatry,14,1242,0.629,0.666,0.656,0.643,0.633,209.05,0.458
C02767,Solo Provider,Psychiatry,1,111,0.737,0.522,0.522,0.338,0.541,57.49,0.652
C02768,Small Practice,Psychology,3,163,0.763,0.574,0.598,0.37,0.484,105.09,0.708
C02769,Group Practice,Psychiatry,14,1522,0.721,0.486,0.499,0.76,0.547,203.01,0.495
C02770,Large Practice,Psychiatry,25,4218,0.61,0.592,0.831,0.904,0.796,291.93,0.508
C02771,Solo Provider,Counseling,1,82,0.817,0.643,0.617,0.477,0.271,66.8,0.891
C02772,Small Practice,Psychiatry,3,528,0.847,0.675,0.473,0.445,0.563,104.37,0.616
C02773,Group Practice,Psychiatry,8,740,0.742,0.832,0.56,0.83,0.457,172.95,0.487
C02774,Solo Provider,Therapy,1,158,0.647,0.603,0.482,0.467,0.415,68.43,0.923
C02775,Small Practice,Psychology,5,223,0.666,0.559,0.539,0.561,0.616,127.67,0.554
C02776,Solo Provider,Psychology,1,93,0.678,0.677,0.305,0.608,0.224,67.28,0.837
C02777,Small Practice,Psychology,3,284,0.39,1.0,0.337,0.582,0.295,94.65,0.755
C02778,Small Practice,Therapy,5,348,0.789,0.421,0.463,0.677,0.666,104.63,0.554
C02779,Solo Provider,Psychiatry,1,112,0.4,0.894,0.315,0.438,0.407,52.57,0.805
C02780,Solo Provider,Psychiatry,1,124,0.958,0.186,0.297,0.404,0.226,39.75,0.922
C02781,Solo Provider,Counseling,1,123,0.658,0.405,0.15,0.475,0.263,53.35,0.824
C02782,Solo Provider,Psychiatry,1,115,0.843,0.624,0.401,0.677,0.402,84.12,0.877
C02783,Small Practice,Psychiatry,5,394,0.706,0.802,0.157,0.543,0.406,93.99,0.687
C02784,Solo Provider,Psychiatry,1,177,0.589,0.567,0.365,0.721,0.055,79.56,0.979
C02785,Solo Provider,Counseling,1,142,0.615,0.835,0.485,0.793,0.511,55.92,1.0
C02786,Small Practice,Psychology,5,157,0.441,0.557,0.862,0.64,0.588,118.35,0.701
C02787,Small Practice,Counseling,4,502,0.594,0.551,0.1,0.534,0.458,97.5,0.588
C02788,Small Practice,Psychiatry,4,461,0.833,0.434,0.391,0.676,0.51,122.35,0.784
C02789,Group Practice,Counseling,15,1599,0.656,0.934,0.537,1.0,0.688,207.5,0.504
C02790,Solo Provider,Counseling,1,111,0.539,0.671,0.517,0.866,0.226,66.07,0.954
C02791,Group Practice,Psychology,11,1542,0.675,0.595,0.688,0.565,0.336,179.83,0.423
C02792,Solo Provider,Psychology,1,172,0.49,0.755,0.642,0.764,0.419,80.67,0.62
C02793,Small Practice,Counseling,5,365,0.596,0.637,0.598,0.864,0.402,115.38,0.739
C02794,Large Practice,Counseling,35,2420,0.9,0.5,1.0,0.925,0.754,320.09,0.423
C02795,Group Practice,Psychiatry,10,504,0.661,0.65,0.706,0.629,0.43,175.34,0.398
C02796,Small Practice,Psychology,3,591,0.75,0.507,0.352,1.0,0.695,122.49,0.664
C02797,Small Practice,Psychiatry,4,583,0.689,0.701,0.471,0.761,0.612,114.7,0.806
C02798,Solo Provider,Therapy,1,176,0.689,1.0,0.396,0.291,0.672,76.95,0.866
C02799,Small Practice,Psychiatry,2,538,0.573,0.515,0.501,0.498,0.095,87.35,0.819
C02800,Small Practice,Counseling,5,326,0.594,0.678,0.671,0.702,0.4,118.38,0.701
C02801,Large Practice,Counseling,36,2788,0.533,0.538,0.933,0.936,1.0,303.48,0.391
C02802,Solo Provider,Counseling,1,136,0.975,0.636,0.566,0.352,0.3,56.19,0.904
C02803,Solo Provider,Counseling,1,68,0.771,0.466,0.198,0.666,0.798,80.96,0.846
C02804,Small Practice,Psychology,3,203,0.92,0.582,0.67,0.639,0.499,115.78,0.709
C02805,Solo Provider,Counseling,1,158,0.743,0.824,0.356,0.471,0.588,66.73,0.817
C02806,Solo Provider,Therapy,1,123,0.826,0.416,0.574,0.535,0.475,75.56,0.801
C02807,Solo Provider,Psychiatry,1,71,0.425,0.489,0.576,0.958,0.423,74.34,0.731
C02808,Small Practice,Therapy,2,576,0.887,0.659,0.638,0.498,0.557,106.16,0.488
C02809,Solo Provider,Counseling,1,97,0.66,0.715,0.516,0.69,0.461,82.69,0.839
C02810,Solo Provider,Psychology,1,80,0.497,0.515,0.257,0.605,0.43,68.71,0.939
C02811,Solo Provider,Counseling,1,130,0.72,0.312,0.404,0.113,0.417,57.41,0.772
C02812,Group Practice,Psychiatry,13,1752,0.6,0.775,0.43,0.742,0.462,195.54,0.282
C02813,Small Practice,Psychiatry,3,405,0.619,0.551,0.457,0.398,0.309,121.72,0.695
C02814,Solo Provider,Psychology,1,145,0.647,0.834,0.518,0.228,0.364,81.78,0.785
C02815,Solo Provider,Psychology,1,159,0.757,0.869,0.443,0.702,0.383,86.27,0.91
C02816,Small Practice,Psychiatry,2,169,0.589,0.574,0.593,0.676,0.41,104.65,0.619
C02817,Solo Provider,Psychiatry,1,140,0.658,0.601,0.759,0.431,0.444,55.32,0.815
C02818,Small Practice,Psychology,4,536,0.688,0.299,0.785,0.487,0.356,102.02,0.772
C02819,Solo Provider,Therapy,1,97,0.614,0.658,0.61,0.365,0.447,82.56,0.558
C02820,Group Practice,Therapy,12,600,0.687,0.632,0.484,0.465,0.644,167.68,0.507
C02821,Solo Provider,Therapy,1,66,0.781,0.75,0.408,0.292,0.362,63.6,0.837
C02822,Small Practice,Therapy,5,347,0.77,0.878,0.409,0.509,0.851,99.98,0.679
C02823,Solo Provider,Therapy,1,176,0.586,0.718,0.511,0.404,0.646,65.08,0.809
C02824,Large Practice,Therapy,22,3577,0.566,0.426,0.751,0.614,0.864,285.35,0.242
C02825,Large Practice,Therapy,37,3036,0.797,0.811,1.0,0.8,1.0,330.81,0.34
C02826,Small Practice,Counseling,5,445,0.876,0.418,0.374,0.463,0.429,95.21,0.655
C02827,Solo Provider,Therapy,1,137,0.551,0.532,0.209,0.463,0.359,63.05,0.844
C02828,Solo Provider,Psychology,1,97,0.822,0.783,0.52,0.603,0.335,93.42,0.81
C02829,Group Practice,Therapy,12,1394,0.5,0.775,0.761,0.67,0.284,180.49,0.579
C02830,Small Practice,Counseling,4,382,0.878,0.286,0.527,0.456,0.646,96.44,0.674
C02831,Solo Provider,Therapy,1,76,0.871,0.207,0.541,0.297,0.299,72.67,0.776
C02832,Solo Provider,Psychology,1,65,0.433,0.73,0.795,0.415,0.273,76.2,0.824
C02833,Solo Provider,Psychology,1,178,0.799,0.585,0.345,0.736,0.252,49.75,0.608
C02834,Group Practice,Counseling,11,884,0.924,0.436,0.843,0.854,0.582,171.64,0.195
C02835,Small Practice,Psychology,4,503,0.96,0.548,0.394,0.58,0.211,92.15,0.648
C02836,Small Practice,Psychology,4,259,0.562,0.997,0.339,0.593,0.497,107.35,0.664
C02837,Small Practice,Counseling,4,353,0.763,0.619,0.409,0.52,0.395,104.17,0.63
C02838,Solo Provider,Counseling,1,177,0.546,0.8,0.127,0.715,0.284,79.06,0.967
C02839,Solo Provider,Psychiatry,1,103,0.651,0.61,0.704,0.728,0.514,62.05,0.914
C02840,Solo Provider,Counseling,1,70,0.584,0.45,0.49,0.442,0.343,48.44,0.75
C02841,Small Practice,Counseling,5,243,0.723,0.39,0.552,0.819,0.584,107.0,0.598
C02842,Solo Provider,Psychology,1,145,0.556,0.516,0.366,0.262,0.301,53.85,0.834
C02843,Solo Provider,Counseling,1,115,0.943,0.98,0.455,0.662,0.343,59.56,0.751
C02844,Solo Provider,Therapy,1,168,0.713,0.845,0.274,0.463,0.318,67.73,0.825
C02845,Solo Provider,Psychology,1,156,0.985,0.493,0.326,0.554,0.586,75.08,0.654
C02846,Small Practice,Psychology,5,261,0.828,0.763,0.532,0.643,0.341,125.78,0.73
C02847,Solo Provider,Counseling,1,122,0.715,0.577,0.443,0.646,0.362,79.7,0.68
C02848,Solo Provider,Therapy,1,127,0.764,0.314,0.481,0.5,0.073,46.68,0.833
C02849,Small Practice,Counseling,2,185,0.638,0.383,0.323,0.36,0.533,122.0,0.734
C02850,Solo Provider,Therapy,1,152,0.623,0.552,0.485,0.452,0.281,71.94,0.805
C02851,Solo Provider,Psychiatry,1,87,0.614,0.397,0.442,0.586,0.536,69.7,0.757
C02852,Solo Provider,Psychology,1,104,0.448,0.495,0.496,0.281,0.554,53.32,0.852
C02853,Group Practice,Psychiatry,8,758,0.592,0.488,0.387,0.357,0.459,153.89,0.523
C02854,Solo Provider,Counseling,1,109,0.651,0.76,0.347,0.56,0.386,73.74,0.936
C02855,Small Practice,Counseling,5,365,0.48,0.555,0.405,0.42,0.442,105.21,0.674
C02856,Group Practice,Therapy,9,889,0.773,0.429,0.615,0.707,0.701,176.07,0.435
C02857,Small Practice,Psychiatry,4,577,0.727,0.362,0.238,0.861,0.165,110.69,0.633
C02858,Solo Provider,Therapy,1,85,0.435,0.455,0.278,0.818,0.671,78.31,0.727
C02859,Small Practice,Psychology,3,443,0.658,0.357,0.841,0.227,0.436,112.21,0.585
C02860,Solo Provider,Counseling,1,63,0.553,0.508,0.232,0.545,0.475,61.55,0.756
C02861,Solo Provider,Psychology,1,142,0.986,0.819,0.667,0.131,0.45,53.67,0.825
C02862,Small Practice,Therapy,5,344,0.667,0.408,0.405,0.482,0.526,99.38,0.579
C02863,Solo Provider,Therapy,1,130,0.435,0.691,0.523,0.583,0.293,83.85,0.694
C02864,Solo Provider,Therapy,1,66,0.572,0.449,0.468,0.386,0.526,79.75,0.773
C02865,Solo Provider,Psychiatry,1,100,0.642,0.851,0.367,0.458,0.447,59.33,0.823
C02866,Solo Provider,Psychology,1,139,0.47,0.647,0.356,0.517,0.305,59.58,0.728
C02867,Solo Provider,Therapy,1,169,0.804,0.726,0.779,0.536,0.267,77.53,0.783
C02868,Small Practice,Counseling,3,513,0.901,0.467,0.687,0.528,0.265,116.94,0.63
C02869,Group Practice,Psychiatry,15,653,0.518,0.433,0.49,0.556,0.632,177.62,0.337
C02870,Solo Provider,Psychology,1,107,0.91,0.941,0.698,0.207,0.619,74.42,0.809
C02871,Small Practice,Psychology,2,359,0.806,0.314,0.388,0.462,0.186,109.85,0.75
C02872,Solo Provider,Psychology,1,151,0.745,0.648,0.48,0.702,0.103,65.78,0.849
C02873,Solo Provider,Psychiatry,1,150,0.593,0.559,0.74,0.286,0.343,49.76,0.963
C02874,Solo Provider,Psychiatry,1,135,0.706,0.724,0.453,0.36,0.435,73.92,0.79
C02875,Solo Provider,Psychiatry,1,155,0.839,0.382,0.62,0.469,0.492,91.96,0.849
C02876,Solo Provider,Therapy,1,133,0.64,0.558,0.309,0.649,0.203,60.44,0.88
C02877,Solo Provider,Psychiatry,1,75,0.436,0.918,0.0,0.498,0.403,66.93,0.569
C02878,Solo Provider,Counseling,1,152,0.663,0.892,0.486,0.452,0.342,72.19,0.978
C02879,Small Practice,Counseling,5,456,0.627,0.436,0.457,0.833,0.415,113.69,0.516
C02880,Solo Provider,Counseling,1,65,0.641,0.751,0.429,0.758,0.231,79.31,0.683
C02881,Solo Provider,Psychiatry,1,80,0.674,0.794,0.136,0.523,0.144,47.22,0.616
C02882,Solo Provider,Psychiatry,1,72,0.672,0.523,0.631,0.526,0.295,69.5,0.669
C02883,Small Practice,Therapy,3,259,0.595,0.545,0.336,0.737,0.543,97.25,0.605
C02884,Solo Provider,Psychiatry,1,131,0.657,0.834,0.471,0.731,0.26,100.65,0.569
C02885,Small Practice,Psychology,5,331,0.817,0.508,0.321,0.586,0.141,112.54,0.623
C02886,Solo Provider,Psychiatry,1,125,0.767,0.696,0.727,0.576,0.082,89.95,0.785
C02887,Solo Provider,Psychology,1,153,0.98,0.834,0.404,0.328,0.419,49.04,0.927
C02888,Group Practice,Therapy,8,1243,0.394,0.589,0.322,0.692,0.391,158.05,0.566
C02889,Solo Provider,Psychiatry,1,76,0.605,0.359,0.524,0.596,0.509,73.55,0.866
C02890,Solo Provider,Psychiatry,1,175,0.805,0.813,0.236,0.433,0.125,80.26,0.833
C02891,Solo Provider,Psychiatry,1,97,0.834,0.541,0.541,0.571,0.403,85.56,0.67
C02892,Large Practice,Therapy,35,3683,0.645,0.823,0.919,0.933,0.998,315.29,0.307
C02893,Small Practice,Psychiatry,4,560,0.711,0.489,0.277,0.718,0.579,110.57,0.684
C02894,Small Practice,Counseling,2,405,0.334,0.605,0.195,0.555,0.582,90.35,0.588
C02895,Large Practice,Counseling,34,2284,0.707,0.644,0.807,1.0,1.0,309.52,0.419
C02896,Solo Provider,Psychiatry,1,73,0.623,0.554,0.609,0.682,0.193,80.2,0.837
C02897,Large Practice,Psychiatry,22,2384,0.668,0.775,0.889,0.837,0.784,278.77,0.339
C02898,Solo Provider,Psychology,1,138,0.532,0.37,0.554,0.53,0.436,67.54,0.717
C02899,Small Practice,Psychiatry,5,264,0.892,0.803,0.414,0.646,0.328,129.03,0.389
C02900,Solo Provider,Psychology,1,65,0.856,0.531,0.344,0.419,0.406,71.26,0.818
C02901,Solo Provider,Psychiatry,1,81,0.626,0.657,0.339,0.762,0.171,60.09,0.718
C02902,Group Practice,Counseling,15,976,0.815,0.496,0.798,0.768,0.661,193.69,0.52
C02903,Solo Provider,Psychology,1,175,0.467,0.91,0.398,0.302,0.292,52.05,0.754
C02904,Large Practice,Counseling,19,1518,0.846,0.297,0.658,0.653,0.666,256.76,0.471
C02905,Solo Provider,Counseling,1,71,0.934,0.624,0.701,0.459,0.304,85.11,0.798
C02906,Small Practice,Psychiatry,2,226,0.731,0.765,0.348,0.581,0.292,103.37,0.797
C02907,Large Practice,Psychiatry,29,4930,0.394,0.777,0.858,0.604,0.886,299.23,0.148
C02908,Solo Provider,Therapy,1,133,0.431,0.645,0.44,0.174,0.505,86.26,0.863
C02909,Group Practice,Psychology,10,1777,0.568,0.743,0.793,0.541,0.658,196.91,0.215
C02910,Small Practice,Psychology,3,309,0.318,0.719,0.197,0.432,0.506,111.61,0.636
C02911,Small Practice,Psychiatry,3,323,0.694,0.848,0.444,0.532,0.42,117.28,0.643
C02912,Solo Provider,Therapy,1,106,0.6,0.501,0.306,0.148,0.591,58.96,0.71
C02913,Small Practice,Counseling,3,202,0.679,0.743,0.282,0.774,0.386,91.33,0.548
C02914,Small Practice,Therapy,3,373,0.612,0.471,0.43,0.544,0.427,103.01,0.694
C02915,Solo Provider,Psychology,1,126,0.659,1.0,0.392,0.742,0.278,50.1,0.657
C02916,Solo Provider,Therapy,1,127,0.746,0.859,0.292,0.363,0.426,58.57,0.8
C02917,Solo Provider,Therapy,1,65,0.746,0.768,0.539,0.517,0.21,69.21,0.831
C02918,Group Practice,Counseling,11,1327,0.655,0.716,0.603,0.299,0.452,178.82,0.379
C02919,Solo Provider,Psychology,1,84,1.0,0.674,0.285,0.485,0.37,81.97,0.876
C02920,Small Practice,Therapy,2,466,0.781,0.65,0.703,0.465,0.394,76.72,0.626
C02921,Large Practice,Therapy,29,4969,0.801,0.223,1.0,0.796,1.0,281.63,0.308
C02922,Solo Provider,Psychiatry,1,116,0.565,0.43,0.595,0.579,0.593,59.46,0.761
C02923,Solo Provider,Psychology,1,105,0.796,0.5,0.418,0.601,0.349,50.36,0.751
C02924,Small Practice,Psychiatry,2,307,0.645,0.761,0.553,0.71,0.351,89.78,0.615
C02925,Solo Provider,Counseling,1,171,0.751,0.503,0.512,0.761,0.301,64.56,0.669
C02926,Small Practice,Psychology,4,458,0.9,0.665,0.401,0.453,0.245,122.91,0.751
C02927,Small Practice,Psychology,5,384,0.856,0.606,0.715,0.248,0.474,114.83,0.609
C02928,Small Practice,Psychiatry,2,199,0.703,0.631,0.714,0.494,0.516,114.98,0.713
C02929,Solo Provider,Psychology,1,75,0.548,0.777,0.516,0.31,0.336,59.01,1.0
C02930,Small Practice,Counseling,3,557,0.768,0.553,0.516,0.46,0.464,125.88,0.644
C02931,Small Practice,Therapy,2,264,0.667,0.835,0.271,0.812,0.238,117.37,0.769
C02932,Solo Provider,Psychology,1,172,0.636,0.63,0.558,0.342,0.352,50.84,0.769
C02933,Small Practice,Counseling,5,464,0.719,0.67,0.41,0.573,0.343,103.91,0.781
C02934,Group Practice,Psychiatry,15,510,0.446,0.708,0.764,0.657,0.539,196.16,0.435
C02935,Small Practice,Counseling,5,328,0.805,0.707,0.486,0.523,0.449,112.33,0.816
C02936,Solo Provider,Psychiatry,1,161,0.559,0.572,0.293,0.191,0.194,70.62,0.812
C02937,Solo Provider,Therapy,1,161,0.527,0.506,0.324,0.073,0.343,52.89,0.88
C02938,Solo Provider,Counseling,1,84,0.51,0.498,0.416,0.643,0.341,64.35,0.863
C02939,Solo Provider,Psychiatry,1,127,0.559,0.527,0.277,0.614,0.324,69.3,0.44
C02940,Solo Provider,Counseling,1,78,0.846,0.504,0.537,0.476,0.05,59.35,0.995
C02941,Large Practice,Psychiatry,28,4192,0.606,0.597,0.894,0.659,1.0,299.84,0.384
C02942,Solo Provider,Psychiatry,1,70,0.586,0.835,0.557,0.444,0.205,64.91,0.642
C02943,Group Practice,Psychology,7,1746,0.878,0.829,0.561,0.57,0.303,166.88,0.556
C02944,Solo Provider,Psychiatry,1,78,0.791,0.862,0.38,0.371,0.738,69.44,0.859
C02945,Solo Provider,Counseling,1,156,0.654,0.709,0.38,0.509,0.327,68.18,0.725
C02946,Solo Provider,Therapy,1,73,0.604,0.754,0.419,0.22,0.461,90.78,0.864
C02947,Solo Provider,Therapy,1,92,0.577,0.683,0.537,0.685,0.512,71.93,0.832
C02948,Small Practice,Therapy,3,354,0.689,0.418,0.27,0.486,0.422,96.12,0.897
C02949,Large Practice,Psychiatry,18,4968,0.639,0.761,0.762,0.607,0.522,253.98,0.26
C02950,Group Practice,Therapy,13,828,0.721,0.56,0.863,0.853,0.55,188.38,0.354
C02951,Solo Provider,Psychiatry,1,121,0.68,0.639,0.405,0.334,0.373,60.35,0.765
C02952,Small Practice,Therapy,3,378,0.69,0.663,0.435,0.597,0.296,90.0,0.541
C02953,Solo Provider,Counseling,1,65,0.507,0.345,0.541,0.729,0.452,48.42,0.752
C02954,Group Practice,Therapy,15,1400,0.459,0.634,0.555,0.292,0.842,180.05,0.324
C02955,Small Practice,Counseling,2,585,0.629,0.734,0.369,0.589,0.434,103.07,0.512
C02956,Solo Provider,Counseling,1,167,0.542,0.44,0.509,0.443,0.424,47.65,0.838
C02957,Solo Provider,Psychology,1,156,0.743,0.544,0.445,0.643,0.32,85.38,1.0
C02958,Solo Provider,Counseling,1,67,0.718,0.609,0.437,0.41,0.387,49.17,0.869
C02959,Solo Provider,Counseling,1,118,0.84,0.753,0.446,0.602,0.563,73.79,0.794
C02960,Group Practice,Counseling,11,1431,0.746,0.469,0.746,0.7,0.45,181.66,0.34
C02961,Small Practice,Psychology,5,339,0.513,0.634,0.502,0.549,0.514,93.72,0.474
C02962,Large Practice,Psychology,31,3623,0.899,1.0,0.916,0.88,0.541,305.52,0.39
C02963,Solo Provider,Psychiatry,1,78,0.742,0.426,0.762,0.77,0.412,74.65,0.899
C02964,Small Practice,Psychology,5,282,0.504,0.241,0.335,0.423,0.343,94.17,0.695
C02965,Solo Provider,Psychiatry,1,60,0.522,0.421,0.471,0.42,0.369,82.39,0.854
C02966,Small Practice,Therapy,3,409,0.972,0.723,0.598,0.715,0.512,123.96,0.57
C02967,Solo Provider,Counseling,1,90,0.644,0.704,0.485,0.706,0.427,96.28,0.661
C02968,Solo Provider,Psychology,1,76,0.617,0.445,0.607,0.339,0.488,58.42,0.907
C02969,Small Practice,Psychology,2,153,0.629,0.472,0.514,0.587,0.495,111.31,0.567
C02970,Solo Provider,Psychiatry,1,155,0.552,0.801,0.242,0.779,0.29,74.96,0.86
C02971,Solo Provider,Counseling,1,150,0.825,0.551,0.419,0.398,0.61,74.6,0.683
C02972,Small Practice,Psychology,5,514,0.864,1.0,0.43,0.584,0.382,106.73,0.754
C02973,Solo Provider,Therapy,1,111,0.836,0.578,0.802,0.139,0.425,66.53,0.799
C02974,Group Practice,Counseling,14,1172,0.709,0.689,0.721,0.965,0.187,215.72,0.635
C02975,Small Practice,Counseling,5,486,0.707,0.897,0.663,0.845,0.496,132.14,0.447
C02976,Group Practice,Counseling,8,653,0.92,0.374,0.388,0.599,0.694,163.39,0.611
C02977,Small Practice,Psychiatry,5,178,1.0,0.55,0.626,0.483,0.511,100.76,0.563
C02978,Small Practice,Therapy,4,403,0.618,0.595,0.589,0.869,0.333,108.34,0.551
C02979,Small Practice,Therapy,5,599,0.455,0.842,0.537,0.59,0.151,85.56,0.592
C02980,Group Practice,Psychology,14,1799,0.858,0.646,0.68,0.691,0.502,184.62,0.365
C02981,Small Practice,Counseling,4,157,0.613,0.481,0.376,0.436,0.354,93.35,0.54
C02982,Solo Provider,Therapy,1,143,0.656,0.427,0.126,0.824,0.539,82.77,0.828
C02983,Solo Provider,Psychology,1,178,0.779,0.636,0.279,0.836,0.302,69.48,0.762
C02984,Small Practice,Therapy,5,544,0.786,0.733,0.438,0.564,0.521,126.89,0.584
C02985,Solo Provider,Counseling,1,126,0.94,0.399,0.563,0.361,0.273,61.65,0.89
C02986,Solo Provider,Therapy,1,120,1.0,0.743,0.361,0.6,0.332,65.97,0.883
C02987,Solo Provider,Counseling,1,82,0.73,0.664,0.621,0.205,0.383,48.73,0.73
C02988,Small Practice,Therapy,4,377,0.607,0.608,0.561,0.64,0.361,100.48,0.808
C02989,Solo Provider,Psychiatry,1,147,0.408,0.588,0.472,0.0,0.549,46.1,0.79
C02990,Small Practice,Psychology,5,367,0.814,0.809,0.428,0.33,0.46,112.31,0.681
C02991,Small Practice,Counseling,2,340,0.682,0.654,0.625,0.75,0.626,130.81,0.78
C02992,Group Practice,Psychiatry,6,824,0.761,0.832,0.452,0.833,0.252,154.65,0.686
C02993,Solo Provider,Counseling,1,135,0.917,0.733,0.157,0.351,0.422,62.06,0.864
C02994,Small Practice,Therapy,5,335,0.48,0.969,0.468,0.694,0.651,114.9,0.534
C02995,Small Practice,Psychiatry,2,410,0.661,0.817,0.38,0.533,0.33,90.56,0.883
C02996,Solo Provider,Counseling,1,78,0.812,0.973,0.327,0.528,0.22,56.7,0.599
C02997,Small Practice,Psychiatry,2,334,0.623,0.596,0.481,0.321,0.439,112.6,0.771
C02998,Solo Provider,Psychology,1,64,0.834,0.527,0.413,0.58,0.318,76.74,0.674
C02999,Large Practice,Psychiatry,19,1741,0.622,0.84,0.816,0.758,0.472,273.27,0.184
C03000,Solo Provider,Psychiatry,1,163,0.795,0.696,0.394,0.426,0.4,67.65,0.675
C03001,Group Practice,Counseling,13,919,0.542,0.682,0.732,0.714,0.417,182.02,0.263
C03002,Small Practice,Psychology,4,260,0.842,0.455,0.845,0.384,0.491,105.66,0.576
C03003,Solo Provider,Psychology,1,77,0.829,0.834,0.574,0.688,0.276,67.55,0.865
C03004,Small Practice,Psychology,2,181,0.717,0.762,0.524,0.653,0.265,112.79,0.493
C03005,Solo Provider,Counseling,1,102,0.902,0.629,0.587,0.235,0.275,43.31,0.808
C03006,Small Practice,Psychiatry,3,311,0.724,0.541,0.443,0.467,0.211,96.54,0.628
C03007,Small Practice,Counseling,4,299,0.625,0.613,0.633,0.532,0.133,111.44,0.531
C03008,Solo Provider,Psychology,1,177,0.687,0.996,0.56,0.147,0.585,73.35,0.815
C03009,Solo Provider,Counseling,1,65,0.746,0.814,0.453,0.26,0.417,87.3,0.662
C03010,Small Practice,Counseling,5,557,0.692,0.528,0.576,0.637,0.338,107.61,0.695
C03011,Solo Provider,Therapy,1,139,0.587,1.0,0.642,0.636,0.537,71.42,0.83
C03012,Group Practice,Psychiatry,8,952,0.517,1.0,0.744,0.63,0.257,166.82,0.513
C03013,Small Practice,Psychiatry,3,188,0.533,0.562,0.628,0.864,0.305,117.46,0.55
C03014,Small Practice,Psychiatry,5,549,0.522,0.698,0.838,0.416,0.385,101.6,0.661
C03015,Solo Provider,Psychiatry,1,73,0.435,0.794,0.493,0.574,0.347,60.76,0.951
C03016,Small Practice,Therapy,5,370,0.95,0.254,0.502,0.547,0.423,92.0,0.495
C03017,Group Practice,Counseling,12,1608,0.908,0.575,0.49,0.341,0.707,145.28,0.55
C03018,Solo Provider,Counseling,1,106,0.721,0.698,0.393,0.506,0.331,55.11,0.803
C03019,Solo Provider,Psychology,1,101,0.698,0.529,0.351,0.195,0.342,55.66,0.88
C03020,Solo Provider,Psychiatry,1,176,0.888,0.834,0.725,0.896,0.377,72.62,0.684
C03021,Solo Provider,Counseling,1,169,0.786,0.909,0.308,0.555,0.249,64.22,0.785
C03022,Small Practice,Psychiatry,3,443,1.0,0.736,0.431,0.435,0.375,104.27,0.563
C03023,Solo Provider,Psychiatry,1,88,0.668,0.626,0.291,0.447,0.536,60.18,0.919
C03024,Small Practice,Counseling,2,499,0.475,0.597,0.515,0.784,0.565,94.14,0.671
C03025,Solo Provider,Counseling,1,125,0.904,0.589,0.532,0.491,0.667,85.1,0.739
C03026,Solo Provider,Psychology,1,90,0.785,0.942,0.164,0.501,0.234,71.87,0.845
C03027,Solo Provider,Therapy,1,61,0.629,0.556,0.496,0.296,0.418,72.64,0.718
C03028,Group Practice,Therapy,14,634,0.615,0.515,0.615,0.902,0.729,184.79,0.402
C03029,Small Practice,Counseling,5,349,0.525,0.654,0.434,0.531,0.561,118.75,0.583
C03030,Solo Provider,Psychiatry,1,138,0.791,0.635,0.639,0.323,0.596,97.03,0.725
C03031,Small Practice,Psychology,4,526,0.799,0.369,0.478,0.364,0.206,82.16,0.771
C03032,Solo Provider,Psychiatry,1,171,0.59,0.497,0.636,0.685,0.559,89.35,0.721
C03033,Solo Provider,Psychiatry,1,83,0.587,0.524,0.366,0.497,0.242,30.25,0.823
C03034,Solo Provider,Counseling,1,99,0.734,0.454,0.365,0.402,0.509,63.64,0.85
C03035,Large Practice,Psychology,25,3206,0.817,0.973,0.821,0.528,0.695,278.31,0.356
C03036,Small Practice,Psychiatry,2,203,0.565,0.667,0.25,0.518,0.399,83.63,0.605
C03037,Small Practice,Psychiatry,4,304,0.5,0.681,0.619,0.575,0.607,99.25,0.536
C03038,Solo Provider,Therapy,1,74,1.0,0.741,0.569,0.623,0.38,50.76,0.905
C03039,Solo Provider,Psychology,1,109,0.742,0.727,0.618,0.316,0.206,70.14,0.698
C03040,Small Practice,Psychology,4,293,0.558,0.995,0.553,0.569,0.391,111.3,0.743
C03041,Solo Provider,Therapy,1,127,0.518,0.372,0.354,0.606,0.304,57.83,0.927
C03042,Group Practice,Psychiatry,7,878,0.575,0.863,0.76,0.488,0.549,177.18,0.477
C03043,Small Practice,Psychology,2,407,0.846,0.743,0.579,0.308,0.38,99.16,0.54
C03044,Solo Provider,Therapy,1,68,0.868,0.649,0.089,0.334,0.455,72.16,0.746
C03045,Small Practice,Counseling,3,295,0.757,0.728,0.613,0.425,0.521,77.99,0.801
C03046,Large Practice,Counseling,18,2828,0.429,0.495,0.603,0.705,0.731,267.03,0.39
C03047,Solo Provider,Psychology,1,62,0.538,0.84,0.0,0.772,0.57,95.77,0.875
C03048,Small Practice,Therapy,5,364,0.817,0.674,0.562,0.362,0.499,99.14,0.685
C03049,Group Practice,Psychology,13,1268,0.503,0.579,0.789,0.823,0.699,200.15,0.546
C03050,Solo Provider,Counseling,1,120,0.603,0.711,0.628,0.277,0.16,39.96,0.656
C03051,Group Practice,Therapy,12,754,0.621,0.922,0.564,0.386,0.591,169.24,0.431
C03052,Solo Provider,Counseling,1,80,0.86,0.396,0.215,0.591,0.276,61.22,0.955
C03053,Small Practice,Counseling,4,479,0.818,0.349,0.561,0.486,0.576,108.49,0.585
C03054,Small Practice,Therapy,3,307,0.762,0.605,0.534,0.834,0.361,134.19,0.69
C03055,Small Practice,Therapy,5,254,0.335,0.53,0.344,0.717,0.426,111.28,0.756
C03056,Solo Provider,Psychology,1,138,0.791,0.43,0.541,0.744,0.151,70.96,0.768
C03057,Small Practice,Counseling,3,321,0.915,0.781,0.556,0.675,0.519,105.67,0.654
C03058,Solo Provider,Counseling,1,61,0.589,0.637,0.291,0.636,0.553,67.32,0.706
C03059,Solo Provider,Psychology,1,145,0.628,0.844,0.678,0.431,0.0,63.06,0.915
C03060,Solo Provider,Psychology,1,145,0.845,0.584,0.37,0.452,0.441,86.61,0.888
C03061,Small Practice,Psychology,4,410,0.678,0.81,0.364,0.789,0.454,96.85,0.627
C03062,Solo Provider,Psychology,1,138,0.794,0.599,0.451,0.228,0.303,66.85,0.743
C03063,Solo Provider,Counseling,1,163,0.303,0.575,0.247,0.335,0.519,64.3,0.631
C03064,Group Practice,Therapy,11,944,0.595,0.474,0.663,0.705,0.289,159.58,0.565
C03065,Solo Provider,Therapy,1,155,0.758,0.437,0.396,0.295,0.289,46.71,0.78
C03066,Solo Provider,Therapy,1,73,0.767,1.0,0.604,0.712,0.103,66.35,0.604
C03067,Solo Provider,Counseling,1,139,0.968,1.0,0.362,0.412,0.45,68.3,0.78
C03068,Solo Provider,Psychology,1,139,1.0,0.885,0.745,0.198,0.529,92.76,0.705
C03069,Small Practice,Therapy,3,205,0.791,0.516,0.422,0.468,0.518,119.39,0.69
C03070,Solo Provider,Therapy,1,70,0.942,0.498,0.536,0.591,0.354,75.57,0.894
C03071,Solo Provider,Psychiatry,1,95,0.679,0.587,0.356,0.497,0.173,78.24,0.847
C03072,Large Practice,Therapy,23,4568,0.842,0.678,0.642,1.0,0.401,268.17,0.301
C03073,Group Practice,Psychology,12,1166,0.732,1.0,0.635,0.515,0.309,167.76,0.561
C03074,Small Practice,Psychiatry,5,194,0.884,0.84,0.434,0.483,0.177,112.74,0.444
C03075,Group Practice,Psychiatry,12,843,0.754,0.684,0.524,0.894,0.298,181.81,0.403
C03076,Group Practice,Therapy,10,881,0.7,0.557,0.681,0.413,0.508,169.03,0.493
C03077,Solo Provider,Psychology,1,120,0.701,0.689,0.201,0.229,0.388,53.68,0.739
C03078,Small Practice,Counseling,3,260,0.833,0.472,0.133,0.818,0.585,91.92,0.77
C03079,Small Practice,Psychology,3,547,0.51,0.639,0.443,0.353,0.479,119.46,0.624
C03080,Solo Provider,Counseling,1,81,0.318,0.324,0.779,0.451,0.404,82.19,0.801
C03081,Solo Provider,Counseling,1,122,0.414,0.889,0.654,0.513,0.43,49.6,0.763
C03082,Solo Provider,Counseling,1,168,0.737,0.698,0.537,0.409,0.592,77.53,0.801
C03083,Small Practice,Psychology,4,209,0.858,0.669,0.497,0.753,0.164,97.4,0.622
C03084,Small Practice,Therapy,5,302,0.747,0.648,0.418,0.556,0.489,120.95,0.632
C03085,Small Practice,Psychiatry,2,597,0.703,0.228,0.447,0.631,0.344,94.55,0.68
C03086,Solo Provider,Psychiatry,1,153,0.735,0.902,0.583,0.292,0.119,76.73,0.844
C03087,Solo Provider,Psychology,1,101,0.669,1.0,0.425,0.941,0.244,64.53,0.735
C03088,Solo Provider,Counseling,1,116,0.508,0.346,0.432,0.537,0.26,78.76,0.752
C03089,Small Practice,Psychology,4,429,0.661,0.727,0.265,0.594,0.413,103.28,0.613
C03090,Group Practice,Psychiatry,6,691,0.503,0.952,0.683,0.506,0.194,186.02,0.204
C03091,Group Practice,Counseling,15,1032,0.814,0.479,0.629,0.636,0.656,177.71,0.459
C03092,Group Practice,Psychology,12,1088,0.688,0.334,0.507,0.618,0.626,172.73,0.6
C03093,Group Practice,Counseling,14,506,0.42,0.71,0.524,0.616,0.673,166.52,0.502
C03094,Large Practice,Psychology,33,4318,0.694,0.878,1.0,1.0,0.73,288.92,0.34
C03095,Solo Provider,Psychology,1,67,0.917,0.826,0.401,0.605,0.285,68.02,0.801
C03096,Solo Provider,Psychiatry,1,126,0.4,0.504,0.806,0.497,0.392,62.99,0.799
C03097,Solo Provider,Psychiatry,1,153,0.639,0.239,0.583,0.786,0.193,84.05,0.759
C03098,Solo Provider,Psychiatry,1,135,0.584,0.72,1.0,0.619,0.378,84.14,0.888
C03099,Solo Provider,Psychiatry,1,79,0.44,0.757,0.577,0.461,0.615,80.02,0.944
C03100,Solo Provider,Psychology,1,66,0.658,0.274,0.439,0.2,0.014,66.77,0.865
C03101,Large Practice,Psychiatry,38,2784,0.662,0.647,0.976,0.722,1.0,292.97,0.165
C03102,Solo Provider,Therapy,1,118,0.772,0.602,0.349,0.602,0.418,74.34,0.569
C03103,Large Practice,Therapy,40,3933,0.682,0.608,1.0,0.859,1.0,323.18,0.333
C03104,Small Practice,Counseling,3,542,0.713,0.932,0.616,0.523,0.274,114.82,0.577
C03105,Small Practice,Psychiatry,2,276,1.0,0.644,0.273,0.555,0.266,79.77,0.608
C03106,Small Practice,Psychology,3,305,0.382,0.542,0.371,0.451,0.289,104.92,0.653
C03107,Solo Provider,Counseling,1,109,0.754,0.884,0.39,0.567,0.423,61.25,0.915
C03108,Small Practice,Therapy,3,285,0.571,0.547,0.441,0.613,0.241,90.49,0.555
C03109,Solo Provider,Counseling,1,96,0.56,0.698,0.411,0.624,0.377,68.9,0.975
C03110,Group Practice,Psychology,13,512,0.668,0.654,0.509,0.914,0.538,187.59,0.386
C03111,Solo Provider,Psychology,1,98,0.564,0.824,0.58,0.534,0.457,52.44,0.75
C03112,Solo Provider,Psychiatry,1,111,0.625,0.283,0.306,0.303,0.21,62.12,0.933
C03113,Small Practice,Psychology,2,216,0.776,0.845,0.484,0.782,0.201,89.98,0.643
C03114,Small Practice,Therapy,5,512,0.763,0.864,0.314,0.458,0.172,95.75,0.686
C03115,Solo Provider,Psychiatry,1,110,0.813,0.656,0.145,0.23,0.38,33.54,0.847
C03116,Small Practice,Counseling,3,209,0.547,0.45,0.397,0.557,0.298,98.4,0.451
C03117,Solo Provider,Psychiatry,1,80,0.559,0.595,0.413,0.519,0.331,63.75,0.817
C03118,Small Practice,Psychology,4,213,0.938,0.647,0.417,0.304,0.519,132.1,0.56
C03119,Solo Provider,Counseling,1,176,1.0,0.612,0.215,0.623,0.683,96.28,0.669
C03120,Solo Provider,Psychology,1,165,0.482,0.706,0.618,0.501,0.435,83.19,0.91
C03121,Solo Provider,Psychiatry,1,103,0.607,0.495,0.623,0.589,0.456,77.5,0.734
C03122,Solo Provider,Counseling,1,152,0.737,0.67,0.483,0.645,0.215,67.17,0.868
C03123,Solo Provider,Counseling,1,67,0.581,0.412,0.748,0.5,0.315,79.75,0.686
C03124,Solo Provider,Psychology,1,89,0.823,0.639,0.578,0.372,0.401,70.98,0.795
C03125,Solo Provider,Therapy,1,104,0.428,0.987,0.708,0.316,0.455,69.76,0.651
C03126,Solo Provider,Psychiatry,1,106,0.656,0.562,0.639,0.796,0.622,77.96,0.916
C03127,Small Practice,Psychiatry,2,282,0.758,0.438,0.652,0.641,0.496,109.93,0.422
C03128,Solo Provider,Therapy,1,154,0.851,0.647,0.39,0.28,0.153,57.16,0.815
C03129,Small Practice,Psychiatry,3,571,0.929,0.424,0.443,0.824,0.357,103.41,0.657
C03130,Group Practice,Therapy,15,1054,0.392,0.613,0.683,0.51,0.672,190.79,0.529
C03131,Solo Provider,Psychology,1,170,0.635,0.74,0.536,0.472,0.538,56.05,0.829
C03132,Group Practice,Psychiatry,14,1787,0.625,0.592,0.623,0.793,0.764,187.66,0.434
C03133,Solo Provider,Psychology,1,144,0.393,0.522,0.323,0.565,0.352,64.32,0.709
C03134,Solo Provider,Psychiatry,1,98,0.319,0.849,0.617,0.472,0.421,48.29,0.767
C03135,Small Practice,Psychology,4,407,0.812,0.819,0.467,0.739,0.216,114.71,0.625
C03136,Small Practice,Psychology,4,409,0.837,0.705,0.541,0.426,0.483,108.3,0.843
C03137,Group Practice,Therapy,12,1715,0.806,0.444,0.61,0.616,0.247,163.39,0.529
C03138,Solo Provider,Psychiatry,1,110,0.802,0.514,0.771,0.465,0.656,74.41,0.783
C03139,Small Practice,Psychology,2,576,0.562,0.659,0.561,0.593,0.392,110.95,0.641
C03140,Solo Provider,Psychology,1,95,0.845,0.721,0.563,0.705,0.321,70.03,0.911
C03141,Solo Provider,Therapy,1,126,0.49,0.591,0.357,0.576,0.325,75.99,0.813
C03142,Solo Provider,Counseling,1,168,0.744,0.845,0.438,0.246,0.191,70.81,0.78
C03143,Large Practice,Therapy,26,4986,0.878,0.98,0.707,1.0,0.573,289.27,0.485
C03144,Solo Provider,Counseling,1,167,0.665,0.649,0.345,0.767,0.264,50.71,0.744
C03145,Group Practice,Psychology,6,762,0.595,0.512,0.514,0.382,0.697,169.28,0.435
C03146,Small Practice,Psychiatry,3,307,1.0,0.814,0.458,0.354,0.455,105.38,0.756
C03147,Small Practice,Therapy,5,216,0.732,0.313,0.547,0.684,0.433,121.56,0.762
C03148,Small Practice,Counseling,3,217,0.766,0.658,0.191,0.504,0.249,104.27,0.663
C03149,Group Practice,Psychology,13,842,0.565,0.692,1.0,0.287,0.619,177.69,0.396
C03150,Solo Provider,Counseling,1,148,0.648,0.758,0.429,0.144,0.56,57.61,0.913
C03151,Solo Provider,Counseling,1,76,0.707,0.869,0.62,0.743,0.424,91.87,0.877
C03152,Small Practice,Therapy,4,571,0.766,0.264,0.273,0.633,0.52,95.83,0.611
C03153,Solo Provider,Psychology,1,150,0.729,0.234,0.535,0.518,0.405,49.34,0.788
C03154,Solo Provider,Psychiatry,1,166,0.535,0.924,0.369,0.649,0.206,60.33,0.799
C03155,Solo Provider,Counseling,1,176,0.649,0.91,0.754,0.552,0.306,54.63,0.667
C03156,Solo Provider,Therapy,1,151,0.917,0.386,0.399,0.538,0.0,43.84,0.675
C03157,Solo Provider,Therapy,1,102,0.739,0.835,0.365,0.434,0.35,70.96,0.719
C03158,Solo Provider,Psychology,1,140,0.767,0.16,0.561,0.534,0.407,44.88,0.918
C03159,Group Practice,Psychology,6,812,0.689,0.232,0.508,0.716,0.517,162.5,0.458
C03160,Solo Provider,Psychology,1,137,0.627,0.691,0.232,0.761,0.257,66.65,0.856
C03161,Large Practice,Psychiatry,20,3020,0.894,0.845,0.514,0.727,0.741,248.04,0.093
C03162,Large Practice,Psychiatry,40,3639,0.503,0.462,0.853,0.959,0.936,320.9,0.411
C03163,Solo Provider,Counseling,1,112,0.819,0.346,0.371,0.535,0.436,60.29,0.735
C03164,Small Practice,Counseling,5,552,0.655,1.0,0.572,0.567,0.251,104.57,0.526
C03165,Small Practice,Counseling,3,399,0.67,0.622,0.383,0.24,0.47,102.72,0.625
C03166,Small Practice,Psychiatry,4,557,0.555,0.691,0.316,0.585,0.413,91.87,0.804
C03167,Solo Provider,Counseling,1,140,0.638,0.76,0.045,0.661,0.337,59.52,0.686
C03168,Solo Provider,Psychiatry,1,100,0.589,0.429,0.174,0.636,0.284,71.6,0.761
C03169,Solo Provider,Counseling,1,166,0.466,0.771,0.688,0.598,0.238,56.81,0.653
C03170,Small Practice,Counseling,2,244,0.914,0.513,0.383,0.698,0.321,98.96,0.821
C03171,Large Practice,Therapy,37,4279,0.757,0.777,0.978,0.925,1.0,325.43,0.38
C03172,Small Practice,Counseling,4,205,0.739,0.532,0.428,0.626,0.677,133.01,0.627
C03173,Small Practice,Psychology,3,543,0.885,0.728,0.526,0.771,0.309,104.11,0.778
C03174,Large Practice,Counseling,18,3612,0.501,0.935,0.891,0.635,0.756,266.14,0.313
C03175,Small Practice,Psychology,5,200,0.606,0.256,0.564,0.571,0.351,84.58,0.561
C03176,Solo Provider,Therapy,1,170,0.646,0.492,0.61,0.6,0.295,65.95,0.852
C03177,Group Practice,Counseling,8,570,0.692,0.969,0.667,0.545,0.628,178.92,0.536
C03178,Solo Provider,Therapy,1,111,0.641,0.456,0.492,0.408,0.302,83.04,0.862
C03179,Solo Provider,Counseling,1,94,0.756,0.631,0.462,0.705,0.426,74.44,0.819
C03180,Small Practice,Therapy,5,525,0.759,0.492,0.584,0.435,0.529,93.82,0.635
C03181,Group Practice,Counseling,6,1349,1.0,0.241,0.565,0.4,0.665,168.66,0.532
C03182,Solo Provider,Psychiatry,1,61,0.737,0.651,0.375,0.451,0.298,41.38,0.801
C03183,Solo Provider,Therapy,1,73,0.854,1.0,0.4,0.712,0.348,67.99,0.74
C03184,Solo Provider,Therapy,1,64,0.592,0.759,0.387,0.33,0.365,59.28,0.731
C03185,Solo Provider,Psychiatry,1,166,0.692,0.409,0.684,0.65,0.273,75.91,0.798
C03186,Solo Provider,Counseling,1,64,0.982,0.607,0.643,0.285,0.191,59.35,0.968
C03187,Small Practice,Counseling,4,408,0.693,0.878,0.395,0.541,0.144,112.1,0.603
C03188,Group Practice,Psychology,8,539,0.509,0.51,0.479,0.726,0.551,170.54,0.507
C03189,Solo Provider,Psychology,1,114,0.607,0.51,0.53,0.782,0.227,53.97,0.698
C03190,Solo Provider,Psychiatry,1,170,0.694,0.75,0.389,0.617,0.325,78.64,0.646
C03191,Solo Provider,Counseling,1,85,0.695,0.594,0.507,0.266,0.433,62.71,0.74
C03192,Solo Provider,Psychiatry,1,120,0.796,0.618,0.45,0.077,0.245,49.48,0.817
C03193,Small Practice,Counseling,3,482,0.772,0.885,0.387,0.685,0.513,98.78,0.552
C03194,Small Practice,Psychiatry,2,243,0.532,0.54,0.775,0.427,0.589,105.01,0.548
C03195,Small Practice,Psychiatry,2,306,0.63,0.668,0.592,0.371,0.722,100.08,0.754
C03196,Solo Provider,Psychiatry,1,179,0.665,0.994,0.412,0.432,0.54,69.47,0.66
C03197,Small Practice,Psychology,4,321,0.594,0.368,0.52,0.665,0.32,117.39,0.532
C03198,Solo Provider,Psychology,1,115,0.646,0.816,0.501,0.816,0.468,66.65,0.661
C03199,Solo Provider,Counseling,1,139,0.608,0.706,0.419,0.32,0.456,63.63,0.9
C03200,Group Practice,Therapy,8,1333,0.555,0.556,0.498,0.691,0.532,165.82,0.417
C03201,Small Practice,Therapy,2,534,0.941,0.275,0.543,0.53,0.346,91.2,0.649
C03202,Group Practice,Counseling,7,1559,0.503,0.709,0.453,0.511,0.416,169.61,0.433
C03203,Group Practice,Counseling,12,1478,0.84,0.838,0.676,0.76,0.87,204.67,0.309
C03204,Small Practice,Therapy,4,316,0.765,0.993,0.776,0.491,0.383,102.15,0.703
C03205,Group Practice,Counseling,12,632,0.818,0.658,0.418,0.687,0.388,147.44,0.526
C03206,Solo Provider,Psychiatry,1,113,0.636,0.345,0.463,0.515,0.358,68.8,0.938
C03207,Solo Provider,Counseling,1,71,0.819,0.605,0.529,0.29,0.407,81.64,0.724
C03208,Solo Provider,Counseling,1,141,0.799,0.697,0.736,0.247,0.351,42.53,0.704
C03209,Solo Provider,Psychology,1,76,0.546,0.861,0.46,0.475,0.484,76.11,0.812
C03210,Solo Provider,Therapy,1,141,0.781,0.569,0.622,0.306,0.355,63.83,0.91
C03211,Solo Provider,Counseling,1,168,0.635,1.0,0.678,0.536,0.222,77.77,0.596
C03212,Small Practice,Therapy,2,403,0.759,0.342,0.504,0.441,0.41,106.99,0.844
C03213,Small Practice,Psychiatry,2,337,0.693,0.725,0.372,0.618,0.357,109.56,0.568
C03214,Small Practice,Psychology,3,420,0.618,0.76,0.679,0.616,0.303,107.61,0.645
C03215,Solo Provider,Therapy,1,167,0.838,0.817,0.475,0.33,0.157,71.29,0.77
C03216,Small Practice,Psychiatry,4,332,0.786,0.507,0.414,0.787,0.537,99.31,0.619
C03217,Solo Provider,Counseling,1,79,0.842,0.808,0.561,0.482,0.204,83.91,0.799
C03218,Solo Provider,Therapy,1,75,0.707,0.944,0.419,0.49,0.165,55.75,0.862
C03219,Solo Provider,Psychiatry,1,145,0.467,0.478,0.496,0.243,0.16,55.7,0.856
C03220,Solo Provider,Therapy,1,166,0.652,0.963,0.657,0.494,0.49,51.79,0.812
C03221,Solo Provider,Psychology,1,98,0.407,0.486,0.229,0.558,0.286,65.2,0.843
C03222,Group Practice,Therapy,15,1142,0.56,0.743,0.532,0.801,0.803,190.41,0.522
C03223,Small Practice,Psychiatry,4,181,0.47,0.333,0.58,0.77,0.237,107.15,0.652
C03224,Small Practice,Psychology,5,224,0.649,0.76,0.541,0.579,0.293,101.19,0.647
C03225,Solo Provider,Therapy,1,142,0.619,0.645,0.335,0.514,0.313,40.45,0.707
C03226,Group Practice,Therapy,6,1473,0.812,0.505,0.642,0.398,0.412,159.79,0.397
C03227,Small Practice,Counseling,4,328,0.64,0.589,0.621,0.558,0.333,115.99,0.674
C03228,Solo Provider,Counseling,1,134,0.858,0.412,0.274,0.682,0.325,57.35,0.58
C03229,Small Practice,Therapy,5,466,0.653,0.788,0.386,0.719,0.483,106.01,0.521
C03230,Solo Provider,Counseling,1,177,0.706,0.718,0.377,0.606,0.308,51.01,1.0
C03231,Solo Provider,Psychiatry,1,94,1.0,0.479,0.656,0.653,0.232,64.23,0.86
C03232,Solo Provider,Therapy,1,177,0.722,0.587,0.4,0.57,0.232,75.88,0.713
C03233,Small Practice,Counseling,3,187,0.504,0.469,0.175,0.691,0.507,107.7,0.541
C03234,Solo Provider,Psychiatry,1,109,0.998,0.373,0.373,0.247,0.51,60.17,0.79
C03235,Solo Provider,Psychiatry,1,104,0.616,0.578,0.506,0.408,0.298,64.63,0.784
C03236,Solo Provider,Therapy,1,139,0.79,0.755,0.24,0.751,0.377,58.7,0.767
C03237,Large Practice,Counseling,17,4031,1.0,0.986,0.723,0.762,0.88,281.35,0.276
C03238,Solo Provider,Psychiatry,1,138,0.988,0.909,0.444,0.771,0.367,71.35,0.745
C03239,Solo Provider,Psychology,1,157,0.722,0.509,0.387,0.267,0.245,71.89,0.823
C03240,Solo Provider,Therapy,1,142,0.764,0.375,0.336,0.478,0.512,51.53,0.744
C03241,Group Practice,Counseling,15,611,0.59,0.447,0.709,0.671,0.545,175.13,0.45
C03242,Small Practice,Counseling,4,265,0.695,0.284,0.653,0.315,0.281,104.99,0.75
C03243,Group Practice,Psychology,15,1220,0.444,0.541,0.643,0.656,0.791,196.5,0.649
C03244,Solo Provider,Psychiatry,1,61,0.62,0.869,0.377,0.066,0.181,52.19,0.563
C03245,Solo Provider,Psychology,1,142,0.461,0.496,0.251,0.49,0.24,60.89,0.901
C03246,Small Practice,Psychiatry,3,174,0.632,1.0,0.495,0.446,0.765,102.83,0.467
C03247,Solo Provider,Counseling,1,144,0.45,0.319,0.155,0.617,0.169,67.69,0.775
C03248,Group Practice,Psychology,13,1208,0.762,0.868,0.886,0.443,0.656,185.52,0.423
C03249,Group Practice,Therapy,13,1619,0.62,0.574,0.86,0.46,0.226,161.18,0.449
C03250,Solo Provider,Counseling,1,79,0.799,0.632,0.4,0.485,0.495,77.56,0.685
C03251,Large Practice,Therapy,29,2672,0.79,0.372,0.966,0.831,0.886,287.09,0.396
C03252,Small Practice,Psychiatry,4,348,0.745,0.596,0.618,0.604,0.335,112.38,0.776
C03253,Solo Provider,Psychiatry,1,165,0.574,0.497,0.432,0.588,0.036,52.79,0.72
C03254,Solo Provider,Therapy,1,96,0.547,0.675,0.392,0.442,0.161,42.28,0.779
C03255,Solo Provider,Counseling,1,132,0.919,0.964,0.394,0.321,0.496,92.07,0.859
C03256,Group Practice,Counseling,15,1442,0.396,0.859,0.642,0.773,0.737,203.74,0.524
C03257,Solo Provider,Therapy,1,138,0.557,0.864,0.334,0.828,0.253,66.21,0.762
C03258,Solo Provider,Psychiatry,1,142,0.469,0.373,0.602,0.22,0.746,54.95,0.791
C03259,Small Practice,Psychiatry,5,365,0.331,0.59,0.494,0.345,0.345,101.29,0.803
C03260,Solo Provider,Psychology,1,91,0.582,0.412,0.429,0.094,0.203,30.29,0.675
C03261,Solo Provider,Psychology,1,100,0.797,0.627,0.372,0.626,0.121,77.21,0.666
C03262,Small Practice,Psychology,2,306,0.803,0.735,0.393,0.429,0.42,104.39,0.787
C03263,Solo Provider,Therapy,1,108,0.563,0.761,0.364,0.536,0.46,55.32,0.747
C03264,Solo Provider,Psychology,1,143,0.754,0.626,0.485,0.624,0.564,79.13,0.866
C03265,Solo Provider,Therapy,1,60,0.648,0.732,0.411,0.589,0.246,67.81,0.993
C03266,Solo Provider,Therapy,1,170,0.719,0.563,0.752,0.299,0.263,67.8,0.885
C03267,Solo Provider,Counseling,1,158,0.618,0.598,0.48,0.776,0.459,66.58,0.902
C03268,Small Practice,Therapy,5,470,0.467,0.683,0.543,0.87,0.674,105.39,0.624
C03269,Large Practice,Therapy,26,3187,0.656,0.884,0.902,0.9,0.94,286.17,0.201
C03270,Solo Provider,Psychiatry,1,65,0.778,0.51,0.236,0.328,0.526,66.73,0.763
C03271,Large Practice,Psychology,23,3144,0.757,0.601,0.862,0.695,0.84,281.18,0.247
C03272,Small Practice,Psychology,5,217,0.704,0.7,0.451,0.54,0.468,106.55,0.701
C03273,Small Practice,Therapy,5,589,0.713,0.771,0.325,0.335,0.341,74.8,0.631
C03274,Small Practice,Counseling,5,507,0.673,0.227,0.358,0.509,0.174,99.27,0.747
C03275,Small Practice,Psychiatry,4,290,0.546,0.724,0.411,0.515,0.475,113.34,0.643
C03276,Group Practice,Psychology,15,1673,0.631,0.802,0.833,0.695,0.82,194.31,0.426
C03277,Solo Provider,Therapy,1,124,0.681,0.594,0.358,0.343,0.385,72.73,0.92
C03278,Small Practice,Counseling,5,462,0.887,0.653,0.377,0.501,0.431,113.78,0.599
C03279,Solo Provider,Psychiatry,1,103,0.84,0.338,0.443,0.018,0.354,79.38,0.79
C03280,Solo Provider,Counseling,1,78,0.84,0.477,0.312,0.326,0.597,61.81,0.709
C03281,Small Practice,Psychiatry,4,555,0.511,0.71,0.533,0.17,0.227,94.22,0.676
C03282,Solo Provider,Psychology,1,175,0.64,0.759,0.249,0.411,0.446,68.35,0.735
C03283,Solo Provider,Psychology,1,98,0.576,0.329,0.156,0.431,0.436,74.02,0.789
C03284,Solo Provider,Therapy,1,116,0.641,0.268,0.517,0.329,0.387,58.8,0.571
C03285,Solo Provider,Therapy,1,103,0.787,0.605,0.457,0.427,0.323,56.25,0.863
C03286,Small Practice,Psychiatry,4,547,0.463,0.766,0.462,0.333,0.545,92.87,0.64
C03287,Small Practice,Therapy,5,330,0.641,0.358,0.661,0.408,0.885,87.76,0.6
C03288,Solo Provider,Psychology,1,126,0.955,0.63,0.495,0.568,0.156,89.1,0.578
C03289,Solo Provider,Therapy,1,145,0.938,0.735,0.483,0.423,0.706,65.87,0.725
C03290,Solo Provider,Psychology,1,131,0.793,0.519,0.305,0.493,0.463,90.74,0.983
C03291,Solo Provider,Therapy,1,81,0.848,0.463,0.317,0.411,0.27,33.33,0.688
C03292,Small Practice,Therapy,3,264,0.827,0.638,0.342,0.737,0.387,83.87,0.587
C03293,Small Practice,Psychiatry,5,588,0.642,0.688,0.543,0.659,0.465,115.77,0.614
C03294,Solo Provider,Psychology,1,160,0.835,0.919,0.289,0.693,0.122,58.49,0.896
C03295,Solo Provider,Psychiatry,1,69,0.916,0.682,0.458,0.495,0.297,66.09,0.912
C03296,Large Practice,Psychiatry,24,2039,0.833,0.8,0.816,0.654,0.608,283.2,0.221
C03297,Small Practice,Psychiatry,5,203,0.764,0.663,0.718,0.679,0.332,100.67,0.481
C03298,Solo Provider,Psychiatry,1,70,0.907,0.703,0.555,0.405,0.441,81.06,0.648
C03299,Solo Provider,Psychiatry,1,109,0.404,1.0,0.485,0.53,0.088,73.21,0.862
C03300,Solo Provider,Counseling,1,144,0.67,0.81,0.641,0.601,0.043,85.76,0.685
C03301,Group Practice,Psychology,8,1489,0.713,0.5,0.474,0.799,0.719,182.44,0.53
C03302,Solo Provider,Psychiatry,1,109,0.689,0.433,0.252,0.736,0.363,68.67,0.848
C03303,Solo Provider,Psychology,1,101,0.739,0.712,0.57,0.382,0.545,73.15,0.726
C03304,Large Practice,Psychology,25,3990,0.675,0.531,0.829,0.925,0.811,297.09,0.496
C03305,Small Practice,Counseling,2,552,0.687,0.718,0.586,0.314,0.481,106.41,0.529
C03306,Solo Provider,Psychology,1,82,0.745,0.231,0.198,0.608,0.0,67.88,0.861
C03307,Solo Provider,Therapy,1,118,0.87,0.607,0.531,0.548,0.147,82.12,0.875
C03308,Solo Provider,Psychology,1,60,0.625,0.783,0.66,0.71,0.522,80.22,0.641
C03309,Small Practice,Counseling,3,436,0.856,0.743,0.728,0.225,0.488,114.77,0.698
C03310,Solo Provider,Therapy,1,71,0.931,0.49,0.691,0.651,0.34,74.41,0.709
C03311,Group Practice,Therapy,14,1017,0.751,0.537,0.751,0.599,0.784,180.14,0.621
C03312,Group Practice,Psychology,15,519,0.846,0.7,0.472,0.827,0.529,177.33,0.47
C03313,Small Practice,Counseling,3,178,0.637,0.812,0.463,0.454,0.466,124.11,0.543
C03314,Small Practice,Psychiatry,3,173,0.615,0.578,0.498,0.705,0.27,100.78,0.613
C03315,Solo Provider,Psychology,1,95,0.85,0.936,0.47,0.756,0.558,86.69,0.87
C03316,Solo Provider,Psychology,1,69,0.611,0.979,0.428,0.607,0.47,70.82,0.663
C03317,Small Practice,Psychology,2,327,0.683,0.643,0.704,0.383,0.196,105.62,0.591
C03318,Solo Provider,Therapy,1,129,0.791,0.814,0.503,0.424,0.226,62.77,0.674
C03319,Solo Provider,Psychiatry,1,172,0.818,0.693,0.468,0.333,0.755,74.04,0.717
C03320,Solo Provider,Counseling,1,166,0.706,0.505,0.586,0.284,0.629,65.77,0.828
C03321,Solo Provider,Counseling,1,82,0.488,0.443,0.457,0.834,0.403,73.88,0.835
C03322,Solo Provider,Counseling,1,65,0.634,0.932,0.405,0.392,0.356,72.49,0.792
C03323,Small Practice,Therapy,4,363,0.722,0.542,0.401,0.328,0.367,93.8,0.598
C03324,Group Practice,Psychiatry,11,1003,0.715,0.508,0.37,0.539,0.432,164.83,0.454
C03325,Small Practice,Therapy,4,422,0.567,0.339,0.681,0.769,0.635,126.6,0.591
C03326,Group Practice,Psychiatry,8,1766,0.577,0.537,0.544,0.613,0.548,165.79,0.45
C03327,Solo Provider,Counseling,1,138,0.903,0.63,0.439,0.475,0.351,55.31,0.664
C03328,Group Practice,Psychiatry,8,1124,0.452,0.699,0.621,0.768,0.549,176.25,0.639
C03329,Small Practice,Therapy,3,413,0.856,0.928,0.499,0.604,0.349,108.24,0.666
C03330,Solo Provider,Psychology,1,75,0.679,0.81,0.262,0.344,0.541,58.71,0.934
C03331,Group Practice,Counseling,15,1294,0.688,0.862,0.595,0.616,0.821,186.72,0.35
C03332,Solo Provider,Psychology,1,61,0.72,0.924,0.286,0.391,0.457,69.29,0.875
C03333,Solo Provider,Counseling,1,87,0.719,0.379,0.48,0.764,0.17,60.93,0.722
C03334,Solo Provider,Psychology,1,62,0.65,0.981,0.325,0.32,0.484,75.92,0.735
C03335,Solo Provider,Psychology,1,110,0.769,0.368,0.533,0.549,0.33,68.9,0.677
C03336,Solo Provider,Counseling,1,108,0.809,0.554,0.388,0.647,0.625,75.71,0.894
C03337,Small Practice,Psychiatry,4,277,0.696,0.411,0.487,0.738,0.428,97.45,0.587
C03338,Group Practice,Psychiatry,8,503,0.515,0.486,0.8,0.42,0.374,160.85,0.479
C03339,Solo Provider,Psychology,1,117,0.829,0.372,0.578,0.413,0.325,48.39,0.992
C03340,Small Practice,Psychology,2,584,0.869,0.527,0.38,0.461,0.283,106.92,0.657
C03341,Solo Provider,Psychiatry,1,155,0.646,0.817,0.675,0.585,0.447,41.33,0.741
C03342,Group Practice,Psychiatry,12,1688,0.819,0.694,0.766,0.551,0.644,192.45,0.597
C03343,Solo Provider,Therapy,1,103,0.902,0.43,0.573,0.405,0.202,84.86,0.771
C03344,Solo Provider,Psychology,1,103,0.618,0.334,0.248,0.593,0.254,43.88,0.596
C03345,Small Practice,Therapy,3,269,0.817,0.57,0.592,0.692,0.286,96.96,0.638
C03346,Small Practice,Psychiatry,4,565,0.608,0.432,0.518,0.737,0.499,118.16,0.751
C03347,Small Practice,Psychiatry,5,433,0.61,0.493,0.287,0.762,0.39,120.05,0.48
C03348,Small Practice,Counseling,2,433,0.845,0.603,0.361,0.6,0.465,117.45,0.622
C03349,Small Practice,Psychiatry,2,314,0.785,0.45,0.292,0.728,0.058,95.65,0.641
C03350,Solo Provider,Therapy,1,174,0.695,0.726,0.377,0.662,0.455,60.37,0.782
C03351,Solo Provider,Psychology,1,168,0.686,1.0,0.351,0.772,0.105,60.66,0.714
C03352,Solo Provider,Therapy,1,128,0.708,0.886,0.415,0.503,0.319,53.68,1.0
C03353,Solo Provider,Psychiatry,1,103,0.624,0.474,0.551,0.318,0.641,73.18,0.808
C03354,Solo Provider,Psychiatry,1,76,0.697,0.672,0.478,0.6,0.245,76.27,0.701
C03355,Solo Provider,Therapy,1,169,0.7,0.289,0.394,0.772,0.344,49.18,0.747
C03356,Solo Provider,Counseling,1,97,0.525,0.727,0.472,0.45,0.254,54.82,0.953
C03357,Small Practice,Psychiatry,2,367,0.664,0.631,0.552,0.682,0.514,84.53,0.893
C03358,Solo Provider,Psychology,1,84,0.735,0.556,0.766,0.542,0.064,68.44,0.843
C03359,Small Practice,Counseling,4,397,0.591,0.709,0.469,0.434,0.473,115.96,0.665
C03360,Small Practice,Psychiatry,5,432,0.791,0.433,0.734,0.428,0.575,111.58,0.676
C03361,Solo Provider,Counseling,1,143,0.379,0.547,0.577,0.839,0.364,66.12,0.556
C03362,Solo Provider,Psychiatry,1,69,0.691,0.85,0.472,0.295,0.513,59.4,0.857
C03363,Small Practice,Counseling,5,456,0.618,0.596,0.446,0.507,0.576,120.69,0.471
C03364,Small Practice,Psychiatry,3,492,0.641,0.654,0.359,0.259,0.272,77.55,0.46
C03365,Solo Provider,Therapy,1,96,0.884,0.419,0.459,0.702,0.496,68.47,0.77
C03366,Solo Provider,Counseling,1,88,0.727,1.0,0.527,0.626,0.708,92.04,0.828
C03367,Small Practice,Counseling,2,420,0.769,0.477,0.311,0.437,0.518,114.1,0.733
C03368,Small Practice,Counseling,5,375,0.781,0.748,0.509,0.505,0.217,102.83,0.635
C03369,Solo Provider,Therapy,1,100,0.885,0.676,0.775,0.544,0.523,62.0,0.79
C03370,Solo Provider,Counseling,1,158,0.636,0.915,0.425,0.433,0.367,81.03,0.761
C03371,Group Practice,Psychiatry,6,956,0.701,0.747,0.686,0.59,0.326,170.74,0.409
C03372,Solo Provider,Counseling,1,138,0.431,0.571,0.354,0.662,0.263,57.42,0.754
C03373,Group Practice,Counseling,10,1724,0.845,0.739,0.766,0.83,0.258,173.79,0.509
C03374,Solo Provider,Therapy,1,67,0.511,0.592,0.575,0.759,0.166,90.11,0.862
C03375,Small Practice,Psychiatry,2,575,0.182,1.0,0.624,0.132,0.271,96.13,0.776
C03376,Solo Provider,Psychiatry,1,173,0.71,0.748,0.378,0.49,0.503,52.57,0.73
C03377,Solo Provider,Psychiatry,1,65,0.604,0.49,0.374,0.218,0.403,50.55,0.887
C03378,Group Practice,Psychology,8,703,0.672,0.486,0.718,0.445,0.415,179.62,0.374
C03379,Solo Provider,Psychiatry,1,93,0.999,0.714,0.639,0.457,0.227,60.44,0.797
C03380,Large Practice,Psychology,22,3856,0.852,0.656,0.675,0.828,0.753,284.67,0.441
C03381,Solo Provider,Psychology,1,115,0.676,0.775,0.46,0.543,0.552,61.07,0.683
C03382,Group Practice,Therapy,13,1422,0.659,0.858,0.433,0.651,0.501,191.87,0.62
C03383,Group Practice,Therapy,11,879,0.845,0.413,0.919,0.489,0.737,186.44,0.505
C03384,Small Practice,Psychology,5,182,0.849,0.669,0.462,0.581,0.425,120.63,0.685
C03385,Solo Provider,Therapy,1,168,0.728,0.532,0.514,0.224,0.248,71.16,0.861
C03386,Small Practice,Therapy,2,171,0.73,0.717,0.582,0.49,0.239,121.98,0.689
C03387,Small Practice,Psychology,3,544,0.681,0.58,0.857,0.373,0.38,88.17,0.614
C03388,Group Practice,Psychiatry,9,732,0.785,0.778,0.501,0.848,0.174,161.69,0.324
C03389,Solo Provider,Therapy,1,117,0.699,0.569,0.435,0.594,0.587,71.94,0.88
C03390,Solo Provider,Psychiatry,1,91,0.865,0.989,0.561,0.429,0.407,64.67,0.858
C03391,Solo Provider,Psychology,1,91,0.83,0.698,0.64,0.346,0.107,63.59,0.761
C03392,Small Practice,Counseling,2,476,0.609,0.881,0.56,0.547,0.228,94.06,0.775
C03393,Large Practice,Counseling,19,4141,0.761,0.681,0.959,0.826,0.743,281.3,0.291
C03394,Solo Provider,Psychology,1,90,0.728,0.588,0.39,0.356,0.327,84.82,0.766
C03395,Small Practice,Counseling,3,435,0.68,0.574,0.587,0.866,0.523,120.28,0.478
C03396,Group Practice,Psychology,10,916,1.0,0.605,0.621,0.697,0.415,182.4,0.365
C03397,Solo Provider,Psychiatry,1,102,0.469,0.413,0.587,0.597,0.555,69.76,0.846
C03398,Solo Provider,Counseling,1,78,0.637,0.59,0.455,0.589,0.358,63.76,0.651
C03399,Small Practice,Psychiatry,2,191,0.717,0.569,0.556,0.25,0.448,89.93,0.829
C03400,Small Practice,Counseling,5,242,0.663,0.609,0.371,0.899,0.498,102.04,0.583
C03401,Solo Provider,Counseling,1,135,0.709,0.26,0.623,0.425,0.426,77.59,0.844
C03402,Group Practice,Psychiatry,10,1384,0.811,0.833,0.55,0.986,0.583,174.12,0.447
C03403,Small Practice,Psychology,4,510,0.76,0.667,0.784,0.482,0.524,136.02,0.537
C03404,Group Practice,Counseling,9,1277,1.0,0.626,0.25,0.838,0.524,183.08,0.405
C03405,Group Practice,Counseling,9,932,0.762,0.854,0.623,0.718,0.434,169.93,0.527
C03406,Group Practice,Therapy,6,1381,0.669,0.6,0.679,0.325,0.622,136.2,0.388
C03407,Small Practice,Counseling,2,481,0.654,0.73,0.46,0.318,0.269,97.59,0.531
C03408,Solo Provider,Psychology,1,128,0.792,0.331,0.385,0.857,0.464,59.63,0.77
C03409,Small Practice,Therapy,4,592,0.765,0.849,0.74,0.353,0.264,108.45,0.678
C03410,Solo Provider,Therapy,1,134,0.772,0.982,0.319,0.519,0.476,62.46,0.871
C03411,Small Practice,Psychology,4,301,0.631,0.957,0.363,0.493,0.538,109.28,0.541
C03412,Solo Provider,Psychiatry,1,100,0.729,0.659,0.49,0.364,0.402,81.61,0.796
C03413,Small Practice,Therapy,5,516,0.483,0.5,0.433,0.591,0.415,137.69,0.633
C03414,Solo Provider,Psychology,1,94,0.623,0.9,0.443,0.142,0.397,70.47,0.912
C03415,Solo Provider,Psychology,1,168,0.704,0.561,0.599,0.438,0.272,61.62,0.841
C03416,Solo Provider,Therapy,1,62,0.892,0.734,0.348,0.317,0.282,60.44,1.0
C03417,Small Practice,Psychiatry,5,194,0.504,0.455,0.497,0.849,0.246,116.17,0.587
C03418,Small Practice,Psychiatry,4,366,0.766,0.772,0.375,0.323,0.25,101.09,0.563
C03419,Solo Provider,Counseling,1,70,0.738,0.593,0.381,0.662,0.224,75.56,0.944
C03420,Group Practice,Psychology,13,804,0.88,0.451,0.839,0.713,0.347,178.34,0.32
C03421,Group Practice,Therapy,9,1416,0.674,0.615,0.591,0.269,0.636,179.74,0.584
C03422,Solo Provider,Psychology,1,142,0.636,0.491,0.303,0.319,0.708,77.54,0.792
C03423,Small Practice,Counseling,3,566,0.721,0.482,0.573,0.352,0.494,95.96,0.546
C03424,Solo Provider,Therapy,1,157,0.91,0.212,0.815,0.375,0.349,71.38,0.841
C03425,Solo Provider,Counseling,1,140,0.827,0.76,0.771,0.636,0.35,67.08,0.745
C03426,Small Practice,Therapy,4,168,0.963,0.831,0.035,0.166,0.421,97.25,0.633
C03427,Solo Provider,Psychology,1,136,0.88,0.681,0.236,0.303,0.378,48.39,0.842
C03428,Group Practice,Psychiatry,6,530,0.437,0.171,0.409,0.805,0.686,147.81,0.291
C03429,Group Practice,Psychology,7,816,0.634,0.896,0.667,0.74,0.353,194.99,0.494
C03430,Group Practice,Counseling,11,1358,0.693,0.572,0.375,0.445,0.414,151.66,0.286
C03431,Small Practice,Counseling,5,453,0.583,0.772,0.478,0.507,0.555,135.67,0.819
C03432,Small Practice,Counseling,2,362,0.658,0.576,0.569,0.497,0.363,87.81,0.641
C03433,Large Practice,Counseling,22,3246,0.6,0.912,0.992,0.924,0.672,302.53,0.221
C03434,Solo Provider,Psychiatry,1,134,0.538,0.657,0.718,0.533,0.324,69.21,0.916
C03435,Solo Provider,Psychiatry,1,104,0.927,0.192,0.519,0.382,0.337,55.67,0.811
C03436,Small Practice,Psychology,5,598,0.758,0.687,0.542,0.54,0.425,96.82,0.658
C03437,Solo Provider,Therapy,1,109,0.891,0.634,0.404,0.579,0.351,79.15,0.924
C03438,Solo Provider,Psychology,1,69,0.841,0.692,0.292,0.663,0.083,71.89,0.448
C03439,Solo Provider,Psychology,1,105,0.767,0.718,0.673,0.508,0.311,60.89,0.88
C03440,Small Practice,Counseling,5,280,0.738,0.71,0.475,0.477,0.272,125.45,0.571
C03441,Solo Provider,Therapy,1,70,0.728,0.382,0.849,0.366,0.192,53.92,0.794
C03442,Solo Provider,Therapy,1,84,0.755,0.378,0.636,0.672,0.35,59.94,0.634
C03443,Solo Provider,Therapy,1,108,0.518,0.461,0.622,0.538,0.386,64.91,0.853
C03444,Solo Provider,Psychology,1,75,0.691,0.732,0.586,0.597,0.587,58.04,0.802
C03445,Group Practice,Psychology,12,1748,0.663,0.512,0.737,0.707,0.374,201.56,0.517
C03446,Solo Provider,Psychology,1,74,0.662,0.35,0.773,0.424,0.157,75.29,0.811
C03447,Small Practice,Therapy,5,275,0.599,0.632,0.525,0.726,0.529,121.91,0.677
C03448,Small Practice,Psychiatry,2,363,0.763,0.69,0.472,0.482,0.406,132.87,0.593
C03449,Solo Provider,Psychiatry,1,159,0.904,0.847,0.386,0.349,0.336,48.69,0.811
C03450,Group Practice,Therapy,14,1202,0.862,0.248,0.525,0.877,0.658,196.75,0.363
C03451,Small Practice,Counseling,2,409,0.665,0.445,0.483,0.697,0.314,98.74,0.715
C03452,Small Practice,Therapy,5,196,0.631,0.93,0.627,0.601,0.482,105.43,0.604
C03453,Solo Provider,Psychology,1,99,0.52,0.542,0.324,0.609,0.456,62.18,0.927
C03454,Solo Provider,Psychiatry,1,140,0.579,0.386,0.506,0.749,0.357,67.99,0.803
C03455,Large Practice,Counseling,33,2434,0.85,0.995,1.0,0.992,0.908,311.53,0.289
C03456,Small Practice,Psychology,3,481,0.719,0.762,0.505,0.488,0.423,112.72,0.554
C03457,Group Practice,Psychiatry,7,531,0.527,0.733,0.632,0.438,0.57,191.44,0.513
C03458,Group Practice,Psychology,12,1336,0.692,0.541,0.704,0.643,0.714,189.93,0.407
C03459,Solo Provider,Therapy,1,95,0.424,0.763,0.203,0.485,0.346,62.24,0.799
C03460,Small Practice,Therapy,3,433,0.754,0.63,0.887,0.478,0.221,111.13,0.509
C03461,Solo Provider,Psychiatry,1,166,0.461,0.432,0.262,0.59,0.568,70.99,0.706
C03462,Small Practice,Counseling,3,430,0.588,0.758,0.448,0.705,0.069,103.64,0.577
C03463,Solo Provider,Counseling,1,64,0.778,0.687,0.293,0.38,0.715,53.14,0.674
C03464,Solo Provider,Psychiatry,1,80,0.802,0.459,0.734,0.977,0.332,54.17,0.831
C03465,Small Practice,Psychiatry,5,197,0.364,0.409,0.543,0.653,0.217,81.06,0.596
C03466,Small Practice,Counseling,5,212,0.58,0.536,0.623,0.608,0.524,118.02,0.637
C03467,Small Practice,Psychology,2,207,0.626,0.753,0.416,0.468,0.546,97.56,0.747
C03468,Solo Provider,Therapy,1,102,0.508,0.598,0.352,0.512,0.478,70.79,0.856
C03469,Solo Provider,Therapy,1,96,0.721,0.621,0.645,0.249,0.268,81.75,0.841
C03470,Large Practice,Counseling,21,3414,0.661,0.418,0.684,0.872,0.965,269.28,0.271
C03471,Solo Provider,Counseling,1,108,0.458,0.872,0.28,0.565,0.413,69.11,0.863
C03472,Solo Provider,Counseling,1,76,0.7,0.727,0.59,0.817,0.203,52.12,0.616
C03473,Small Practice,Therapy,4,302,0.52,0.411,0.448,0.693,0.516,98.67,0.588
C03474,Solo Provider,Counseling,1,84,0.789,0.681,0.483,0.463,0.668,74.65,0.781
C03475,Small Practice,Therapy,5,564,0.605,0.551,0.598,0.428,0.447,92.13,0.589
C03476,Solo Provider,Counseling,1,177,0.529,0.619,0.48,0.479,0.243,59.02,0.786
C03477,Group Practice,Counseling,7,1232,0.712,0.976,0.533,0.336,0.696,187.68,0.576
C03478,Group Practice,Psychiatry,12,1646,0.582,0.489,0.801,0.917,0.428,182.94,0.198
C03479,Group Practice,Therapy,7,1588,0.594,0.607,0.616,0.451,0.496,138.44,0.437
C03480,Small Practice,Psychology,2,243,0.632,0.423,0.371,0.559,0.393,102.16,0.714
C03481,Solo Provider,Therapy,1,100,0.257,0.672,0.56,0.478,0.467,61.89,0.7
C03482,Small Practice,Psychology,5,339,0.805,0.486,0.834,0.475,0.56,128.09,0.601
C03483,Group Practice,Psychiatry,11,1610,0.651,0.699,0.806,0.684,0.41,170.44,0.457
C03484,Small Practice,Psychiatry,2,597,0.582,0.717,0.212,0.333,0.267,72.88,0.634
C03485,Small Practice,Counseling,3,249,0.817,0.811,0.115,0.436,0.595,106.74,0.689
C03486,Small Practice,Counseling,4,292,0.556,0.689,0.581,0.566,0.363,90.58,0.645
C03487,Small Practice,Psychiatry,2,330,0.485,0.503,0.582,0.573,0.313,97.07,0.479
C03488,Small Practice,Psychiatry,5,549,0.772,0.557,0.262,0.325,0.376,85.9,0.661
C03489,Solo Provider,Counseling,1,171,0.586,0.793,0.631,0.559,0.325,75.53,0.738
C03490,Solo Provider,Psychiatry,1,144,0.838,0.825,0.527,0.427,0.305,67.07,0.636
C03491,Small Practice,Therapy,3,188,0.493,1.0,0.578,0.393,0.712,117.57,0.6
C03492,Solo Provider,Counseling,1,105,0.713,0.567,0.414,0.756,0.499,47.38,0.788
C03493,Group Practice,Counseling,12,1657,0.513,0.747,0.523,0.54,0.47,154.98,0.552
C03494,Small Practice,Psychiatry,5,395,0.751,0.637,0.458,0.643,0.374,108.1,0.605
C03495,Solo Provider,Therapy,1,75,0.473,0.74,0.444,0.474,0.139,64.99,0.624
C03496,Group Practice,Therapy,13,1494,0.852,0.467,0.728,0.558,0.49,187.26,0.359
C03497,Small Practice,Psychology,2,538,0.653,0.756,0.482,0.297,0.443,66.36,0.62
C03498,Small Practice,Psychiatry,2,373,0.446,0.428,0.443,0.511,0.261,91.87,0.703
C03499,Solo Provider,Psychology,1,107,0.636,0.658,0.646,0.146,0.563,57.43,0.738
C03500,Group Practice,Counseling,12,536,0.567,0.463,0.757,0.671,0.278,182.28,0.517
C03501,Solo Provider,Therapy,1,104,0.727,0.762,0.224,0.56,0.267,52.85,0.854
C03502,Small Practice,Counseling,4,351,0.663,0.539,0.402,0.697,0.314,105.56,0.756
C03503,Solo Provider,Therapy,1,96,0.492,0.655,0.472,0.271,0.369,75.43,0.854
C03504,Small Practice,Therapy,4,478,1.0,0.65,0.593,0.445,0.705,134.1,0.561
C03505,Small Practice,Psychology,2,429,0.582,0.837,0.549,0.454,0.366,103.81,0.677
C03506,Small Practice,Psychology,3,522,0.786,0.511,0.607,0.239,0.346,105.86,0.621
C03507,Solo Provider,Counseling,1,120,0.733,0.585,0.36,0.654,0.339,78.6,0.75
C03508,Group Practice,Psychology,7,1581,0.556,0.381,0.54,0.39,0.284,171.13,0.346
C03509,Small Practice,Psychiatry,2,300,1.0,0.534,0.679,0.608,0.303,96.73,0.635
C03510,Solo Provider,Psychology,1,140,0.739,0.828,0.41,0.656,0.559,59.44,0.949
C03511,Large Practice,Counseling,16,2825,0.806,0.454,0.494,0.688,0.576,252.58,0.283
C03512,Small Practice,Psychology,3,416,0.631,0.755,0.573,0.249,0.624,105.05,0.713
C03513,Large Practice,Psychiatry,40,2626,0.693,0.809,0.769,1.0,1.0,313.32,0.32
C03514,Large Practice,Counseling,20,2488,0.663,0.445,0.804,1.0,0.497,266.96,0.349
C03515,Group Practice,Psychiatry,15,658,0.452,0.663,0.688,0.711,0.45,186.27,0.559
C03516,Small Practice,Psychiatry,4,560,0.882,0.304,0.605,0.52,0.575,118.81,0.57
C03517,Small Practice,Psychiatry,3,481,0.76,0.701,0.472,0.361,0.349,117.19,0.742
C03518,Solo Provider,Psychiatry,1,115,0.779,0.695,0.532,0.84,0.446,71.81,0.809
C03519,Small Practice,Therapy,4,187,0.758,0.515,0.416,0.537,0.354,110.18,0.71
C03520,Small Practice,Psychology,2,244,0.773,0.671,0.0,0.375,0.492,104.64,0.566
C03521,Small Practice,Psychology,2,264,0.66,0.544,0.481,0.517,0.48,91.44,0.416
C03522,Group Practice,Psychiatry,11,1121,0.322,0.561,0.39,0.566,0.475,167.22,0.495
C03523,Solo Provider,Counseling,1,70,0.446,0.712,0.828,0.695,0.47,68.48,0.78
C03524,Solo Provider,Psychiatry,1,80,0.736,0.446,0.498,0.399,0.111,74.98,0.732
C03525,Small Practice,Psychiatry,4,512,0.167,0.529,0.645,0.497,0.501,104.46,0.61
C03526,Solo Provider,Therapy,1,92,0.705,0.534,0.551,0.772,0.426,62.12,0.81
C03527,Solo Provider,Counseling,1,152,0.623,0.751,0.579,0.68,0.519,58.66,0.897
C03528,Solo Provider,Therapy,1,130,0.571,0.403,0.249,0.771,0.22,62.24,0.687
C03529,Group Practice,Therapy,15,1199,1.0,0.601,0.742,0.547,0.371,177.37,0.377
C03530,Solo Provider,Counseling,1,134,0.46,0.674,0.414,0.25,0.384,75.41,0.876
C03531,Solo Provider,Psychology,1,101,0.337,0.518,0.259,0.401,0.576,57.13,0.727
C03532,Solo Provider,Therapy,1,76,0.944,0.236,0.382,0.365,0.11,36.59,0.91
C03533,Solo Provider,Psychiatry,1,156,0.631,0.636,0.352,0.217,0.343,69.86,0.724
C03534,Solo Provider,Psychology,1,149,0.992,0.67,0.553,0.451,0.625,73.04,0.801
C03535,Small Practice,Therapy,5,181,0.603,0.56,0.606,0.684,0.53,114.06,0.642
C03536,Small Practice,Counseling,4,365,0.536,0.65,0.073,0.674,0.305,96.85,0.574
C03537,Solo Provider,Psychology,1,132,0.793,1.0,0.232,0.368,0.402,75.91,0.727
C03538,Small Practice,Therapy,2,327,0.833,0.605,0.562,0.361,0.677,95.75,0.48
C03539,Solo Provider,Psychology,1,122,0.82,0.747,0.282,0.682,0.263,74.6,0.839
C03540,Solo Provider,Therapy,1,133,0.663,0.814,0.443,0.57,0.327,66.27,0.613
C03541,Group Practice,Psychology,15,583,0.909,0.404,0.859,0.65,0.681,188.7,0.312
C03542,Small Practice,Psychiatry,3,508,1.0,0.526,0.668,0.734,0.575,133.72,0.591
C03543,Group Practice,Therapy,15,1301,0.755,0.566,0.546,0.76,0.63,173.12,0.468
C03544,Solo Provider,Psychology,1,119,0.872,0.797,0.403,0.493,0.148,60.37,0.733
C03545,Solo Provider,Psychiatry,1,75,0.795,0.523,0.31,0.641,0.305,75.58,0.716
C03546,Solo Provider,Psychiatry,1,105,0.669,0.587,0.522,0.604,0.399,61.68,0.812
C03547,Solo Provider,Counseling,1,111,0.618,0.619,0.321,0.329,0.355,36.57,0.899
C03548,Large Practice,Psychology,40,3336,0.741,0.843,1.0,0.936,1.0,335.64,0.346
C03549,Solo Provider,Psychiatry,1,70,0.768,0.812,0.362,0.069,0.39,77.36,0.779
C03550,Group Practice,Therapy,14,1048,0.594,0.439,0.565,1.0,0.364,183.51,0.316
C03551,Group Practice,Psychology,9,893,0.811,0.929,0.527,0.372,0.445,171.03,0.438
C03552,Small Practice,Therapy,4,553,0.789,0.522,0.371,0.343,0.453,113.81,0.661
C03553,Solo Provider,Counseling,1,106,0.932,0.433,0.469,0.477,0.137,81.54,0.747
C03554,Small Practice,Therapy,4,286,0.58,0.641,0.647,0.496,0.441,112.14,0.422
C03555,Solo Provider,Psychology,1,87,0.833,0.314,0.42,0.676,0.284,61.24,0.805
C03556,Small Practice,Psychiatry,3,500,0.875,0.394,0.487,0.579,0.545,116.72,0.638
C03557,Solo Provider,Psychology,1,63,0.692,0.672,0.477,0.623,0.449,73.0,0.689
C03558,Group Practice,Psychiatry,11,1404,0.919,0.468,0.696,0.573,0.577,179.8,0.343
C03559,Small Practice,Therapy,4,501,0.554,0.911,0.278,0.639,0.058,103.54,0.625
C03560,Small Practice,Counseling,2,200,0.684,0.607,0.565,0.686,0.593,104.05,0.521
C03561,Small Practice,Counseling,2,317,0.495,0.523,0.61,0.442,0.343,88.69,0.68
C03562,Small Practice,Therapy,5,261,0.588,0.628,0.595,0.525,0.508,121.71,0.742
C03563,Group Practice,Therapy,10,534,0.529,0.426,0.427,0.437,0.545,171.25,0.639
C03564,Solo Provider,Psychology,1,82,0.844,0.501,0.621,0.677,0.377,85.03,1.0
C03565,Large Practice,Counseling,34,2908,0.678,0.572,0.94,0.891,0.914,294.22,0.279
C03566,Group Practice,Psychology,14,952,0.46,0.725,0.672,0.647,0.735,179.23,0.364
C03567,Group Practice,Therapy,6,1759,0.853,0.759,0.739,0.841,0.394,151.18,0.379
C03568,Solo Provider,Psychology,1,68,0.535,0.592,0.156,0.329,0.356,50.02,0.889
C03569,Group Practice,Psychiatry,8,698,0.98,0.325,0.733,0.661,0.684,169.17,0.547
C03570,Solo Provider,Psychology,1,90,0.481,0.556,0.469,0.564,0.486,62.35,0.958
C03571,Small Practice,Psychiatry,3,482,0.74,0.415,0.472,0.556,0.278,85.95,0.546
C03572,Solo Provider,Therapy,1,100,0.618,0.494,0.65,0.095,0.385,50.0,0.853
C03573,Solo Provider,Therapy,1,141,0.649,0.636,0.564,0.609,0.278,69.54,0.65
C03574,Solo Provider,Psychology,1,136,0.601,0.555,0.499,0.438,0.414,73.93,1.0
C03575,Solo Provider,Psychology,1,107,0.777,0.664,0.544,0.593,0.497,56.54,0.806
C03576,Solo Provider,Psychiatry,1,145,0.48,0.733,0.296,0.629,0.569,83.73,0.778
C03577,Group Practice,Therapy,8,697,0.704,0.663,0.445,0.433,0.247,188.24,0.377
C03578,Solo Provider,Counseling,1,132,0.524,0.505,0.351,0.558,0.276,52.08,0.78
C03579,Small Practice,Therapy,3,593,0.691,0.626,0.792,0.531,0.373,107.97,0.4
C03580,Solo Provider,Therapy,1,84,0.404,0.749,0.486,0.648,0.273,74.05,0.803
C03581,Small Practice,Psychiatry,5,260,0.792,0.752,0.505,0.828,0.517,126.25,0.483
C03582,Small Practice,Psychology,2,567,0.82,0.703,0.084,0.627,0.353,92.17,0.604
C03583,Solo Provider,Counseling,1,71,0.562,0.85,0.237,0.562,0.484,69.64,0.875
C03584,Small Practice,Psychology,5,333,0.618,0.43,0.422,0.397,0.271,78.21,0.83
C03585,Group Practice,Counseling,11,1733,0.515,0.466,0.459,0.443,0.686,171.1,0.509
C03586,Group Practice,Psychology,10,1043,0.74,0.647,0.609,0.503,0.409,182.9,0.397
C03587,Solo Provider,Counseling,1,134,0.786,0.882,0.357,0.612,0.414,60.02,0.843
C03588,Solo Provider,Therapy,1,66,0.781,0.807,0.372,0.616,0.548,55.19,0.764
C03589,Small Practice,Therapy,4,193,0.599,0.57,0.505,0.545,0.381,93.74,0.718
C03590,Solo Provider,Psychology,1,144,0.89,0.819,0.595,0.4,0.351,66.9,0.872
C03591,Group Practice,Counseling,14,987,0.858,0.517,0.556,0.471,1.0,178.45,0.255
C03592,Solo Provider,Psychology,1,116,0.598,0.587,0.524,0.688,0.327,48.01,0.892
C03593,Group Practice,Psychiatry,12,1096,0.774,1.0,0.485,0.45,0.617,172.25,0.455
C03594,Solo Provider,Psychiatry,1,129,0.517,0.557,0.543,0.455,0.544,75.4,0.786
C03595,Solo Provider,Therapy,1,104,0.639,0.8,0.282,0.418,0.306,70.45,0.838
C03596,Large Practice,Psychiatry,17,3214,0.557,0.664,0.474,0.875,0.622,248.86,0.183
C03597,Group Practice,Psychology,8,1687,0.743,0.512,0.553,0.404,0.455,191.98,0.598
C03598,Group Practice,Therapy,9,564,0.765,0.721,0.327,0.413,0.165,185.58,0.495
C03599,Large Practice,Psychiatry,28,2206,0.707,0.633,0.817,1.0,0.886,283.6,0.306
C03600,Solo Provider,Psychiatry,1,145,0.79,0.623,0.525,0.682,0.123,61.13,0.77
C03601,Solo Provider,Psychiatry,1,83,0.532,0.519,0.3,0.652,0.425,42.8,0.831
C03602,Solo Provider,Counseling,1,62,0.992,0.576,0.727,0.639,0.333,80.09,1.0
C03603,Small Practice,Counseling,4,496,0.641,0.836,0.43,0.484,0.332,94.04,0.574
C03604,Solo Provider,Psychiatry,1,92,0.851,0.692,0.383,0.418,0.313,68.65,0.979
C03605,Group Practice,Counseling,10,1713,0.73,0.491,0.615,0.437,0.709,169.12,0.375
C03606,Solo Provider,Psychology,1,103,0.822,0.524,0.432,0.064,0.32,51.62,0.859
C03607,Solo Provider,Counseling,1,154,0.698,0.846,0.355,0.471,0.148,57.42,0.791
C03608,Solo Provider,Psychology,1,175,0.844,0.538,0.401,0.397,0.372,23.02,0.999
C03609,Solo Provider,Psychology,1,69,0.876,0.557,0.544,0.712,0.327,82.23,0.735
C03610,Solo Provider,Psychology,1,166,0.774,0.639,0.557,0.675,0.36,77.23,0.831
C03611,Small Practice,Psychiatry,2,222,0.878,0.464,0.46,0.654,0.228,101.0,0.737
C03612,Solo Provider,Psychology,1,129,0.792,0.621,0.5,0.557,0.671,72.47,0.808
C03613,Small Practice,Psychology,5,248,0.728,0.446,0.468,0.388,0.308,101.23,0.73
C03614,Group Practice,Psychology,7,914,0.677,0.606,0.563,0.328,0.312,150.16,0.306
C03615,Small Practice,Therapy,5,467,0.545,0.788,0.801,0.7,0.355,110.59,0.671
C03616,Small Practice,Psychology,5,541,0.899,1.0,0.304,0.805,0.351,114.63,0.624
C03617,Solo Provider,Psychology,1,154,0.932,0.701,0.527,0.657,0.52,87.1,0.851
C03618,Solo Provider,Therapy,1,128,0.44,0.978,0.309,0.421,0.318,54.41,0.75
C03619,Solo Provider,Counseling,1,88,0.77,0.735,0.558,0.607,0.305,83.03,0.758
C03620,Large Practice,Counseling,34,2048,0.619,0.817,0.957,0.822,0.888,315.5,0.412
C03621,Small Practice,Psychology,4,385,0.525,0.693,0.478,0.393,0.332,114.56,0.72
C03622,Solo Provider,Counseling,1,148,0.56,0.775,0.404,0.606,0.305,49.84,0.858
C03623,Solo Provider,Counseling,1,102,0.782,0.272,0.604,0.506,0.434,47.35,0.824
C03624,Group Practice,Psychiatry,15,1467,0.75,0.786,0.555,0.721,0.424,175.33,0.465
C03625,Small Practice,Counseling,2,318,0.611,0.478,0.571,0.75,0.349,112.47,0.69
C03626,Small Practice,Counseling,3,236,0.599,0.825,0.462,0.409,0.309,75.31,0.528
C03627,Group Practice,Therapy,14,659,0.707,0.771,1.0,0.661,0.41,196.78,0.447
C03628,Small Practice,Counseling,5,515,0.84,0.753,0.539,0.685,0.262,133.58,0.449
C03629,Small Practice,Therapy,4,263,0.78,0.146,0.742,0.744,0.187,106.89,0.618
C03630,Solo Provider,Psychiatry,1,165,0.773,0.838,0.514,0.246,0.212,59.73,0.788
C03631,Solo Provider,Counseling,1,163,0.666,0.602,0.194,0.649,0.462,72.08,0.852
C03632,Large Practice,Psychology,18,4637,0.609,0.467,0.951,0.713,0.425,238.88,0.297
C03633,Small Practice,Psychiatry,5,269,0.721,0.552,0.384,0.656,0.428,121.22,0.456
C03634,Solo Provider,Psychology,1,114,0.502,0.895,0.624,0.441,0.18,59.37,0.709
C03635,Small Practice,Therapy,3,499,0.894,0.68,0.593,0.5,0.273,106.32,0.5
C03636,Solo Provider,Therapy,1,104,0.835,0.558,0.643,0.447,0.381,83.69,0.778
C03637,Group Practice,Counseling,6,721,0.691,0.664,0.362,0.192,0.378,162.59,0.431
C03638,Solo Provider,Therapy,1,130,0.63,0.119,0.544,0.548,0.49,80.2,0.803
C03639,Group Practice,Counseling,11,1620,0.694,0.693,0.714,0.703,0.62,180.36,0.477
C03640,Small Practice,Psychiatry,4,284,0.449,0.537,0.749,0.434,0.41,101.71,0.789
C03641,Solo Provider,Therapy,1,126,0.575,0.866,0.422,0.474,0.071,69.31,0.787
C03642,Solo Provider,Counseling,1,139,0.508,0.564,0.373,0.469,0.29,65.37,0.966
C03643,Group Practice,Therapy,6,1042,0.711,0.643,0.719,0.545,0.43,153.92,0.636
C03644,Solo Provider,Psychiatry,1,134,0.82,0.662,0.39,0.402,0.572,76.4,0.847
C03645,Solo Provider,Therapy,1,61,0.751,0.459,0.229,0.774,0.399,89.42,0.808
C03646,Small Practice,Counseling,4,223,0.321,0.324,0.43,0.568,0.631,72.13,0.734
C03647,Solo Provider,Psychiatry,1,117,1.0,0.576,0.649,0.605,0.369,59.19,0.776
C03648,Solo Provider,Psychology,1,93,0.675,0.4,0.712,0.528,0.682,66.86,0.756
C03649,Solo Provider,Therapy,1,95,0.789,0.603,0.611,0.756,0.533,85.61,0.936
C03650,Group Practice,Psychology,14,710,0.871,0.776,0.567,0.585,0.588,187.96,0.561
C03651,Solo Provider,Psychology,1,123,0.676,0.586,0.29,0.647,0.215,58.68,0.807
C03652,Solo Provider,Psychiatry,1,120,0.815,0.588,0.314,0.68,0.244,81.29,0.815
C03653,Solo Provider,Counseling,1,84,0.684,0.572,0.485,0.5,0.506,84.2,0.738
C03654,Solo Provider,Psychiatry,1,176,0.941,0.696,0.346,0.505,0.349,66.18,0.977
C03655,Solo Provider,Psychology,1,141,0.717,0.658,0.412,0.468,0.501,79.84,0.727
C03656,Solo Provider,Therapy,1,118,0.916,0.543,0.646,0.69,0.498,73.78,0.736
C03657,Solo Provider,Counseling,1,100,1.0,0.648,0.438,0.317,0.222,67.88,0.732
C03658,Solo Provider,Therapy,1,151,0.486,0.53,0.186,0.75,0.384,51.92,0.831
C03659,Group Practice,Psychology,6,1305,0.925,0.662,0.468,0.666,0.568,177.84,0.537
C03660,Solo Provider,Therapy,1,122,0.596,0.814,0.397,0.085,0.299,61.78,0.745
C03661,Solo Provider,Therapy,1,82,0.826,0.685,0.766,0.423,0.07,58.65,0.828
C03662,Group Practice,Therapy,8,583,0.655,0.509,0.467,0.855,0.513,191.63,0.423
C03663,Group Practice,Counseling,14,705,0.515,0.411,0.648,0.389,0.426,189.86,0.412
C03664,Small Practice,Therapy,5,361,0.799,0.649,0.439,0.626,0.707,107.79,0.664
C03665,Solo Provider,Counseling,1,133,0.66,0.749,0.35,0.581,0.453,55.57,0.834
C03666,Solo Provider,Psychology,1,151,0.678,0.555,0.454,0.399,0.555,48.3,0.819
C03667,Solo Provider,Therapy,1,134,0.881,0.618,0.407,0.704,0.345,56.49,0.68
C03668,Solo Provider,Psychiatry,1,146,0.794,1.0,0.591,0.447,0.334,45.92,0.805
C03669,Solo Provider,Psychiatry,1,159,0.788,0.969,0.629,0.84,0.62,81.71,0.939
C03670,Small Practice,Psychiatry,3,523,0.449,0.673,0.58,0.488,0.173,101.57,0.808
C03671,Solo Provider,Psychology,1,77,0.958,0.784,0.67,0.71,0.266,68.49,0.749
C03672,Small Practice,Counseling,5,583,0.965,0.658,0.594,0.334,0.563,124.72,0.609
C03673,Solo Provider,Counseling,1,151,0.9,0.819,0.395,0.753,0.54,63.77,0.849
C03674,Solo Provider,Psychology,1,142,0.82,0.662,0.472,0.525,0.363,50.09,0.713
C03675,Small Practice,Counseling,5,203,0.745,0.214,0.634,0.646,0.395,103.73,0.753
C03676,Group Practice,Counseling,10,1552,0.406,0.246,0.565,0.692,0.673,177.19,0.432
C03677,Solo Provider,Therapy,1,146,0.681,0.756,0.296,0.23,0.288,51.39,0.877
C03678,Small Practice,Psychology,4,566,0.546,0.545,0.546,0.435,0.347,110.58,0.389
C03679,Solo Provider,Counseling,1,163,0.682,0.48,0.74,0.378,0.291,78.84,0.704
C03680,Solo Provider,Therapy,1,62,0.9,0.888,0.375,0.796,0.339,67.85,0.646
C03681,Small Practice,Psychology,4,404,0.603,0.676,0.59,0.618,0.52,99.55,0.632
C03682,Solo Provider,Counseling,1,170,0.479,0.634,0.384,0.492,0.057,64.42,0.648
C03683,Solo Provider,Psychiatry,1,103,0.671,0.5,0.331,0.527,0.372,51.22,0.855
C03684,Solo Provider,Counseling,1,119,0.567,0.852,0.431,0.574,0.293,36.71,0.846
C03685,Solo Provider,Counseling,1,67,0.632,0.425,0.306,0.467,0.351,47.72,0.814
C03686,Solo Provider,Psychology,1,68,0.831,0.556,0.379,0.474,0.467,61.09,0.797
C03687,Solo Provider,Psychology,1,66,0.883,0.84,0.52,0.537,0.715,79.28,0.846
C03688,Large Practice,Psychology,18,4410,0.754,0.102,0.874,0.5,0.566,252.08,0.16
C03689,Small Practice,Psychiatry,2,336,0.833,0.882,0.771,0.541,0.353,95.32,0.728
C03690,Solo Provider,Psychiatry,1,123,0.555,0.584,0.46,0.161,0.528,72.54,0.824
C03691,Solo Provider,Psychology,1,77,0.6,0.521,0.435,0.506,0.498,58.33,0.81
C03692,Small Practice,Psychiatry,3,294,0.66,0.487,0.212,0.551,0.508,107.14,0.536
C03693,Solo Provider,Counseling,1,119,0.713,0.331,0.559,0.467,0.199,73.56,0.896
C03694,Small Practice,Counseling,3,590,0.744,0.687,0.485,0.448,0.382,106.08,0.744
C03695,Small Practice,Psychiatry,5,299,0.378,0.316,0.321,0.432,0.372,96.86,0.643
C03696,Solo Provider,Psychology,1,174,0.872,0.348,0.515,0.568,0.179,68.8,0.853
C03697,Solo Provider,Therapy,1,120,0.694,0.215,0.61,0.551,0.429,60.96,0.461
C03698,Solo Provider,Therapy,1,96,0.894,0.451,0.687,0.674,0.401,61.55,0.914
C03699,Solo Provider,Psychiatry,1,117,0.585,0.816,0.324,0.287,0.32,83.72,0.712
C03700,Solo Provider,Therapy,1,71,0.614,0.47,0.516,0.714,0.412,52.26,0.705
C03701,Group Practice,Counseling,7,1500,0.747,0.565,0.706,0.674,0.512,155.05,0.501
C03702,Solo Provider,Therapy,1,145,0.625,0.463,0.523,0.338,0.38,70.62,0.784
C03703,Small Practice,Psychiatry,4,246,0.768,0.457,0.365,0.524,0.601,84.07,0.566
C03704,Small Practice,Psychiatry,4,479,0.642,0.986,0.568,0.42,0.401,102.49,0.807
C03705,Solo Provider,Therapy,1,115,0.639,0.775,0.386,0.66,0.527,68.88,0.861
C03706,Solo Provider,Psychiatry,1,62,0.49,0.61,0.365,0.38,0.332,53.76,0.848
C03707,Solo Provider,Psychology,1,71,0.556,0.954,0.547,0.349,0.561,97.38,0.776
C03708,Small Practice,Counseling,4,455,0.785,0.801,0.733,0.473,0.632,107.82,0.588
C03709,Solo Provider,Therapy,1,137,0.701,0.816,0.415,0.793,0.567,63.81,0.804
C03710,Small Practice,Therapy,5,536,0.386,0.783,0.401,0.774,0.232,109.43,0.584
C03711,Group Practice,Psychiatry,7,1395,0.606,0.59,0.698,0.755,0.423,153.87,0.389
C03712,Small Practice,Psychiatry,4,568,0.822,0.677,0.371,0.852,0.106,106.06,0.738
C03713,Large Practice,Counseling,17,3819,0.582,0.623,0.749,0.689,0.387,267.11,0.471
C03714,Small Practice,Therapy,5,432,0.715,0.953,0.414,0.395,0.568,96.38,0.696
C03715,Group Practice,Psychiatry,9,600,0.744,0.488,0.659,0.666,0.499,181.76,0.488
C03716,Group Practice,Psychology,13,591,0.716,0.601,0.681,0.858,0.678,189.87,0.417
C03717,Small Practice,Psychiatry,5,262,0.812,0.677,0.696,0.468,0.489,118.26,0.838
C03718,Group Practice,Psychology,7,763,0.687,0.564,0.729,0.273,0.503,172.1,0.553
C03719,Group Practice,Counseling,6,1127,0.498,0.629,0.611,0.659,0.457,171.09,0.523
C03720,Solo Provider,Psychology,1,157,0.781,0.533,0.561,0.368,0.441,63.58,0.846
C03721,Small Practice,Psychiatry,3,239,0.931,0.466,0.638,0.721,0.373,103.84,0.73
C03722,Small Practice,Counseling,3,180,0.289,0.91,0.328,0.551,0.282,94.22,0.8
C03723,Group Practice,Counseling,7,1719,0.868,0.782,0.505,0.415,0.307,169.26,0.578
C03724,Solo Provider,Counseling,1,79,0.726,0.739,0.173,0.457,0.323,45.09,0.898
C03725,Group Practice,Therapy,7,619,0.969,0.341,0.557,0.669,0.607,175.84,0.234
C03726,Small Practice,Counseling,5,438,0.658,1.0,0.493,0.636,0.422,116.95,0.674
C03727,Large Practice,Counseling,21,2219,0.583,0.677,0.793,0.472,0.585,263.0,0.389
C03728,Solo Provider,Counseling,1,64,0.844,0.731,0.692,0.643,0.396,81.93,0.659
C03729,Small Practice,Psychology,4,531,0.611,0.321,0.35,0.847,0.434,105.08,0.796
C03730,Small Practice,Psychiatry,2,560,1.0,0.583,0.443,0.602,0.342,106.94,0.728
C03731,Group Practice,Psychology,11,1447,0.608,0.351,0.49,0.506,0.592,155.85,0.368
C03732,Group Practice,Psychology,13,980,0.758,0.774,0.569,0.588,0.676,199.53,0.467
C03733,Small Practice,Counseling,5,596,0.575,0.846,0.478,0.426,0.574,110.18,0.795
C03734,Small Practice,Psychiatry,4,361,0.93,0.718,0.543,0.479,0.591,95.37,0.539
C03735,Solo Provider,Psychology,1,170,0.984,0.495,0.609,0.746,0.4,81.59,0.712
C03736,Large Practice,Counseling,33,2597,0.751,0.516,0.991,0.661,0.798,302.52,0.274
C03737,Solo Provider,Counseling,1,89,0.737,0.744,0.433,0.145,0.384,67.88,0.981
C03738,Small Practice,Therapy,2,585,0.644,0.754,0.511,0.644,0.222,93.68,0.662
C03739,Small Practice,Counseling,3,564,0.408,0.579,0.576,0.656,0.399,109.96,0.434
C03740,Solo Provider,Therapy,1,132,0.938,0.499,0.401,0.649,0.493,83.59,0.91
C03741,Solo Provider,Counseling,1,168,0.628,0.763,0.452,0.574,0.348,64.77,0.756
C03742,Solo Provider,Therapy,1,133,0.532,0.52,0.455,0.504,0.453,86.17,0.771
C03743,Group Practice,Therapy,10,1273,0.625,0.686,0.782,0.511,0.418,182.66,0.58
C03744,Small Practice,Psychology,2,177,0.747,0.604,0.279,0.547,0.571,113.88,0.774
C03745,Solo Provider,Psychology,1,96,1.0,0.371,0.5,0.353,0.601,81.8,0.745
C03746,Small Practice,Psychology,5,458,0.763,0.63,0.523,0.617,0.578,122.14,0.639
C03747,Solo Provider,Psychiatry,1,94,0.856,0.575,0.748,0.639,0.303,84.34,0.861
C03748,Group Practice,Therapy,9,874,0.73,0.029,0.44,0.723,0.364,177.34,0.501
C03749,Solo Provider,Psychology,1,68,0.435,0.517,0.568,0.726,0.056,45.2,0.808
C03750,Solo Provider,Psychology,1,60,0.714,0.622,0.819,0.42,0.525,70.31,0.901
C03751,Solo Provider,Psychology,1,63,0.7,0.516,0.34,0.442,0.197,58.14,0.75
C03752,Small Practice,Psychiatry,4,402,0.767,0.615,0.395,0.62,0.541,95.42,0.601
C03753,Solo Provider,Counseling,1,152,0.633,0.617,0.637,0.63,0.368,69.67,0.99
C03754,Small Practice,Counseling,3,416,0.883,0.857,0.543,0.556,0.405,96.74,0.735
C03755,Solo Provider,Therapy,1,80,0.95,0.762,0.608,0.304,0.303,66.76,0.833
C03756,Solo Provider,Therapy,1,63,0.516,0.787,0.627,0.463,0.487,88.18,1.0
C03757,Solo Provider,Therapy,1,69,0.534,0.691,0.817,0.739,0.367,87.64,0.956
C03758,Solo Provider,Therapy,1,109,0.415,0.841,0.483,0.365,0.382,54.81,0.841
C03759,Group Practice,Psychology,13,1159,0.65,0.793,0.6,0.367,0.517,163.23,0.355
C03760,Solo Provider,Psychology,1,150,0.821,0.476,0.275,0.495,0.169,61.51,0.776
C03761,Large Practice,Psychiatry,18,2143,0.751,0.509,0.731,0.934,0.359,250.68,0.333
C03762,Solo Provider,Psychology,1,141,0.911,0.797,0.583,0.367,0.408,41.24,0.838
C03763,Solo Provider,Counseling,1,101,0.792,0.395,0.555,0.529,0.575,73.19,0.759
C03764,Solo Provider,Counseling,1,108,0.751,0.145,0.412,0.527,0.015,58.16,0.867
C03765,Solo Provider,Psychiatry,1,115,0.655,0.664,0.573,0.442,0.374,67.81,0.887
C03766,Small Practice,Psychology,3,365,0.708,0.662,0.63,0.478,0.257,117.96,0.553
C03767,Small Practice,Psychology,3,319,0.909,0.927,0.383,0.397,0.385,85.41,0.711
C03768,Solo Provider,Counseling,1,170,0.768,0.723,0.296,0.327,0.435,60.94,1.0
C03769,Small Practice,Counseling,3,161,0.609,0.693,0.401,0.492,0.771,88.03,0.661
C03770,Small Practice,Psychiatry,5,474,0.869,0.772,0.498,0.404,0.306,100.51,0.631
C03771,Group Practice,Counseling,13,1425,0.882,0.816,0.835,0.522,0.446,189.62,0.458
C03772,Large Practice,Psychiatry,29,4599,0.752,0.935,0.852,0.985,0.95,311.8,0.31
C03773,Small Practice,Counseling,4,572,0.555,0.728,0.264,0.635,0.253,95.02,0.802
C03774,Group Practice,Counseling,6,617,0.668,0.604,0.67,0.622,0.448,162.27,0.41
C03775,Small Practice,Counseling,3,310,0.449,0.434,0.672,0.723,0.266,116.58,0.475
C03776,Solo Provider,Therapy,1,163,0.626,0.667,0.304,0.669,0.371,57.52,0.712
C03777,Small Practice,Therapy,3,322,0.658,0.761,0.494,0.238,0.516,122.48,0.757
C03778,Solo Provider,Counseling,1,158,0.415,0.081,0.561,0.41,0.153,51.14,0.811
C03779,Small Practice,Therapy,4,458,0.688,0.752,0.536,0.579,0.489,107.06,0.481
C03780,Large Practice,Therapy,17,2513,0.643,0.501,0.593,0.654,0.793,279.74,0.453
C03781,Solo Provider,Psychiatry,1,89,0.559,0.768,0.66,0.348,0.395,70.42,0.687
C03782,Group Practice,Psychiatry,14,1636,0.727,0.432,0.415,1.0,0.612,205.95,0.663
C03783,Group Practice,Therapy,7,1604,0.754,0.417,0.511,0.264,0.24,150.8,0.365
C03784,Solo Provider,Therapy,1,131,0.706,0.463,0.487,0.705,0.409,73.78,0.793
C03785,Small Practice,Psychiatry,2,587,0.843,0.434,0.713,0.655,0.469,105.59,0.71
C03786,Group Practice,Psychology,15,743,0.559,0.965,0.69,0.49,0.698,185.47,0.484
C03787,Large Practice,Psychology,28,4855,0.81,0.82,0.918,0.848,0.737,287.61,0.348
C03788,Solo Provider,Counseling,1,124,0.869,0.465,0.18,0.735,0.106,49.15,0.761
C03789,Solo Provider,Counseling,1,149,0.591,1.0,0.45,0.573,0.487,84.39,0.735
C03790,Small Practice,Therapy,3,214,0.813,0.52,0.562,0.534,0.573,130.61,0.596
C03791,Solo Provider,Psychology,1,78,0.681,0.606,0.464,0.405,0.468,90.09,0.799
C03792,Solo Provider,Therapy,1,125,0.635,0.628,0.4,0.83,0.151,70.2,0.809
C03793,Solo Provider,Psychiatry,1,132,1.0,0.482,0.47,0.798,0.312,67.47,0.814
C03794,Solo Provider,Psychiatry,1,99,0.692,0.845,0.402,0.061,0.363,63.06,0.806
C03795,Small Practice,Psychology,4,492,0.571,0.606,0.775,0.541,0.52,105.08,0.547
C03796,Small Practice,Psychiatry,2,599,0.607,0.47,0.674,0.26,0.442,100.39,0.684
C03797,Small Practice,Counseling,2,411,0.397,0.671,0.342,0.415,0.322,78.29,0.545
C03798,Small Practice,Psychiatry,5,262,0.414,0.559,0.425,0.556,0.798,114.91,0.552
C03799,Solo Provider,Counseling,1,163,0.816,0.751,0.433,0.757,0.471,56.84,0.87
C03800,Solo Provider,Counseling,1,176,0.714,0.558,0.336,0.406,0.36,74.99,0.846
C03801,Solo Provider,Psychology,1,123,0.744,0.66,0.416,0.47,0.251,68.38,0.757
C03802,Solo Provider,Therapy,1,86,0.931,0.623,0.344,0.677,0.068,47.11,0.904
C03803,Solo Provider,Psychology,1,77,0.629,0.708,0.777,0.37,0.218,84.08,0.808
C03804,Solo Provider,Psychiatry,1,125,0.727,0.658,0.49,0.341,0.395,81.4,0.761
C03805,Solo Provider,Psychiatry,1,166,0.501,0.599,0.544,0.345,0.206,64.76,0.754
C03806,Solo Provider,Psychiatry,1,69,0.856,0.692,0.834,0.397,0.479,92.61,0.689
C03807,Small Practice,Psychiatry,2,463,0.807,0.337,0.585,0.385,0.454,102.02,0.505
C03808,Small Practice,Psychiatry,3,389,0.583,0.757,0.487,0.501,0.515,106.9,0.84
C03809,Group Practice,Counseling,14,913,0.466,0.662,0.814,0.691,0.679,200.26,0.444
C03810,Small Practice,Psychiatry,2,412,0.547,0.731,0.249,0.6,0.344,100.55,0.666
C03811,Small Practice,Psychiatry,2,498,0.913,0.656,0.508,0.75,0.671,104.17,0.648
C03812,Solo Provider,Psychology,1,165,0.768,0.613,0.203,0.703,0.49,85.36,0.915
C03813,Small Practice,Therapy,3,268,0.739,0.831,0.313,0.476,0.395,94.27,0.742
C03814,Solo Provider,Psychology,1,91,0.593,0.572,0.535,0.5,0.15,64.03,0.675
C03815,Solo Provider,Counseling,1,127,0.704,0.565,0.583,0.575,0.418,88.91,0.837
C03816,Solo Provider,Counseling,1,170,0.546,0.574,0.415,0.726,0.312,65.6,0.721
C03817,Solo Provider,Therapy,1,77,0.879,0.582,0.362,0.357,0.316,68.09,1.0
C03818,Solo Provider,Psychiatry,1,153,0.79,0.65,0.486,0.646,0.452,71.72,0.835
C03819,Small Practice,Therapy,2,439,0.764,0.665,0.8,0.703,0.285,100.25,0.533
C03820,Group Practice,Psychology,6,1244,0.631,0.475,0.491,0.518,0.48,151.86,0.429
C03821,Small Practice,Psychiatry,3,473,0.76,0.552,0.362,0.287,0.173,104.0,0.755
C03822,Small Practice,Counseling,3,505,0.905,0.761,0.525,0.683,0.497,106.17,0.665
C03823,Small Practice,Therapy,5,215,0.459,0.506,0.795,0.419,0.162,103.95,0.74
C03824,Solo Provider,Counseling,1,141,0.676,0.814,0.694,0.423,0.463,64.19,0.912
C03825,Small Practice,Psychiatry,2,272,0.867,0.426,0.719,0.322,0.283,109.97,0.718
C03826,Small Practice,Counseling,2,482,1.0,0.668,0.386,0.48,0.329,94.55,0.734
C03827,Solo Provider,Therapy,1,162,0.602,0.384,0.376,0.492,0.198,71.73,0.626
C03828,Solo Provider,Psychiatry,1,104,0.504,0.933,0.592,0.686,0.444,83.55,0.931
C03829,Group Practice,Psychiatry,12,1040,0.54,0.419,0.609,0.457,0.446,190.23,0.435
C03830,Small Practice,Counseling,4,358,0.704,0.425,0.427,0.706,0.295,104.32,0.624
C03831,Solo Provider,Psychology,1,134,0.805,0.551,0.654,0.436,0.441,78.52,0.781
C03832,Small Practice,Counseling,3,203,0.658,0.647,0.43,0.436,0.299,88.57,0.648
C03833,Solo Provider,Psychology,1,125,0.225,0.899,0.712,0.622,0.237,48.46,0.674
C03834,Solo Provider,Counseling,1,72,0.796,0.878,0.49,0.658,0.435,85.2,0.723
C03835,Solo Provider,Psychology,1,82,0.551,0.795,0.443,0.468,0.427,77.65,0.836
C03836,Solo Provider,Psychology,1,142,0.573,0.752,0.291,0.482,0.351,63.99,0.897
C03837,Small Practice,Counseling,3,224,0.914,0.573,0.424,0.217,0.371,94.35,0.556
C03838,Solo Provider,Counseling,1,77,0.537,0.502,0.225,0.425,0.226,76.01,1.0
C03839,Small Practice,Psychology,3,468,0.506,0.618,0.315,0.849,0.529,109.84,0.545
C03840,Solo Provider,Psychiatry,1,69,0.478,0.625,0.439,0.638,0.516,66.63,0.802
C03841,Small Practice,Psychology,5,481,0.934,0.532,0.54,0.944,0.261,117.5,0.652
C03842,Small Practice,Psychology,2,531,0.7,0.862,0.418,0.616,0.448,106.84,0.641
C03843,Small Practice,Counseling,2,344,0.655,0.418,0.414,0.717,0.449,81.79,0.681
C03844,Small Practice,Psychology,5,163,0.691,0.747,0.732,0.49,0.393,101.73,0.742
C03845,Large Practice,Counseling,18,2444,0.401,0.595,0.916,0.773,0.809,286.7,0.396
C03846,Small Practice,Psychology,3,157,0.841,1.0,0.491,0.312,0.315,81.02,0.697
C03847,Small Practice,Counseling,4,235,0.651,0.67,0.779,0.665,0.255,106.61,1.0
C03848,Small Practice,Counseling,5,307,0.544,0.464,0.323,0.647,0.04,106.68,0.748
C03849,Solo Provider,Counseling,1,147,0.837,0.453,0.339,0.605,0.337,64.71,0.737
C03850,Solo Provider,Therapy,1,124,0.898,0.88,0.529,0.452,0.446,85.53,0.714
C03851,Solo Provider,Counseling,1,107,0.99,0.506,0.326,0.606,0.327,83.15,0.9
C03852,Solo Provider,Psychiatry,1,111,0.955,0.661,0.597,0.424,0.401,68.72,0.795
C03853,Solo Provider,Counseling,1,126,0.499,0.649,0.473,0.621,0.203,57.04,0.77
C03854,Solo Provider,Psychiatry,1,178,0.362,0.859,0.245,0.239,0.51,58.02,0.767
C03855,Small Practice,Psychiatry,4,160,0.861,0.551,0.599,0.354,0.472,121.59,0.74
C03856,Solo Provider,Psychology,1,147,0.655,0.938,0.603,0.478,0.369,65.38,0.83
C03857,Group Practice,Psychology,8,1574,0.774,0.449,0.497,0.519,0.456,169.44,0.477
C03858,Solo Provider,Psychology,1,109,0.592,0.891,0.466,0.761,0.584,69.6,0.694
C03859,Small Practice,Therapy,5,564,0.747,0.781,0.547,0.466,0.688,121.28,0.606
C03860,Solo Provider,Counseling,1,111,0.69,0.771,0.696,0.564,0.295,75.97,0.948
C03861,Solo Provider,Psychiatry,1,120,0.726,0.835,0.513,0.93,0.368,80.69,0.915
C03862,Solo Provider,Counseling,1,150,0.646,0.586,0.539,0.364,0.282,78.16,0.802
C03863,Small Practice,Psychiatry,4,188,0.71,0.459,0.764,0.736,0.605,117.22,0.505
C03864,Solo Provider,Psychology,1,121,0.559,0.789,0.513,0.6,0.261,59.16,0.696
C03865,Group Practice,Psychology,7,1183,0.664,0.696,0.401,0.583,0.685,174.81,0.483
C03866,Solo Provider,Therapy,1,100,0.623,0.944,0.519,0.542,0.471,56.48,0.894
C03867,Small Practice,Psychiatry,2,214,1.0,0.948,0.464,0.648,0.337,99.49,0.685
C03868,Solo Provider,Psychology,1,90,0.629,0.543,0.717,0.43,0.539,64.05,0.757
C03869,Small Practice,Counseling,3,447,0.505,0.77,0.475,0.442,0.289,97.55,0.847
C03870,Solo Provider,Counseling,1,148,0.831,0.499,0.635,0.506,0.16,52.09,0.747
C03871,Solo Provider,Psychiatry,1,61,0.712,0.507,0.329,0.562,0.375,79.35,0.921
C03872,Solo Provider,Psychology,1,116,0.775,0.397,0.569,0.582,0.511,67.17,0.769
C03873,Solo Provider,Therapy,1,75,0.656,0.908,0.507,0.258,0.465,79.94,0.754
C03874,Solo Provider,Counseling,1,96,0.886,0.837,0.606,0.705,0.49,62.89,0.731
C03875,Large Practice,Counseling,16,2776,0.81,0.25,0.688,0.647,0.822,258.55,0.288
C03876,Solo Provider,Counseling,1,148,0.897,0.633,0.427,0.429,0.411,63.63,0.767
C03877,Solo Provider,Psychiatry,1,153,0.707,0.569,0.316,0.546,0.284,53.51,0.763
C03878,Large Practice,Psychiatry,31,2808,0.505,0.724,0.833,0.994,0.981,313.82,0.31
C03879,Solo Provider,Counseling,1,136,0.934,0.878,0.268,0.409,0.296,59.03,0.864
C03880,Solo Provider,Psychology,1,107,0.59,0.704,0.56,0.306,0.291,34.49,0.61
C03881,Small Practice,Therapy,2,324,0.747,0.681,0.718,0.239,0.074,67.85,0.538
C03882,Group Practice,Psychology,12,1599,0.787,0.703,0.784,0.707,0.505,189.58,0.397
C03883,Small Practice,Psychology,3,427,0.223,0.72,0.53,0.803,0.508,101.64,0.681
C03884,Solo Provider,Psychiatry,1,144,0.578,0.6,0.608,0.591,0.508,60.34,0.811
C03885,Large Practice,Psychiatry,25,2677,0.861,0.683,0.908,0.885,0.73,278.07,0.274
C03886,Solo Provider,Therapy,1,174,0.855,0.801,0.549,0.675,0.313,69.91,0.683
C03887,Large Practice,Psychiatry,28,3719,0.801,0.742,1.0,0.493,0.734,295.98,0.291
C03888,Group Practice,Therapy,9,829,0.454,0.474,0.479,0.536,0.4,166.49,0.361
C03889,Group Practice,Psychiatry,9,889,0.718,0.495,0.556,0.431,0.659,153.08,0.597
C03890,Solo Provider,Therapy,1,71,0.734,0.51,0.474,0.497,0.167,60.78,0.921
C03891,Solo Provider,Psychiatry,1,68,0.717,0.493,0.437,0.2,0.014,48.31,0.703
C03892,Small Practice,Psychology,2,256,0.625,0.554,0.471,0.628,0.643,92.72,0.693
C03893,Small Practice,Psychiatry,3,193,0.91,0.448,0.335,0.294,0.319,113.41,0.687
C03894,Small Practice,Therapy,4,252,0.758,0.658,0.569,0.625,0.617,114.12,0.648
C03895,Group Practice,Counseling,15,1294,0.717,0.604,0.497,0.828,0.843,197.51,0.446
C03896,Small Practice,Psychiatry,2,553,0.679,0.684,0.447,0.431,0.464,110.47,0.701
C03897,Solo Provider,Psychology,1,111,0.699,0.434,0.631,0.387,0.255,42.69,0.747
C03898,Solo Provider,Psychology,1,94,0.793,0.572,0.666,0.729,0.501,92.5,0.607
C03899,Solo Provider,Psychology,1,110,0.664,0.952,0.374,0.488,0.381,48.22,0.707
C03900,Solo Provider,Psychiatry,1,101,0.71,1.0,0.215,0.231,0.454,44.57,0.658
C03901,Solo Provider,Counseling,1,149,0.269,0.703,0.304,0.621,0.357,58.02,0.809
C03902,Group Practice,Counseling,14,1192,0.566,0.506,0.496,0.925,0.543,188.77,0.224
C03903,Small Practice,Counseling,5,182,0.693,0.601,0.749,0.495,0.562,94.89,0.721
C03904,Small Practice,Psychiatry,5,383,0.586,0.432,0.344,0.7,0.836,114.99,0.569
C03905,Solo Provider,Psychiatry,1,173,0.621,0.903,0.795,0.41,0.628,63.64,0.745
C03906,Small Practice,Therapy,4,545,0.83,0.631,0.621,0.587,0.625,129.92,0.703
C03907,Group Practice,Psychiatry,8,1048,0.669,0.65,0.442,0.425,0.551,168.85,0.517
C03908,Group Practice,Counseling,14,1564,0.535,0.58,0.483,0.692,0.675,170.53,0.584
C03909,Small Practice,Psychiatry,3,292,0.915,0.47,0.31,0.285,0.498,104.3,0.577
C03910,Group Practice,Counseling,13,1520,0.97,0.792,0.524,0.605,0.702,201.49,0.343
C03911,Small Practice,Counseling,2,468,0.821,0.615,0.401,0.407,0.646,139.39,0.62
C03912,Solo Provider,Psychology,1,140,0.723,0.497,0.227,0.722,0.339,93.78,0.882
C03913,Group Practice,Psychology,12,940,0.751,0.871,0.751,0.429,0.766,203.83,0.445
C03914,Solo Provider,Counseling,1,64,0.879,0.61,0.237,0.608,0.515,67.09,0.744
C03915,Solo Provider,Therapy,1,154,0.368,0.622,0.277,0.6,0.418,80.03,0.802
C03916,Solo Provider,Therapy,1,95,0.729,0.708,0.378,0.681,0.231,81.3,0.842
C03917,Small Practice,Therapy,4,428,0.499,0.462,0.783,0.444,0.242,67.95,0.687
C03918,Small Practice,Counseling,2,222,0.912,0.478,0.441,0.574,0.43,107.84,0.597
C03919,Small Practice,Psychiatry,3,291,0.541,0.563,0.479,0.655,0.409,83.61,0.637
C03920,Solo Provider,Therapy,1,176,0.53,0.685,0.388,0.454,0.359,57.98,1.0
C03921,Solo Provider,Therapy,1,68,0.897,0.795,0.338,0.535,0.309,72.32,1.0
C03922,Group Practice,Psychiatry,13,1749,0.968,0.587,0.728,0.775,0.636,199.71,0.439
C03923,Solo Provider,Psychiatry,1,122,0.606,0.85,0.423,0.739,0.525,72.33,0.855
C03924,Group Practice,Therapy,10,1268,0.786,0.071,0.477,0.649,0.572,191.12,0.521
C03925,Solo Provider,Therapy,1,67,0.387,0.686,0.647,0.531,0.399,79.19,0.751
C03926,Small Practice,Counseling,5,544,0.789,0.727,0.533,0.642,0.47,119.02,0.778
C03927,Small Practice,Counseling,2,530,0.585,0.501,0.489,0.651,0.466,110.59,0.575
C03928,Group Practice,Therapy,11,624,0.801,0.702,0.581,0.541,0.568,166.07,0.458
C03929,Solo Provider,Psychiatry,1,161,0.79,0.858,0.594,0.566,0.301,68.77,0.813
C03930,Group Practice,Psychiatry,8,1162,0.84,0.631,0.294,0.732,0.554,157.52,0.465
C03931,Small Practice,Psychiatry,5,422,0.593,0.545,0.451,0.359,0.763,111.42,0.8
C03932,Small Practice,Therapy,4,151,0.974,0.942,0.399,0.59,0.395,106.15,0.623
C03933,Small Practice,Counseling,3,264,0.732,0.689,0.711,0.399,0.549,108.91,0.542
C03934,Solo Provider,Psychology,1,152,0.785,0.593,0.508,0.793,0.279,82.03,0.857
C03935,Solo Provider,Counseling,1,149,0.642,0.962,0.776,0.698,0.532,62.39,0.627
C03936,Solo Provider,Psychiatry,1,65,0.601,0.763,0.038,0.617,0.342,85.89,0.746
C03937,Solo Provider,Counseling,1,61,0.654,0.359,0.534,0.577,0.342,68.48,1.0
C03938,Small Practice,Psychology,3,529,0.748,0.879,0.445,0.355,0.519,112.69,0.68
C03939,Solo Provider,Therapy,1,128,0.772,0.363,0.393,0.392,0.442,47.81,0.752
C03940,Solo Provider,Psychiatry,1,170,0.615,0.758,0.485,0.385,0.494,78.61,0.957
C03941,Solo Provider,Counseling,1,63,0.736,0.624,0.16,0.293,0.488,63.31,0.819
C03942,Solo Provider,Counseling,1,176,0.602,0.845,0.281,0.361,0.32,51.7,0.647
C03943,Solo Provider,Psychology,1,168,0.573,0.791,0.56,0.483,0.155,38.56,0.806
C03944,Small Practice,Therapy,2,341,0.736,0.807,0.457,0.421,0.283,104.91,0.603
C03945,Solo Provider,Psychology,1,158,0.753,0.646,0.56,0.512,0.168,72.18,0.689
C03946,Group Practice,Counseling,8,950,0.643,0.629,0.415,0.312,0.318,168.28,0.269
C03947,Solo Provider,Therapy,1,63,0.586,0.404,0.64,0.587,0.275,67.6,0.919
C03948,Solo Provider,Psychiatry,1,77,0.748,0.462,0.238,0.245,0.68,65.78,0.717
C03949,Group Practice,Therapy,11,891,0.697,0.622,0.589,0.714,0.392,149.11,0.406
C03950,Solo Provider,Therapy,1,113,0.505,0.804,0.424,0.631,0.426,57.55,0.826
C03951,Solo Provider,Counseling,1,131,0.711,0.696,0.795,0.453,0.478,64.07,0.788
C03952,Large Practice,Therapy,35,3114,0.984,0.697,0.873,0.999,1.0,325.12,0.522
C03953,Group Practice,Therapy,8,575,0.891,0.79,0.71,0.672,0.645,175.82,0.494
C03954,Small Practice,Therapy,5,570,0.683,0.711,0.537,0.507,0.413,85.54,0.65
C03955,Solo Provider,Counseling,1,125,0.752,0.54,0.554,0.426,0.292,82.25,0.837
C03956,Small Practice,Psychiatry,2,361,0.584,0.587,0.607,0.593,0.53,112.74,0.689
C03957,Large Practice,Counseling,32,3007,0.497,1.0,1.0,1.0,0.779,307.9,0.338
C03958,Group Practice,Psychiatry,10,580,0.77,0.714,0.717,0.602,0.453,170.73,0.495
C03959,Solo Provider,Psychology,1,67,0.681,0.391,0.473,0.354,0.363,62.48,0.691
C03960,Solo Provider,Counseling,1,154,0.611,0.482,0.582,0.667,0.432,62.47,0.753
C03961,Solo Provider,Psychology,1,175,0.65,0.639,0.206,0.345,0.556,79.05,0.821
C03962,Solo Provider,Psychology,1,108,0.653,0.596,0.61,0.641,0.516,74.34,0.799
C03963,Small Practice,Therapy,2,477,0.692,0.527,0.469,0.497,0.317,80.09,0.729
C03964,Solo Provider,Therapy,1,92,0.751,0.484,0.338,0.382,0.439,66.1,0.574
C03965,Solo Provider,Psychology,1,120,0.554,0.683,0.283,0.505,0.18,70.76,1.0
C03966,Solo Provider,Psychiatry,1,105,0.737,0.478,0.424,0.472,0.404,68.38,0.84
C03967,Solo Provider,Therapy,1,117,0.675,0.712,0.369,0.331,0.645,90.06,0.842
C03968,Solo Provider,Therapy,1,106,0.659,1.0,0.477,0.707,0.373,70.93,0.816
C03969,Solo Provider,Psychiatry,1,109,0.847,0.648,0.59,0.666,0.58,57.69,0.842
C03970,Solo Provider,Therapy,1,169,0.652,0.645,0.467,0.736,0.538,102.23,0.786
C03971,Large Practice,Psychology,21,2946,0.66,0.453,0.531,0.551,0.88,260.33,0.374
C03972,Solo Provider,Psychiatry,1,123,0.821,0.284,0.731,0.691,0.49,49.0,0.92
C03973,Small Practice,Psychiatry,3,515,0.889,0.649,0.606,0.782,0.51,117.74,0.624
C03974,Solo Provider,Therapy,1,99,0.449,0.738,0.577,0.538,0.542,72.28,0.828
C03975,Solo Provider,Psychology,1,88,0.556,0.901,0.662,0.656,0.307,61.41,0.834
C03976,Solo Provider,Therapy,1,104,0.616,0.674,0.332,0.472,0.203,80.98,0.865
C03977,Solo Provider,Psychology,1,111,0.545,0.496,0.458,0.652,0.354,74.22,0.908
C03978,Solo Provider,Counseling,1,131,0.452,0.68,0.296,0.435,0.323,62.29,0.885
C03979,Solo Provider,Counseling,1,166,1.0,0.509,0.525,0.645,0.41,61.86,0.721
C03980,Small Practice,Psychology,3,346,0.873,0.661,0.314,0.557,0.648,103.91,0.56
C03981,Solo Provider,Counseling,1,130,0.725,0.866,0.402,0.613,0.593,59.16,0.663
C03982,Solo Provider,Counseling,1,118,0.864,0.73,0.642,0.241,0.436,85.45,0.526
C03983,Small Practice,Psychology,5,276,0.667,0.254,0.51,0.769,0.519,106.87,0.846
C03984,Solo Provider,Psychiatry,1,85,1.0,0.306,0.368,0.31,0.495,78.51,0.69
C03985,Solo Provider,Psychology,1,73,0.743,0.649,0.323,0.633,0.308,85.6,0.887
C03986,Solo Provider,Counseling,1,176,0.669,0.906,0.509,0.631,0.185,60.44,0.742
C03987,Solo Provider,Psychology,1,155,0.663,0.781,0.469,0.469,0.162,60.51,0.619
C03988,Solo Provider,Psychiatry,1,82,0.673,0.51,0.502,0.863,0.607,77.29,0.808
C03989,Large Practice,Therapy,38,3917,0.746,0.777,1.0,0.982,0.945,294.57,0.341
C03990,Large Practice,Therapy,37,2907,0.397,0.706,0.865,1.0,1.0,320.94,0.305
C03991,Large Practice,Psychiatry,17,1757,0.875,0.783,0.629,0.532,0.6,249.8,0.289
C03992,Solo Provider,Counseling,1,74,0.611,0.614,0.436,0.595,0.373,70.03,0.84
C03993,Solo Provider,Psychology,1,78,0.671,0.773,0.053,0.451,0.282,52.65,0.812
C03994,Solo Provider,Therapy,1,94,0.809,0.401,0.499,0.294,0.44,54.94,0.753
C03995,Solo Provider,Counseling,1,74,0.443,0.633,0.291,0.26,0.396,64.23,0.897
C03996,Solo Provider,Psychiatry,1,106,0.679,0.773,0.445,0.567,0.302,59.22,0.762
C03997,Solo Provider,Psychiatry,1,128,0.792,0.772,0.382,0.64,0.154,49.45,0.783
C03998,Solo Provider,Counseling,1,136,0.495,0.532,0.558,0.499,0.28,39.23,0.783
C03999,Solo Provider,Psychiatry,1,86,0.786,0.245,0.359,0.499,0.435,64.02,0.824
C04000,Solo Provider,Psychology,1,132,1.0,0.651,0.45,0.485,0.276,82.46,0.838
C04001,Small Practice,Counseling,2,350,0.675,0.918,0.539,0.594,0.146,110.94,0.72
C04002,Solo Provider,Psychology,1,88,0.73,0.532,0.531,0.336,0.192,74.59,0.88
C04003,Group Practice,Psychology,7,1571,0.525,0.492,0.585,0.386,0.669,170.88,0.404
C04004,Solo Provider,Psychiatry,1,144,0.788,0.77,0.213,0.396,0.345,73.86,0.747
C04005,Small Practice,Counseling,2,412,0.807,0.737,0.464,0.653,0.155,89.48,0.644
C04006,Solo Provider,Therapy,1,80,0.684,0.566,0.474,0.514,0.389,73.7,0.818
C04007,Solo Provider,Psychiatry,1,99,0.776,0.378,0.046,0.847,0.227,40.84,0.755
C04008,Solo Provider,Counseling,1,83,0.632,0.687,0.501,0.307,0.301,65.77,0.837
C04009,Solo Provider,Psychiatry,1,124,0.814,0.63,0.674,0.462,0.472,51.77,0.873
C04010,Small Practice,Therapy,4,350,0.604,0.468,0.446,0.575,0.187,95.86,0.653
C04011,Solo Provider,Psychiatry,1,64,0.856,0.536,0.643,0.578,0.363,93.59,0.927
C04012,Solo Provider,Psychiatry,1,179,0.589,0.727,0.252,0.291,0.564,54.04,0.857
C04013,Group Practice,Psychology,10,670,0.493,0.762,0.481,0.923,0.45,155.28,0.422
C04014,Solo Provider,Therapy,1,133,1.0,0.539,0.537,0.513,0.285,65.3,0.577
C04015,Small Practice,Psychiatry,2,451,0.748,1.0,0.577,0.67,0.34,101.73,0.519
C04016,Small Practice,Counseling,4,425,0.692,0.561,0.258,0.763,0.401,90.98,0.617
C04017,Solo Provider,Therapy,1,83,0.571,0.435,0.489,0.432,0.48,66.99,0.764
C04018,Solo Provider,Counseling,1,169,0.713,0.719,0.339,0.665,0.191,50.76,0.804
C04019,Solo Provider,Therapy,1,150,0.834,0.75,0.624,0.46,0.504,66.89,0.731
C04020,Small Practice,Psychiatry,4,237,0.828,0.551,0.614,0.587,0.473,103.55,0.565
C04021,Solo Provider,Psychology,1,76,0.686,0.711,0.344,0.292,0.048,68.17,0.875
C04022,Solo Provider,Counseling,1,161,0.711,0.582,0.648,0.476,0.45,61.53,0.757
C04023,Solo Provider,Psychiatry,1,176,0.815,0.844,0.275,0.706,0.222,67.44,0.567
C04024,Group Practice,Therapy,14,1672,0.473,0.293,0.586,0.561,0.807,192.63,0.451
C04025,Small Practice,Counseling,5,328,0.935,0.489,0.512,0.293,0.562,117.03,0.761
C04026,Group Practice,Counseling,13,1494,0.477,0.634,0.543,0.813,0.52,208.41,0.405
C04027,Small Practice,Psychology,3,563,0.861,0.558,0.33,0.717,0.628,101.61,0.521
C04028,Small Practice,Therapy,5,511,0.772,0.846,0.47,0.497,0.146,120.91,0.555
C04029,Solo Provider,Psychology,1,154,0.839,0.584,0.424,0.515,0.417,60.04,0.938
C04030,Group Practice,Psychiatry,12,1715,0.581,0.296,0.768,0.941,0.681,208.55,0.473
C04031,Small Practice,Psychiatry,5,355,0.82,0.675,0.569,0.537,0.565,116.38,0.541
C04032,Solo Provider,Therapy,1,116,0.572,0.742,0.824,0.631,0.544,48.01,0.89
C04033,Small Practice,Psychiatry,2,436,0.767,0.274,0.437,0.511,0.201,109.63,0.553
C04034,Small Practice,Counseling,5,201,0.741,0.859,0.521,0.799,0.376,111.84,0.559
C04035,Solo Provider,Therapy,1,98,0.614,0.618,0.346,0.37,0.2,47.54,0.842
C04036,Solo Provider,Counseling,1,137,0.514,0.457,0.496,0.626,0.481,74.72,0.821
C04037,Solo Provider,Psychology,1,137,0.768,0.729,0.356,0.329,0.571,80.35,0.813
C04038,Group Practice,Psychology,9,1505,0.639,0.402,0.682,0.504,0.429,177.38,0.646
C04039,Solo Provider,Counseling,1,99,0.798,0.434,0.186,0.677,0.032,49.65,0.75
C04040,Group Practice,Therapy,15,933,0.634,0.46,0.493,0.723,0.78,191.44,0.276
C04041,Solo Provider,Counseling,1,66,0.767,0.61,0.375,0.641,0.418,66.4,0.611
C04042,Small Practice,Psychiatry,4,236,0.536,0.606,0.584,0.407,0.457,88.03,0.551
C04043,Solo Provider,Psychiatry,1,105,0.792,0.861,0.287,0.674,0.366,52.3,0.579
C04044,Group Practice,Psychiatry,13,574,0.456,0.539,0.633,0.732,0.612,173.22,0.607
C04045,Solo Provider,Psychology,1,140,0.768,0.778,0.623,0.438,0.466,70.09,0.707
C04046,Solo Provider,Psychiatry,1,166,0.775,0.826,0.551,0.527,0.356,96.18,0.855
C04047,Solo Provider,Counseling,1,60,0.757,0.404,0.338,0.457,0.505,73.59,0.706
C04048,Solo Provider,Therapy,1,67,0.718,0.714,0.433,0.411,0.222,62.16,0.861
C04049,Solo Provider,Psychology,1,154,0.733,1.0,0.435,0.793,0.0,78.44,0.773
C04050,Small Practice,Psychology,2,432,0.604,0.645,0.628,0.888,0.546,106.23,0.6
C04051,Group Practice,Psychology,6,1475,0.57,0.622,0.499,0.368,0.584,155.24,0.492
C04052,Small Practice,Psychology,5,343,0.555,0.551,0.628,0.64,0.363,106.08,0.681
C04053,Small Practice,Psychology,4,260,0.675,0.728,0.556,0.26,0.447,79.33,0.653
C04054,Solo Provider,Counseling,1,83,0.579,0.738,0.673,0.233,0.515,84.41,0.612
C04055,Group Practice,Therapy,8,1665,0.593,0.714,0.426,0.684,0.475,159.93,0.069
C04056,Group Practice,Psychiatry,13,771,0.86,0.71,0.803,0.504,0.693,167.94,0.524
C04057,Solo Provider,Psychology,1,124,0.749,0.599,0.42,0.336,0.463,72.59,0.83
C04058,Large Practice,Psychiatry,39,4418,0.731,0.597,1.0,1.0,1.0,301.81,0.287
C04059,Solo Provider,Counseling,1,106,0.402,0.584,0.655,0.392,0.268,47.39,0.703
C04060,Group Practice,Psychology,8,1779,0.742,0.561,0.489,0.49,0.53,146.18,0.489
C04061,Large Practice,Psychology,22,3490,0.687,0.729,0.799,0.904,0.534,301.98,0.342
C04062,Small Practice,Therapy,3,376,0.713,0.743,0.413,0.375,0.413,104.67,0.485
C04063,Solo Provider,Psychiatry,1,172,0.459,0.679,0.433,0.763,0.564,86.76,0.884
C04064,Small Practice,Psychology,2,507,0.739,0.605,0.33,0.538,0.374,97.19,0.63
C04065,Solo Provider,Psychiatry,1,146,0.709,0.81,0.377,0.294,0.47,70.04,0.886
C04066,Small Practice,Counseling,4,261,0.68,0.701,0.35,0.418,0.4,103.72,0.768
C04067,Solo Provider,Therapy,1,115,0.67,0.53,0.403,0.635,0.08,88.14,0.931
C04068,Small Practice,Therapy,3,520,0.575,0.859,0.537,0.447,0.258,101.72,0.609
C04069,Group Practice,Psychiatry,8,1595,0.743,0.732,0.52,0.741,0.463,164.92,0.634
C04070,Solo Provider,Psychiatry,1,119,0.759,1.0,0.621,0.639,0.413,72.45,0.805
C04071,Solo Provider,Counseling,1,173,0.47,0.765,0.234,0.623,0.322,80.92,0.704
C04072,Small Practice,Counseling,4,562,0.6,0.547,0.532,0.444,0.641,155.24,0.513
C04073,Solo Provider,Psychiatry,1,174,0.541,1.0,0.629,0.493,0.402,74.68,0.762
C04074,Solo Provider,Psychology,1,131,0.806,0.683,0.317,0.585,0.423,63.28,0.728
C04075,Solo Provider,Psychiatry,1,146,0.777,0.846,0.444,0.67,0.543,79.3,0.93
C04076,Solo Provider,Psychology,1,142,0.547,0.488,0.599,0.479,0.444,59.96,0.737
C04077,Small Practice,Psychology,2,303,0.501,0.544,0.325,0.62,0.226,94.14,0.583
C04078,Small Practice,Psychology,5,592,0.596,0.401,0.328,0.414,0.341,110.47,0.88
C04079,Solo Provider,Counseling,1,86,0.653,0.984,0.373,0.442,0.297,64.73,0.903
C04080,Solo Provider,Psychology,1,80,0.765,0.814,0.193,0.223,0.118,38.13,0.757
C04081,Solo Provider,Psychiatry,1,89,0.886,0.614,0.557,0.428,0.492,69.76,0.603
C04082,Solo Provider,Therapy,1,157,0.737,0.755,0.417,0.221,0.52,62.2,0.761
C04083,Small Practice,Psychology,4,426,0.714,0.557,0.423,0.658,0.299,116.15,0.701
C04084,Solo Provider,Counseling,1,146,0.687,0.828,0.455,0.395,0.118,65.35,0.828
C04085,Small Practice,Psychology,2,540,0.833,1.0,0.393,0.585,0.283,90.11,0.743
C04086,Group Practice,Counseling,15,1248,0.59,0.788,0.856,0.416,0.418,185.8,0.473
C04087,Small Practice,Psychiatry,2,496,0.629,0.496,0.53,0.36,0.441,92.12,0.593
C04088,Small Practice,Therapy,3,422,0.843,0.471,0.364,0.668,0.189,100.45,0.795
C04089,Solo Provider,Psychology,1,111,0.702,0.895,0.145,0.686,0.547,69.91,0.768
C04090,Solo Provider,Therapy,1,100,0.72,0.782,0.356,0.51,0.353,98.61,0.868
C04091,Solo Provider,Therapy,1,146,0.712,0.513,0.392,0.329,0.138,62.69,0.918
C04092,Small Practice,Psychology,3,316,0.569,0.637,0.322,0.531,0.454,90.93,0.596
C04093,Group Practice,Psychiatry,6,724,0.822,0.686,0.299,0.695,0.539,186.85,0.469
C04094,Solo Provider,Psychology,1,79,0.704,0.728,0.535,0.661,0.335,81.76,0.736
C04095,Solo Provider,Psychology,1,78,0.891,0.725,0.218,0.54,0.373,79.33,0.923
C04096,Solo Provider,Psychiatry,1,84,0.792,0.277,0.341,0.45,0.317,79.58,0.817
C04097,Small Practice,Psychology,2,226,0.562,0.501,0.342,0.504,0.507,93.28,0.746
C04098,Small Practice,Psychology,4,319,0.951,0.383,0.606,0.638,0.378,111.97,0.648
C04099,Small Practice,Psychology,2,328,0.604,0.522,0.759,0.449,0.416,98.29,0.729
C04100,Group Practice,Psychology,7,1014,0.625,0.74,0.428,0.323,0.366,153.86,0.623
C04101,Solo Provider,Psychiatry,1,109,0.501,0.892,0.42,0.435,0.348,70.37,1.0
C04102,Small Practice,Psychology,5,321,0.268,0.894,0.421,0.415,0.326,100.02,0.797
C04103,Small Practice,Psychology,5,452,0.669,0.5,0.579,0.494,0.205,101.22,0.642
C04104,Solo Provider,Therapy,1,99,0.512,0.297,0.507,0.464,0.336,39.01,0.875
C04105,Group Practice,Therapy,11,994,0.799,0.617,0.403,0.52,0.48,178.44,0.292
C04106,Solo Provider,Therapy,1,144,0.604,0.827,0.387,0.764,0.328,58.52,0.705
C04107,Small Practice,Therapy,2,382,0.539,0.676,0.42,0.452,0.38,90.19,0.75
C04108,Small Practice,Psychiatry,3,169,0.767,0.432,0.573,0.675,0.549,94.57,0.539
C04109,Group Practice,Counseling,8,1746,0.683,0.653,0.517,0.628,0.111,181.31,0.516
C04110,Small Practice,Counseling,3,384,0.73,0.953,0.5,0.588,0.68,97.84,0.854
C04111,Solo Provider,Counseling,1,64,0.638,0.811,0.54,0.632,0.0,85.15,0.605
C04112,Group Practice,Psychology,9,741,0.753,0.426,0.523,0.705,0.305,173.84,0.379
C04113,Small Practice,Therapy,2,569,0.622,0.827,0.622,0.219,0.632,104.37,0.767
C04114,Small Practice,Psychiatry,2,321,0.818,0.746,0.439,0.797,0.07,104.64,0.584
C04115,Small Practice,Counseling,5,265,0.805,0.399,0.487,0.756,0.216,98.92,0.626
C04116,Solo Provider,Counseling,1,117,0.759,0.667,0.422,0.523,0.343,84.31,0.797
C04117,Small Practice,Counseling,3,453,0.751,0.48,0.788,0.551,0.214,84.44,0.627
C04118,Group Practice,Psychiatry,9,889,0.792,0.895,0.747,0.59,0.598,206.17,0.531
C04119,Solo Provider,Psychiatry,1,95,0.609,0.922,0.301,0.713,0.275,64.16,0.732
C04120,Solo Provider,Psychology,1,124,0.764,0.871,0.148,0.482,0.205,78.96,0.891
C04121,Large Practice,Therapy,20,3968,0.595,0.359,1.0,0.964,0.413,257.83,0.366
C04122,Small Practice,Therapy,5,344,0.513,0.29,0.518,0.882,0.301,118.58,0.739
C04123,Group Practice,Therapy,6,627,0.999,0.822,0.811,0.377,0.57,162.13,0.601
C04124,Solo Provider,Psychology,1,176,0.177,0.422,0.356,0.607,0.283,52.6,0.8
C04125,Large Practice,Therapy,25,1578,0.69,0.536,0.948,1.0,0.628,269.8,0.322
C04126,Solo Provider,Psychology,1,143,0.855,1.0,0.416,0.824,0.271,93.07,0.777
C04127,Small Practice,Psychiatry,2,263,0.838,0.587,0.372,0.438,0.061,94.65,0.776
C04128,Solo Provider,Counseling,1,171,0.678,0.525,0.512,0.662,0.327,71.36,0.896
C04129,Small Practice,Therapy,3,162,0.837,0.559,0.307,0.527,0.409,114.84,0.628
C04130,Group Practice,Psychiatry,12,1203,0.683,0.649,0.642,0.733,0.574,167.03,0.435
C04131,Small Practice,Therapy,3,338,0.742,0.684,0.272,0.44,0.265,99.37,0.786
C04132,Small Practice,Psychiatry,2,394,0.69,0.537,0.413,0.608,0.347,100.32,0.7
C04133,Solo Provider,Psychology,1,126,0.752,0.555,0.418,0.667,0.642,40.01,0.892
C04134,Small Practice,Therapy,3,395,0.717,0.452,0.323,0.465,0.456,94.55,0.712
C04135,Small Practice,Psychology,2,344,0.573,0.741,0.546,0.678,0.405,98.61,0.519
C04136,Solo Provider,Counseling,1,107,0.829,0.338,0.452,0.56,0.669,70.4,0.74
C04137,Small Practice,Therapy,3,241,0.612,0.843,0.554,0.498,0.472,131.51,0.635
C04138,Group Practice,Therapy,10,792,0.658,0.604,0.58,0.804,0.463,179.62,0.499
C04139,Small Practice,Counseling,4,233,0.679,0.708,0.491,0.38,0.662,101.17,0.574
C04140,Small Practice,Psychology,4,172,0.76,0.564,0.737,0.639,0.38,106.98,0.559
C04141,Solo Provider,Counseling,1,79,0.693,0.625,0.312,0.893,0.338,57.24,0.663
C04142,Small Practice,Psychology,4,552,0.992,0.619,0.454,0.692,0.56,113.56,0.716
C04143,Solo Provider,Psychology,1,79,0.534,0.515,0.226,0.474,0.304,63.53,0.747
C04144,Solo Provider,Therapy,1,91,0.649,0.562,0.46,0.574,0.166,66.43,0.845
C04145,Solo Provider,Psychology,1,176,0.763,0.674,0.519,0.441,0.435,62.55,0.914
C04146,Solo Provider,Psychiatry,1,137,0.795,0.55,0.357,0.584,0.303,60.12,0.922
C04147,Solo Provider,Counseling,1,118,0.577,0.649,0.53,0.566,0.449,82.73,0.745
C04148,Small Practice,Therapy,4,596,0.583,0.657,0.405,0.495,0.275,105.06,0.629
C04149,Solo Provider,Therapy,1,178,0.568,0.567,0.631,0.698,0.296,68.67,0.851
C04150,Solo Provider,Psychology,1,65,0.893,0.684,0.435,0.784,0.229,86.43,0.832
C04151,Solo Provider,Counseling,1,96,0.586,0.503,0.254,0.764,0.198,46.16,0.871
C04152,Small Practice,Counseling,2,325,0.497,0.658,0.662,0.404,0.471,104.72,0.622
C04153,Solo Provider,Psychology,1,148,0.862,0.573,0.69,0.572,0.66,68.94,0.717
C04154,Solo Provider,Psychiatry,1,95,0.518,0.817,0.454,0.317,0.245,72.55,0.713
C04155,Small Practice,Psychiatry,5,537,0.68,0.584,0.489,0.863,0.405,106.68,0.736
C04156,Solo Provider,Counseling,1,126,0.952,0.431,0.586,0.383,0.7,52.56,0.87
C04157,Group Practice,Therapy,12,1409,0.803,0.768,0.717,0.671,0.518,173.43,0.559
C04158,Solo Provider,Therapy,1,113,0.607,0.524,0.396,0.387,0.45,69.36,0.652
C04159,Solo Provider,Psychology,1,151,0.605,0.655,0.44,0.427,0.55,76.46,0.763
C04160,Solo Provider,Psychiatry,1,71,0.659,0.424,0.333,0.729,0.442,61.32,0.814
C04161,Small Practice,Psychiatry,3,521,0.57,0.675,0.57,0.314,0.29,107.41,0.604
C04162,Solo Provider,Counseling,1,88,0.634,0.391,0.235,0.382,0.144,65.66,0.877
C04163,Group Practice,Psychiatry,11,500,0.661,0.783,0.72,0.464,0.421,179.19,0.521
C04164,Solo Provider,Counseling,1,128,0.566,0.515,0.535,0.396,0.14,57.54,0.733
C04165,Small Practice,Therapy,5,358,0.574,0.639,0.831,0.374,0.539,114.18,0.579
C04166,Solo Provider,Psychiatry,1,133,1.0,0.792,0.488,0.35,0.342,50.4,0.743
C04167,Solo Provider,Therapy,1,143,0.575,0.644,0.633,0.387,0.397,57.04,0.63
C04168,Solo Provider,Psychology,1,146,0.333,1.0,0.495,0.54,0.448,63.55,1.0
C04169,Small Practice,Counseling,3,373,1.0,0.428,0.69,0.523,0.469,137.69,0.506
C04170,Solo Provider,Counseling,1,113,0.595,0.749,0.368,0.584,0.179,56.16,0.815
C04171,Large Practice,Therapy,29,3093,0.559,0.809,0.832,0.817,0.936,286.15,0.414
C04172,Small Practice,Counseling,3,339,0.564,0.612,0.655,0.137,0.266,99.06,0.627
C04173,Large Practice,Therapy,32,2969,0.445,0.905,1.0,0.843,0.706,313.55,0.243
C04174,Solo Provider,Psychology,1,73,0.704,0.617,0.319,0.637,0.346,65.42,0.776
C04175,Small Practice,Psychology,4,293,0.578,0.376,0.417,0.242,0.495,93.09,0.583
C04176,Small Practice,Therapy,5,432,0.58,0.438,0.558,0.881,0.577,97.42,0.778
C04177,Small Practice,Therapy,4,551,0.67,0.907,0.648,0.52,0.079,109.3,0.534
C04178,Large Practice,Therapy,25,4202,0.683,0.76,0.995,0.668,0.889,305.88,0.461
C04179,Small Practice,Psychology,3,588,0.744,0.785,0.498,0.494,0.144,90.09,0.563
C04180,Group Practice,Psychology,11,1776,0.716,0.806,0.552,0.257,0.53,175.88,0.477
C04181,Small Practice,Therapy,5,172,0.519,0.81,0.578,0.444,0.215,91.51,0.672
C04182,Solo Provider,Psychology,1,171,0.724,1.0,0.453,0.852,0.38,62.19,0.733
C04183,Small Practice,Counseling,2,438,0.764,0.673,0.204,0.697,0.608,115.82,0.465
C04184,Solo Provider,Therapy,1,102,0.952,0.327,0.395,0.368,0.514,60.96,0.759
C04185,Group Practice,Psychology,12,1554,0.934,0.639,0.559,0.596,0.665,183.36,0.317
C04186,Group Practice,Psychiatry,13,1270,0.52,0.3,0.568,0.839,0.286,169.03,0.504
C04187,Solo Provider,Psychiatry,1,89,0.752,0.886,0.69,0.56,0.357,102.05,0.839
C04188,Solo Provider,Psychiatry,1,70,0.656,0.854,0.376,0.371,0.633,72.4,0.8
C04189,Solo Provider,Psychiatry,1,102,0.566,0.571,0.369,0.568,0.423,90.43,0.74
C04190,Solo Provider,Psychiatry,1,110,0.696,0.669,0.667,0.363,0.29,48.2,0.829
C04191,Solo Provider,Therapy,1,142,1.0,0.979,0.6,0.713,0.442,97.42,0.757
C04192,Small Practice,Psychiatry,4,293,0.845,0.558,0.443,0.64,0.727,115.73,0.793
C04193,Small Practice,Psychology,2,580,0.817,0.896,0.216,0.502,0.228,80.95,0.628
C04194,Group Practice,Psychiatry,7,583,0.502,0.55,0.643,0.446,0.346,165.94,0.49
C04195,Solo Provider,Psychology,1,176,0.955,0.818,0.311,0.398,0.48,64.82,0.711
C04196,Small Practice,Therapy,3,252,0.504,0.877,0.52,0.429,0.331,91.92,0.822
C04197,Solo Provider,Therapy,1,105,0.831,0.91,0.337,0.274,0.202,85.72,0.873
C04198,Group Practice,Counseling,7,1626,0.601,0.864,0.485,0.443,0.426,156.56,0.392
C04199,Solo Provider,Psychiatry,1,79,0.883,0.557,0.227,0.612,0.225,72.32,0.708
C04200,Solo Provider,Psychology,1,130,0.632,0.658,0.422,0.439,0.017,77.97,0.783
C04201,Solo Provider,Psychology,1,72,0.794,0.582,0.536,0.619,0.242,69.45,0.926
C04202,Group Practice,Therapy,12,746,0.939,0.278,0.454,0.753,0.667,155.13,0.615
C04203,Solo Provider,Counseling,1,84,0.513,0.725,0.455,0.656,0.333,57.55,0.901
C04204,Small Practice,Psychiatry,4,238,0.729,0.952,0.635,0.583,0.518,115.67,0.759
C04205,Small Practice,Counseling,5,544,0.794,0.645,0.472,0.427,0.527,95.95,0.701
C04206,Small Practice,Psychiatry,4,455,0.984,0.805,0.523,0.651,0.352,109.14,0.633
C04207,Solo Provider,Psychiatry,1,82,0.845,0.396,0.312,0.304,0.496,52.76,0.79
C04208,Solo Provider,Psychology,1,154,0.605,0.392,0.654,0.487,0.561,75.87,0.655
C04209,Solo Provider,Therapy,1,166,0.484,1.0,0.206,0.817,0.365,76.24,0.782
C04210,Solo Provider,Psychology,1,160,0.818,0.805,0.467,0.555,0.657,65.54,0.865
C04211,Small Practice,Counseling,3,314,0.619,0.518,0.572,0.364,0.411,122.23,0.717
C04212,Solo Provider,Psychology,1,81,0.796,0.385,0.268,0.805,0.273,54.22,0.648
C04213,Solo Provider,Therapy,1,70,0.717,0.767,0.46,0.325,0.1,61.75,0.717
C04214,Solo Provider,Psychology,1,145,0.522,0.827,0.315,0.231,0.368,78.75,0.876
C04215,Small Practice,Therapy,2,593,0.914,0.683,0.387,0.64,0.589,100.77,0.482
C04216,Solo Provider,Therapy,1,175,0.867,0.552,0.559,0.76,0.379,78.07,0.771
C04217,Small Practice,Psychiatry,2,401,0.375,0.743,0.628,0.707,0.213,117.55,0.711
C04218,Solo Provider,Psychiatry,1,175,1.0,0.736,0.613,0.343,0.199,41.81,0.899
C04219,Large Practice,Therapy,38,1646,0.915,0.778,1.0,0.948,0.973,337.29,0.515
C04220,Small Practice,Therapy,3,245,0.704,0.545,0.657,0.484,0.416,105.59,0.712
C04221,Solo Provider,Counseling,1,173,0.502,0.662,0.786,0.664,0.338,70.57,0.88
C04222,Solo Provider,Psychiatry,1,157,0.92,0.798,0.335,0.553,0.431,73.83,0.847
C04223,Solo Provider,Therapy,1,95,0.763,0.52,0.397,0.469,0.382,78.65,0.775
C04224,Solo Provider,Psychiatry,1,95,0.556,0.338,0.76,0.373,0.533,58.74,0.861
C04225,Solo Provider,Psychology,1,136,0.658,0.714,0.35,0.482,0.362,60.28,0.91
C04226,Group Practice,Psychology,6,573,0.618,0.716,0.274,0.776,0.461,167.81,0.493
C04227,Small Practice,Psychiatry,2,224,0.538,0.524,0.254,0.583,0.362,87.88,0.497
C04228,Solo Provider,Therapy,1,168,0.798,0.883,0.272,0.879,0.224,91.15,0.63
C04229,Small Practice,Counseling,2,410,0.929,0.53,0.436,0.302,0.578,92.38,0.764
C04230,Solo Provider,Psychology,1,142,0.799,0.565,0.67,0.494,0.29,52.49,0.642
C04231,Large Practice,Counseling,25,2605,0.735,0.797,0.741,0.521,0.726,269.64,0.504
C04232,Solo Provider,Psychiatry,1,133,0.695,0.216,0.387,0.442,0.418,44.63,0.768
C04233,Small Practice,Therapy,4,341,0.669,0.471,0.382,0.719,0.328,100.81,0.694
C04234,Small Practice,Psychiatry,2,571,0.65,0.702,0.741,0.393,0.373,115.74,0.741
C04235,Solo Provider,Psychiatry,1,62,0.677,0.85,0.542,0.688,0.544,76.69,0.855
C04236,Solo Provider,Psychology,1,143,0.599,0.606,0.438,0.716,0.394,57.21,0.819
C04237,Solo Provider,Psychology,1,121,0.585,0.599,0.661,0.663,0.241,65.63,0.692
C04238,Group Practice,Therapy,10,592,0.48,0.514,0.188,0.774,0.656,177.35,0.591
C04239,Small Practice,Psychology,4,337,0.854,0.524,0.311,0.523,0.484,91.21,0.569
C04240,Small Practice,Psychiatry,2,316,0.762,0.624,0.875,0.501,0.499,113.5,0.505
C04241,Small Practice,Psychology,3,227,0.699,0.954,0.439,0.314,0.231,98.82,0.667
C04242,Group Practice,Psychiatry,12,1411,0.507,1.0,0.85,0.666,0.338,194.97,0.608
C04243,Solo Provider,Psychology,1,76,0.715,0.866,0.391,0.349,0.392,52.43,0.645
C04244,Small Practice,Psychology,2,561,0.736,0.401,0.419,0.297,0.313,104.7,0.59
C04245,Small Practice,Psychiatry,2,221,0.664,0.579,0.222,0.507,0.458,105.2,0.673
C04246,Solo Provider,Therapy,1,152,1.0,0.447,0.5,0.571,0.32,74.44,0.737
C04247,Group Practice,Psychology,12,664,0.542,0.326,0.556,0.53,0.656,174.92,0.358
C04248,Solo Provider,Counseling,1,67,0.444,0.371,0.35,0.469,0.245,38.38,0.814
C04249,Solo Provider,Psychiatry,1,119,0.669,0.389,0.499,0.143,0.265,31.29,0.879
C04250,Group Practice,Counseling,13,795,0.525,0.544,0.856,0.549,0.826,186.37,0.419
C04251,Solo Provider,Therapy,1,117,0.826,0.748,0.488,0.433,0.135,79.4,0.65
C04252,Solo Provider,Counseling,1,81,0.719,0.331,0.349,0.372,0.285,66.22,0.712
C04253,Solo Provider,Counseling,1,74,0.737,0.934,0.407,0.546,0.479,56.31,0.902
C04254,Small Practice,Psychiatry,4,441,0.722,0.705,0.519,0.839,0.288,97.86,0.555
C04255,Group Practice,Therapy,8,824,0.962,0.598,0.614,0.518,0.645,173.47,0.45
C04256,Solo Provider,Psychology,1,128,0.973,0.641,0.711,0.406,0.493,94.59,0.744
C04257,Solo Provider,Counseling,1,87,0.868,0.803,0.356,0.836,0.674,80.45,0.762
C04258,Solo Provider,Therapy,1,88,0.404,0.856,0.619,0.416,0.039,46.99,0.833
C04259,Large Practice,Psychology,30,4839,0.756,0.887,0.867,1.0,0.99,298.83,0.163
C04260,Solo Provider,Counseling,1,162,0.862,0.549,0.588,0.442,0.476,67.02,0.843
C04261,Large Practice,Therapy,28,4488,0.376,0.455,0.8,1.0,0.637,292.07,0.297
C04262,Group Practice,Psychology,13,1525,0.685,0.538,0.608,0.822,0.481,189.12,0.234
C04263,Solo Provider,Therapy,1,82,0.542,0.895,0.543,0.315,0.262,65.6,0.725
C04264,Group Practice,Therapy,8,544,0.866,0.803,0.338,0.355,0.586,166.38,0.398
C04265,Small Practice,Psychiatry,5,394,0.829,0.428,0.192,0.541,0.312,99.59,0.657
C04266,Small Practice,Psychiatry,2,362,1.0,0.653,0.394,0.541,0.465,130.64,0.587
C04267,Solo Provider,Therapy,1,100,0.472,0.388,0.225,0.513,0.439,67.42,0.767
C04268,Group Practice,Counseling,7,734,0.646,0.727,0.526,0.514,0.401,180.11,0.473
C04269,Small Practice,Therapy,2,242,0.628,0.679,0.744,0.597,0.264,113.24,0.558
C04270,Small Practice,Counseling,4,478,0.515,0.832,0.556,0.345,0.221,91.31,0.433
C04271,Large Practice,Therapy,30,4616,0.844,0.726,0.704,0.812,1.0,309.69,0.249
C04272,Solo Provider,Psychology,1,98,0.814,0.728,0.579,0.26,0.595,73.91,0.619
C04273,Group Practice,Psychology,9,1211,0.606,0.474,0.667,0.744,0.497,189.66,0.421
C04274,Group Practice,Psychiatry,8,987,0.694,0.613,0.941,0.453,0.619,163.57,0.28
C04275,Solo Provider,Psychiatry,1,142,0.654,0.626,0.424,0.495,0.265,51.89,0.929
C04276,Solo Provider,Counseling,1,60,0.802,0.479,0.41,0.512,0.619,113.99,0.763
C04277,Solo Provider,Therapy,1,129,0.815,0.712,0.598,0.22,0.544,79.2,0.668
C04278,Group Practice,Counseling,13,857,0.58,0.969,0.63,0.396,0.73,200.39,0.328
C04279,Solo Provider,Psychology,1,140,0.509,0.798,0.543,0.151,0.358,64.78,0.83
C04280,Small Practice,Counseling,2,569,0.812,0.752,0.485,0.484,0.408,88.91,0.59
C04281,Solo Provider,Psychiatry,1,122,0.531,0.632,0.336,0.485,0.568,68.86,0.779
C04282,Solo Provider,Psychiatry,1,152,0.896,0.948,0.395,0.636,0.682,89.11,0.684
C04283,Small Practice,Psychology,4,509,0.704,0.625,0.254,0.733,0.444,108.99,0.557
C04284,Solo Provider,Psychology,1,177,0.836,0.332,0.0,0.505,0.253,53.68,0.934
C04285,Group Practice,Counseling,10,690,0.672,0.372,0.605,0.395,0.324,152.75,0.34
C04286,Solo Provider,Counseling,1,116,0.641,0.701,0.229,0.469,0.296,65.14,0.82
C04287,Group Practice,Therapy,8,1605,0.551,0.654,0.493,0.819,0.511,157.02,0.458
C04288,Solo Provider,Therapy,1,90,0.611,0.697,0.453,0.497,0.105,58.25,0.719
C04289,Large Practice,Counseling,25,3614,0.416,0.462,0.54,0.855,0.978,290.41,0.336
C04290,Small Practice,Psychiatry,5,344,0.755,0.511,0.534,0.645,0.396,105.88,0.732
C04291,Solo Provider,Psychology,1,63,0.984,0.74,0.353,0.43,0.499,69.28,0.904
C04292,Solo Provider,Therapy,1,80,0.471,0.479,0.492,0.611,0.519,78.98,0.597
C04293,Solo Provider,Therapy,1,178,0.341,0.649,0.579,0.272,0.293,54.3,0.856
C04294,Small Practice,Psychiatry,4,575,0.733,0.439,0.35,0.628,0.564,122.05,0.69
C04295,Group Practice,Psychology,9,1685,0.977,0.662,0.623,0.677,0.418,164.79,0.372
C04296,Solo Provider,Counseling,1,107,0.617,1.0,0.738,0.456,0.305,58.19,0.585
C04297,Solo Provider,Counseling,1,93,0.634,0.547,0.497,0.644,0.259,70.33,0.944
C04298,Small Practice,Therapy,2,436,0.634,0.748,0.548,0.773,0.484,99.85,0.735
C04299,Small Practice,Therapy,2,556,0.509,0.547,0.522,0.328,0.248,97.08,0.558
C04300,Small Practice,Psychology,3,520,0.845,0.989,0.536,0.449,0.459,105.34,0.56
C04301,Solo Provider,Psychology,1,125,1.0,0.613,0.51,0.485,0.307,52.95,0.848
C04302,Small Practice,Therapy,4,440,0.496,0.928,0.658,0.417,0.144,99.69,0.699
C04303,Large Practice,Psychiatry,22,1899,0.91,0.764,0.701,0.72,0.791,271.59,0.336
C04304,Solo Provider,Counseling,1,99,0.989,0.656,0.529,0.366,0.573,72.38,0.904
C04305,Solo Provider,Therapy,1,68,0.732,0.701,0.48,0.607,0.424,56.24,0.782
C04306,Solo Provider,Counseling,1,157,0.813,0.771,0.662,0.753,0.473,80.78,0.819
C04307,Small Practice,Psychiatry,3,496,0.82,0.888,0.651,0.631,0.368,105.76,0.614
C04308,Solo Provider,Psychology,1,131,0.59,0.699,0.046,0.42,0.378,60.33,1.0
C04309,Group Practice,Psychology,7,506,0.575,0.96,0.433,0.93,0.365,170.35,0.544
C04310,Small Practice,Psychology,4,408,0.851,0.889,0.482,0.544,0.36,93.33,0.672
C04311,Small Practice,Psychology,5,314,0.419,0.61,0.365,0.54,0.363,93.85,0.579
C04312,Small Practice,Therapy,5,516,0.735,0.932,0.54,0.235,0.283,105.43,0.662
C04313,Solo Provider,Psychiatry,1,177,0.581,0.541,0.443,0.504,0.203,64.81,0.825
C04314,Group Practice,Counseling,11,1659,0.596,0.771,0.814,0.556,0.454,164.39,0.497
C04315,Solo Provider,Therapy,1,76,0.509,0.533,0.511,0.362,0.365,70.35,0.599
C04316,Small Practice,Psychology,3,543,0.564,0.73,0.464,0.554,0.367,91.1,0.62
C04317,Group Practice,Psychology,9,1459,0.865,0.348,0.582,0.597,0.505,167.94,0.516
C04318,Small Practice,Therapy,4,343,0.998,0.623,0.205,0.524,0.386,78.68,0.69
C04319,Group Practice,Therapy,11,1087,0.637,0.794,0.537,0.78,0.321,164.92,0.452
C04320,Solo Provider,Counseling,1,79,1.0,0.479,0.409,0.318,0.322,55.01,0.785
C04321,Group Practice,Therapy,12,1369,0.873,0.48,0.753,0.562,0.382,163.61,0.378
C04322,Small Practice,Therapy,2,455,0.569,0.882,0.501,0.455,0.311,98.28,0.825
C04323,Small Practice,Therapy,4,261,0.828,0.755,0.362,0.549,0.151,103.97,0.647
C04324,Solo Provider,Psychology,1,139,0.767,0.47,0.354,0.554,0.556,62.29,0.809
C04325,Solo Provider,Counseling,1,117,0.719,0.682,0.585,0.496,0.228,79.43,0.785
C04326,Small Practice,Therapy,5,165,0.517,0.945,0.47,0.563,0.695,109.06,0.609
C04327,Solo Provider,Counseling,1,74,0.604,0.657,0.512,0.395,0.586,75.02,0.725
C04328,Small Practice,Psychology,2,432,0.887,0.505,0.566,0.936,0.17,128.52,0.56
C04329,Group Practice,Therapy,15,1021,0.717,0.59,0.923,0.406,0.806,172.73,0.302
C04330,Group Practice,Therapy,11,822,0.681,0.521,0.499,0.474,0.411,174.42,0.357
C04331,Solo Provider,Psychiatry,1,86,0.3,0.643,0.577,0.465,0.179,44.55,0.875
C04332,Group Practice,Therapy,13,543,0.697,0.844,0.732,0.697,0.724,208.7,0.334
C04333,Solo Provider,Therapy,1,77,0.24,0.907,0.339,0.577,0.585,72.99,0.856
C04334,Solo Provider,Psychiatry,1,106,0.478,0.411,0.506,0.478,0.321,76.54,0.924
C04335,Group Practice,Counseling,13,683,0.766,0.368,0.407,0.504,0.576,182.94,0.385
C04336,Solo Provider,Counseling,1,98,0.698,0.851,0.547,0.335,0.503,74.12,0.714
C04337,Solo Provider,Psychology,1,110,0.899,0.782,0.361,0.446,0.858,67.5,0.674
C04338,Solo Provider,Psychiatry,1,82,0.599,0.441,0.307,0.494,0.439,57.86,0.641
C04339,Small Practice,Psychiatry,3,170,0.524,0.829,0.38,0.303,0.536,102.61,0.775
C04340,Group Practice,Psychology,14,625,0.658,0.532,0.653,0.79,0.598,181.28,0.45
C04341,Solo Provider,Therapy,1,170,0.755,0.319,0.198,0.456,0.514,72.88,0.917
C04342,Solo Provider,Psychology,1,96,0.677,0.914,0.357,0.454,0.155,52.35,0.765
C04343,Small Practice,Counseling,3,351,0.901,0.661,0.565,0.433,0.024,105.52,0.574
C04344,Solo Provider,Counseling,1,151,0.641,0.783,0.394,0.318,0.479,78.05,0.739
C04345,Small Practice,Therapy,3,409,0.615,0.757,0.569,0.498,0.447,85.7,0.664
C04346,Group Practice,Psychiatry,12,954,0.734,0.741,0.62,0.55,0.366,185.06,0.525
C04347,Small Practice,Psychiatry,5,199,0.538,0.672,0.421,0.568,0.876,104.28,0.74
C04348,Group Practice,Psychology,10,911,0.646,0.672,0.371,0.675,0.212,192.3,0.283
C04349,Small Practice,Therapy,3,543,0.914,0.504,0.18,0.357,0.807,125.21,0.509
C04350,Group Practice,Counseling,10,1309,0.718,0.515,0.465,0.716,0.728,187.64,0.47
C04351,Solo Provider,Counseling,1,80,0.636,1.0,0.501,0.858,0.223,84.84,0.795
C04352,Solo Provider,Psychiatry,1,76,0.778,0.474,0.404,0.363,0.355,56.88,0.781
C04353,Small Practice,Psychiatry,3,400,0.54,0.263,0.409,0.902,0.48,109.59,0.565
C04354,Solo Provider,Psychiatry,1,157,0.68,0.72,0.597,0.545,0.386,76.24,0.949
C04355,Group Practice,Therapy,13,1495,0.706,0.548,0.458,0.77,0.775,193.29,0.493
C04356,Small Practice,Counseling,4,538,0.611,0.419,0.473,0.715,0.317,111.36,0.643
C04357,Large Practice,Counseling,16,4356,0.453,0.564,0.579,0.543,0.581,250.71,0.105
C04358,Solo Provider,Psychiatry,1,132,0.544,0.563,0.468,0.532,0.123,69.79,0.87
C04359,Solo Provider,Psychology,1,120,0.589,0.952,0.533,0.565,0.47,67.47,0.697
C04360,Small Practice,Psychiatry,3,179,0.58,0.587,0.585,0.589,0.407,100.83,0.656
C04361,Solo Provider,Therapy,1,92,1.0,0.703,0.657,0.438,0.266,58.14,0.721
C04362,Small Practice,Psychiatry,2,540,0.833,0.831,0.404,0.469,0.386,107.34,0.673
C04363,Small Practice,Therapy,2,549,0.67,0.894,0.438,0.426,0.373,80.5,0.658
C04364,Large Practice,Counseling,32,2327,0.763,1.0,0.851,1.0,0.953,302.04,0.416
C04365,Small Practice,Psychology,5,460,0.91,0.91,0.739,0.592,0.528,89.23,0.608
C04366,Solo Provider,Counseling,1,164,0.738,0.621,0.609,0.659,0.209,72.86,1.0
C04367,Solo Provider,Therapy,1,113,0.528,0.258,0.58,0.422,0.242,57.07,0.736
C04368,Small Practice,Psychology,5,409,0.453,0.457,0.595,0.459,0.527,124.24,0.6
C04369,Solo Provider,Psychology,1,155,0.731,0.871,0.543,0.61,0.255,71.79,0.917
C04370,Solo Provider,Psychology,1,66,0.384,0.675,0.691,0.358,0.227,75.75,0.768
C04371,Solo Provider,Counseling,1,113,0.424,0.533,0.314,0.608,0.347,61.09,0.765
C04372,Solo Provider,Psychiatry,1,113,0.868,0.834,0.551,0.747,0.228,99.9,0.839
C04373,Small Practice,Therapy,3,560,0.62,0.464,0.538,0.78,0.485,112.64,0.628
C04374,Solo Provider,Therapy,1,88,0.657,0.685,0.558,0.81,0.435,98.15,0.822
C04375,Small Practice,Psychiatry,5,260,0.686,0.517,0.489,0.663,0.587,118.51,0.598
C04376,Solo Provider,Therapy,1,97,0.508,0.663,0.432,0.765,0.687,53.0,0.739
C04377,Small Practice,Therapy,2,397,0.575,0.687,0.441,0.31,0.654,121.23,0.716
C04378,Solo Provider,Therapy,1,179,0.43,0.879,0.443,0.445,0.372,63.56,0.73
C04379,Group Practice,Psychiatry,9,806,0.406,0.92,0.644,0.589,0.652,170.23,0.486
C04380,Solo Provider,Therapy,1,159,0.925,0.384,0.435,0.272,0.441,49.34,0.79
C04381,Small Practice,Psychiatry,5,388,0.707,0.701,0.234,0.44,0.464,113.4,0.771
C04382,Solo Provider,Psychology,1,142,0.632,0.83,0.418,0.0,0.584,65.65,0.846
C04383,Solo Provider,Psychiatry,1,143,0.745,0.651,0.422,0.401,0.38,51.72,0.712
C04384,Solo Provider,Therapy,1,90,0.74,0.826,0.346,0.406,0.114,45.65,0.668
C04385,Group Practice,Psychology,7,1269,0.44,0.733,0.515,0.687,0.651,184.45,0.447
C04386,Group Practice,Therapy,13,1256,0.902,0.529,0.35,0.635,0.611,182.36,0.255
C04387,Solo Provider,Psychology,1,163,0.932,0.736,0.342,0.534,0.406,69.85,0.848
C04388,Solo Provider,Psychiatry,1,147,0.842,0.422,0.446,0.816,0.315,58.0,0.824
C04389,Small Practice,Psychiatry,2,479,0.743,0.423,0.644,0.342,0.489,123.87,0.753
C04390,Small Practice,Therapy,4,496,0.707,0.285,0.441,0.427,0.395,108.89,0.598
C04391,Solo Provider,Psychiatry,1,92,0.771,0.629,0.372,0.391,0.403,56.38,0.937
C04392,Small Practice,Therapy,2,391,0.773,0.646,0.216,0.605,0.16,78.6,0.501
C04393,Small Practice,Psychology,2,300,0.555,0.392,0.537,0.519,0.5,98.65,0.577
C04394,Small Practice,Therapy,2,517,0.503,0.531,0.629,0.527,0.363,113.42,0.646
C04395,Solo Provider,Psychology,1,66,0.696,0.658,0.462,0.237,0.443,49.12,0.718
C04396,Solo Provider,Psychiatry,1,89,0.469,0.242,0.311,0.438,0.527,65.28,0.806
C04397,Solo Provider,Psychology,1,72,0.892,0.137,0.524,0.566,0.492,61.82,0.62
C04398,Small Practice,Psychology,5,512,0.507,1.0,0.44,0.718,0.546,105.62,0.506
C04399,Solo Provider,Psychology,1,107,0.759,0.71,0.728,0.667,0.467,91.41,0.897
C04400,Small Practice,Counseling,3,517,0.463,0.541,0.289,0.369,0.419,102.81,0.595
C04401,Small Practice,Psychology,2,397,0.755,0.422,0.348,0.199,0.471,95.79,0.842
C04402,Small Practice,Counseling,3,484,0.62,0.611,0.686,0.551,0.5,118.95,0.78
C04403,Solo Provider,Psychiatry,1,93,0.705,0.669,0.407,0.597,0.306,79.13,0.835
C04404,Solo Provider,Counseling,1,150,0.421,0.642,0.565,0.561,0.186,86.31,0.89
C04405,Solo Provider,Psychiatry,1,161,0.57,0.519,0.469,0.491,0.548,64.55,0.828
C04406,Small Practice,Psychology,3,521,0.471,0.897,0.589,0.521,0.42,82.3,0.639
C04407,Group Practice,Psychiatry,14,1281,0.669,0.61,0.658,0.957,0.559,190.57,0.374
C04408,Solo Provider,Counseling,1,135,0.723,0.52,0.499,0.481,0.347,74.68,0.863
C04409,Group Practice,Psychiatry,15,1560,0.804,0.606,0.58,0.739,0.839,185.28,0.536
C04410,Solo Provider,Psychology,1,148,0.768,0.69,0.622,0.563,0.408,80.73,0.682
C04411,Solo Provider,Therapy,1,159,0.713,0.551,0.374,0.611,0.368,64.45,0.561
C04412,Solo Provider,Psychology,1,114,0.642,0.876,0.279,0.838,0.497,68.09,0.772
C04413,Small Practice,Therapy,2,344,0.748,0.508,0.462,0.339,0.493,92.44,0.667
C04414,Solo Provider,Psychiatry,1,142,0.596,0.706,0.277,0.665,0.394,74.16,0.755
C04415,Solo Provider,Therapy,1,137,0.758,0.462,0.661,0.088,0.531,77.0,0.784
C04416,Small Practice,Psychiatry,4,584,0.636,0.582,0.557,0.355,0.372,86.64,0.608
C04417,Small Practice,Psychiatry,2,229,0.813,0.773,0.453,0.535,0.34,88.3,0.474
C04418,Solo Provider,Psychiatry,1,67,0.88,0.496,0.633,0.308,0.29,61.67,0.788
C04419,Solo Provider,Psychiatry,1,143,0.596,0.673,0.581,0.265,0.387,59.44,0.896
C04420,Small Practice,Therapy,5,230,0.572,1.0,0.749,0.51,0.617,112.45,0.597
C04421,Solo Provider,Psychology,1,155,0.424,0.546,0.401,0.585,0.466,54.29,0.788
C04422,Solo Provider,Counseling,1,178,0.601,0.936,0.559,0.754,0.635,87.65,0.734
C04423,Small Practice,Psychiatry,4,186,0.855,0.799,0.193,0.616,0.294,94.36,0.616
C04424,Solo Provider,Therapy,1,110,0.597,0.42,0.344,0.476,0.43,69.87,0.92
C04425,Small Practice,Therapy,3,499,0.811,0.797,0.65,0.962,0.524,109.15,0.679
C04426,Solo Provider,Psychology,1,140,0.746,0.858,0.282,0.726,0.304,74.99,0.777
C04427,Solo Provider,Counseling,1,95,0.769,0.443,0.596,0.545,0.367,67.96,0.827
C04428,Solo Provider,Counseling,1,68,0.766,0.613,0.421,0.211,0.573,85.34,0.684
C04429,Solo Provider,Psychiatry,1,63,0.883,0.838,0.609,0.52,0.189,64.66,0.782
C04430,Solo Provider,Psychiatry,1,151,0.685,0.429,0.422,0.015,0.323,47.2,0.813
C04431,Solo Provider,Therapy,1,111,0.724,0.832,0.623,0.564,0.364,92.7,0.836
C04432,Group Practice,Therapy,8,1362,0.739,0.843,0.577,0.451,0.563,169.01,0.467
C04433,Group Practice,Counseling,15,1193,0.428,0.553,0.543,0.548,0.597,202.9,0.359
C04434,Solo Provider,Psychiatry,1,110,0.768,0.507,0.204,0.413,0.319,91.57,0.737
C04435,Small Practice,Psychiatry,2,302,0.708,0.627,0.443,0.194,0.38,102.62,0.668
C04436,Small Practice,Psychiatry,2,445,0.883,0.282,0.445,0.95,0.545,108.49,0.505
C04437,Group Practice,Psychiatry,6,568,0.635,1.0,0.684,0.314,0.343,160.0,0.45
C04438,Solo Provider,Counseling,1,128,0.584,0.584,0.347,0.45,0.474,56.78,0.83
C04439,Solo Provider,Counseling,1,124,0.87,0.841,0.465,0.468,0.632,55.65,0.961
C04440,Solo Provider,Psychology,1,150,0.959,0.768,0.395,0.453,0.625,79.39,0.884
C04441,Solo Provider,Psychiatry,1,147,1.0,0.469,0.451,0.544,0.336,79.96,0.616
C04442,Solo Provider,Psychology,1,61,0.585,0.585,0.43,0.491,0.513,64.42,0.917
C04443,Group Practice,Psychiatry,6,1304,0.681,0.489,0.536,0.411,0.777,161.0,0.463
C04444,Group Practice,Psychology,7,827,0.515,0.522,0.619,0.607,0.633,179.52,0.177
C04445,Solo Provider,Therapy,1,126,0.618,0.439,0.207,0.418,0.606,84.29,0.897
C04446,Solo Provider,Psychology,1,76,0.716,0.366,0.228,0.487,0.162,58.76,0.714
C04447,Solo Provider,Therapy,1,120,0.891,0.652,0.261,0.202,0.386,63.2,0.737
C04448,Solo Provider,Psychology,1,74,0.689,0.866,0.623,0.575,0.234,78.04,0.745
C04449,Small Practice,Psychology,2,587,0.509,0.925,0.363,0.638,0.806,114.04,0.491
C04450,Solo Provider,Therapy,1,173,0.653,0.731,0.372,0.09,0.255,73.94,0.835
C04451,Group Practice,Psychology,8,1521,0.921,0.561,0.484,0.654,0.438,153.93,0.562
C04452,Large Practice,Therapy,25,3540,0.881,0.716,0.962,0.69,0.675,277.44,0.335
C04453,Small Practice,Psychiatry,3,357,0.745,0.638,0.537,0.644,0.389,114.41,0.602
C04454,Small Practice,Therapy,4,330,0.768,0.755,0.532,0.489,0.329,109.87,0.641
C04455,Small Practice,Psychology,2,562,0.722,0.713,0.314,0.445,0.487,100.67,0.567
C04456,Solo Provider,Psychology,1,114,0.683,0.772,0.499,0.308,0.445,50.14,0.749
C04457,Solo Provider,Psychiatry,1,105,0.811,0.437,0.412,0.562,0.357,54.42,0.738
C04458,Small Practice,Counseling,3,305,0.538,0.627,0.413,0.302,0.361,98.89,0.586
C04459,Solo Provider,Psychology,1,161,0.901,0.767,0.302,0.143,0.14,38.56,0.75
C04460,Group Practice,Psychology,8,931,0.705,0.549,0.612,0.493,0.38,166.65,0.621
C04461,Solo Provider,Therapy,1,133,0.717,0.802,0.597,0.45,0.525,83.9,0.755
C04462,Solo Provider,Psychology,1,137,0.654,0.69,0.519,0.369,0.121,58.51,0.846
C04463,Solo Provider,Psychology,1,146,0.641,0.948,0.421,0.424,0.098,72.45,0.692
C04464,Large Practice,Counseling,35,2968,0.794,0.417,0.845,0.768,1.0,295.6,0.279
C04465,Solo Provider,Psychology,1,175,0.774,0.711,0.509,0.367,0.557,73.02,0.79
C04466,Solo Provider,Therapy,1,85,0.757,0.48,0.749,0.507,0.373,83.54,0.759
C04467,Solo Provider,Psychology,1,89,0.724,0.386,0.44,0.501,0.3,45.04,0.702
C04468,Small Practice,Therapy,3,348,0.811,0.656,0.398,0.597,0.435,108.31,0.61
C04469,Large Practice,Psychiatry,39,3269,0.803,0.49,1.0,1.0,1.0,320.69,0.521
C04470,Solo Provider,Counseling,1,79,0.442,0.497,0.365,0.607,0.493,69.88,0.814
C04471,Group Practice,Counseling,6,976,0.575,0.637,0.472,0.372,0.154,145.92,0.58
C04472,Solo Provider,Counseling,1,167,0.765,0.436,0.34,0.508,0.302,70.6,0.672
C04473,Small Practice,Psychiatry,3,572,0.721,0.66,0.64,0.596,0.275,97.28,0.766
C04474,Solo Provider,Psychology,1,124,0.578,0.477,0.113,0.409,0.427,80.65,0.664
C04475,Solo Provider,Psychology,1,178,0.583,0.382,0.603,0.623,0.328,52.44,0.658
C04476,Small Practice,Therapy,5,565,0.599,0.549,0.514,0.49,0.178,84.66,0.517
C04477,Small Practice,Counseling,3,256,0.714,0.659,0.673,0.297,0.45,125.65,0.571
C04478,Solo Provider,Counseling,1,141,0.684,0.549,0.506,0.546,0.311,84.29,0.859
C04479,Group Practice,Therapy,6,1219,0.678,0.97,0.612,0.385,0.466,159.23,0.428
C04480,Large Practice,Counseling,37,2433,0.418,0.939,1.0,0.631,1.0,330.96,0.344
C04481,Solo Provider,Psychiatry,1,63,0.62,0.96,0.749,0.465,0.449,84.47,0.752
C04482,Small Practice,Psychology,5,425,0.509,0.572,0.516,0.588,0.631,93.94,0.585
C04483,Small Practice,Psychology,4,269,0.283,0.58,0.419,0.642,0.651,118.77,0.794
C04484,Solo Provider,Therapy,1,86,0.615,0.621,0.529,0.381,0.266,46.74,0.837
C04485,Group Practice,Therapy,15,1146,0.854,0.847,0.615,0.772,0.651,167.9,0.575
C04486,Solo Provider,Psychology,1,121,0.886,0.701,0.543,0.613,0.233,79.58,0.805
C04487,Small Practice,Counseling,5,328,0.771,0.666,0.619,0.344,0.328,87.44,0.51
C04488,Solo Provider,Counseling,1,149,0.825,0.544,0.366,0.697,0.316,55.36,0.896
C04489,Solo Provider,Psychiatry,1,72,0.564,0.749,0.434,0.636,0.391,65.37,0.605
C04490,Small Practice,Counseling,3,257,0.752,0.75,0.594,0.515,0.159,104.87,0.671
C04491,Small Practice,Psychiatry,3,280,0.713,0.31,0.505,0.518,0.222,90.76,0.703
C04492,Group Practice,Psychology,8,667,0.773,0.709,0.369,0.531,0.813,184.19,0.59
C04493,Large Practice,Psychiatry,31,4679,0.552,0.621,0.852,0.858,0.691,264.04,0.395
C04494,Solo Provider,Psychology,1,154,0.829,0.808,0.814,0.47,0.29,78.03,0.812
C04495,Solo Provider,Psychology,1,70,0.523,0.751,0.465,0.341,0.124,69.34,1.0
C04496,Solo Provider,Psychology,1,92,0.784,0.629,0.568,0.333,0.398,54.33,0.824
C04497,Solo Provider,Psychiatry,1,77,0.638,0.512,0.384,0.222,0.527,52.01,0.956
C04498,Solo Provider,Psychology,1,151,0.866,0.644,0.463,0.292,0.284,51.79,0.853
C04499,Group Practice,Psychology,14,960,0.624,0.037,0.709,0.776,0.657,179.89,0.544
C04500,Small Practice,Psychiatry,2,358,0.573,0.61,0.432,0.556,0.35,89.53,0.64
C04501,Solo Provider,Psychology,1,98,0.365,0.794,0.312,0.429,0.209,52.89,0.857
C04502,Solo Provider,Therapy,1,152,0.334,0.701,0.353,0.508,0.493,64.69,0.701
C04503,Small Practice,Counseling,2,291,0.848,0.664,0.477,0.313,0.499,90.63,0.738
C04504,Solo Provider,Therapy,1,108,0.788,1.0,0.524,0.512,0.345,79.68,0.79
C04505,Solo Provider,Counseling,1,151,0.568,0.818,0.234,0.625,0.51,71.87,0.881
C04506,Solo Provider,Counseling,1,91,0.64,0.448,0.502,0.524,0.507,70.16,0.786
C04507,Solo Provider,Counseling,1,153,0.743,0.753,0.607,0.35,0.473,76.98,0.782
C04508,Solo Provider,Therapy,1,173,0.384,0.869,0.447,0.367,0.302,68.55,0.697
C04509,Small Practice,Therapy,2,470,0.881,0.775,0.514,0.178,0.188,93.37,0.642
C04510,Solo Provider,Therapy,1,71,0.841,0.126,0.351,0.654,0.317,45.0,0.753
C04511,Small Practice,Psychiatry,5,304,0.627,0.847,0.745,0.784,0.435,107.85,0.602
C04512,Small Practice,Counseling,5,540,0.668,0.84,0.597,0.49,0.402,108.35,0.768
C04513,Group Practice,Counseling,15,877,0.579,0.708,0.598,0.781,1.0,218.12,0.502
C04514,Solo Provider,Psychology,1,105,0.803,0.876,0.672,0.729,0.37,63.02,0.889
C04515,Solo Provider,Counseling,1,96,0.941,0.479,0.653,0.689,0.524,88.11,1.0
C04516,Solo Provider,Therapy,1,143,0.788,0.31,0.451,0.44,0.464,56.33,0.718
C04517,Solo Provider,Counseling,1,83,0.775,0.861,0.465,0.907,0.317,78.21,0.868
C04518,Solo Provider,Psychiatry,1,73,0.897,0.49,0.154,0.491,0.329,47.74,0.906
C04519,Small Practice,Psychology,5,469,0.76,0.708,0.682,0.556,0.448,109.4,0.695
C04520,Solo Provider,Counseling,1,79,0.497,0.576,0.426,0.416,0.321,58.85,0.818
C04521,Solo Provider,Psychology,1,106,0.83,0.222,0.25,0.103,0.327,57.44,0.766
C04522,Solo Provider,Psychiatry,1,81,0.826,0.642,0.375,0.511,0.294,77.06,0.652
C04523,Small Practice,Psychology,2,582,0.917,0.427,0.238,0.365,0.446,99.12,0.736
C04524,Group Practice,Psychiatry,15,850,0.828,0.567,0.833,1.0,0.461,177.21,0.425
C04525,Small Practice,Psychology,4,185,0.759,0.347,0.393,0.727,0.456,89.8,0.727
C04526,Small Practice,Psychiatry,3,547,0.983,0.531,0.422,0.635,0.269,80.45,0.722
C04527,Small Practice,Psychiatry,5,299,0.747,0.474,0.44,0.709,0.534,116.05,0.527
C04528,Small Practice,Therapy,2,437,0.763,0.646,0.254,0.403,0.024,93.92,0.669
C04529,Solo Provider,Psychiatry,1,88,0.683,0.475,0.653,0.293,0.321,66.63,0.67
C04530,Small Practice,Psychology,3,536,0.389,0.768,0.74,0.558,0.303,95.63,0.646
C04531,Small Practice,Counseling,4,458,0.825,0.812,0.833,0.777,0.404,142.52,0.653
C04532,Solo Provider,Therapy,1,115,0.589,0.619,0.313,0.203,0.236,49.59,0.714
C04533,Small Practice,Therapy,2,472,0.698,0.832,0.503,0.554,0.342,95.84,0.845
C04534,Solo Provider,Psychology,1,124,0.523,0.606,0.766,0.628,0.158,86.12,0.697
C04535,Small Practice,Psychology,3,454,0.659,0.51,0.447,0.776,0.299,109.43,0.59
C04536,Solo Provider,Therapy,1,61,0.544,0.482,0.466,0.517,0.247,65.14,0.847
C04537,Small Practice,Psychiatry,5,482,0.817,0.547,0.646,0.914,0.43,131.11,0.586
C04538,Group Practice,Therapy,13,1075,0.984,0.567,0.551,1.0,0.638,190.63,0.612
C04539,Solo Provider,Therapy,1,121,0.261,0.832,0.523,0.493,0.457,55.48,0.804
C04540,Solo Provider,Therapy,1,61,0.754,0.616,0.576,0.464,0.298,55.97,0.746
C04541,Solo Provider,Psychology,1,134,0.765,0.515,0.289,0.646,0.347,63.49,0.877
C04542,Solo Provider,Counseling,1,79,0.614,0.336,0.296,0.364,0.41,48.34,0.789
C04543,Large Practice,Psychiatry,21,2686,0.769,0.808,0.91,0.588,0.882,286.16,0.357
C04544,Solo Provider,Therapy,1,102,0.68,0.98,0.717,0.504,0.397,87.04,0.581
C04545,Solo Provider,Counseling,1,143,0.812,0.712,0.375,0.523,0.588,102.99,0.836
C04546,Solo Provider,Psychiatry,1,111,0.562,0.576,0.359,0.658,0.541,65.45,0.972
C04547,Large Practice,Therapy,32,3355,0.892,0.929,0.745,0.989,0.747,289.19,0.24
C04548,Solo Provider,Therapy,1,109,0.607,0.389,0.288,0.358,0.413,41.12,0.803
C04549,Small Practice,Psychiatry,3,365,0.627,0.411,0.582,0.535,0.282,90.91,0.689
C04550,Solo Provider,Psychology,1,85,0.92,0.672,0.557,0.423,0.391,59.36,0.723
C04551,Solo Provider,Psychiatry,1,137,0.638,0.525,0.621,0.61,0.024,70.51,0.972
C04552,Small Practice,Psychiatry,5,418,0.674,0.381,0.326,0.85,0.196,98.06,0.505
C04553,Solo Provider,Psychiatry,1,133,0.78,0.76,0.527,0.408,0.411,51.19,0.978
C04554,Small Practice,Counseling,2,491,0.821,0.631,0.505,0.585,0.24,110.01,0.487
C04555,Solo Provider,Psychology,1,72,0.513,0.453,0.388,0.56,0.293,74.05,0.728
C04556,Small Practice,Psychology,2,225,0.58,0.721,0.489,0.529,0.453,110.77,0.636
C04557,Small Practice,Psychiatry,4,532,0.886,0.486,0.265,0.414,0.37,87.94,0.577
C04558,Small Practice,Psychology,3,407,0.569,0.244,0.442,0.884,0.244,95.38,0.56
C04559,Solo Provider,Counseling,1,69,0.646,0.466,0.519,0.561,0.441,61.24,0.694
C04560,Small Practice,Psychology,5,444,0.761,0.796,0.517,0.74,0.484,121.61,0.598
C04561,Large Practice,Counseling,33,2358,0.932,0.831,0.901,0.865,0.964,326.23,0.283
C04562,Solo Provider,Therapy,1,67,0.619,0.38,0.426,0.64,0.52,61.08,0.811
C04563,Solo Provider,Counseling,1,139,0.602,0.235,0.337,0.599,0.327,75.66,0.769
C04564,Group Practice,Counseling,9,1126,0.57,0.71,0.478,0.486,0.744,165.17,0.343
C04565,Solo Provider,Psychology,1,142,0.766,0.641,0.259,0.815,0.249,72.67,0.775
C04566,Small Practice,Counseling,5,592,0.639,0.485,0.6,0.915,0.46,117.4,0.621
C04567,Small Practice,Psychology,3,430,0.608,0.321,0.441,0.449,0.008,97.7,0.668
C04568,Solo Provider,Psychiatry,1,163,0.471,0.878,0.75,0.58,0.315,75.47,0.766
C04569,Small Practice,Psychology,3,217,0.765,0.731,0.384,0.396,0.362,80.59,0.697
C04570,Small Practice,Psychology,2,450,0.695,0.562,0.69,0.733,0.448,116.39,0.827
C04571,Solo Provider,Therapy,1,78,0.72,0.564,0.406,0.577,0.312,61.28,0.648
C04572,Group Practice,Therapy,7,1434,0.314,0.903,0.641,0.544,0.519,168.43,0.546
C04573,Solo Provider,Psychiatry,1,122,0.828,0.682,0.298,0.495,0.062,55.48,0.845
C04574,Solo Provider,Psychology,1,119,0.608,0.768,0.274,0.531,0.317,67.61,0.782
C04575,Group Practice,Therapy,14,984,0.76,0.894,0.869,0.799,0.325,175.52,0.426
C04576,Solo Provider,Counseling,1,134,0.549,0.38,0.049,0.336,0.386,43.8,0.909
C04577,Group Practice,Therapy,7,593,0.69,0.563,0.581,0.825,0.484,176.6,0.339
C04578,Solo Provider,Counseling,1,118,0.761,0.616,0.618,0.123,0.422,46.86,0.878
C04579,Solo Provider,Psychology,1,119,0.85,0.861,0.669,0.394,0.398,50.45,0.833
C04580,Solo Provider,Psychiatry,1,131,0.724,0.675,0.577,0.415,0.556,91.17,0.808
C04581,Small Practice,Psychiatry,5,515,0.742,0.437,0.327,0.832,0.572,105.69,0.621
C04582,Small Practice,Psychology,3,213,0.498,0.566,0.587,0.663,0.349,114.75,0.81
C04583,Group Practice,Therapy,14,1696,0.509,0.757,0.592,0.559,0.635,193.81,0.522
C04584,Large Practice,Psychology,36,4584,0.356,0.822,0.869,0.984,0.98,338.12,0.524
C04585,Small Practice,Psychology,5,300,0.498,0.422,0.566,0.468,0.273,106.09,0.598
C04586,Small Practice,Therapy,2,207,0.628,0.586,0.456,0.562,0.428,101.73,0.485
C04587,Small Practice,Counseling,4,340,0.548,0.583,0.683,0.685,0.437,91.49,0.56
C04588,Group Practice,Psychology,11,715,0.702,0.656,0.517,0.781,0.606,182.34,0.185
C04589,Small Practice,Therapy,5,339,0.73,0.755,0.485,0.549,0.433,101.04,0.668
C04590,Group Practice,Psychology,11,1597,0.913,0.554,0.44,0.403,0.609,180.38,0.509
C04591,Solo Provider,Psychiatry,1,165,0.615,0.292,0.39,0.793,0.408,78.74,0.842
C04592,Solo Provider,Counseling,1,138,0.574,0.69,0.542,0.353,0.423,61.03,0.93
C04593,Small Practice,Psychiatry,2,418,0.726,0.532,0.507,0.381,0.395,97.11,0.773
C04594,Solo Provider,Counseling,1,80,0.756,0.654,0.497,0.677,0.289,56.6,0.771
C04595,Solo Provider,Counseling,1,119,0.729,0.68,0.426,0.639,0.212,73.33,0.813
C04596,Large Practice,Therapy,32,1710,0.494,0.345,0.953,1.0,0.835,272.72,0.345
C04597,Solo Provider,Psychiatry,1,68,0.537,0.579,0.477,0.23,0.84,76.92,0.739
C04598,Solo Provider,Therapy,1,162,0.924,0.703,0.281,0.529,0.092,82.41,0.767
C04599,Solo Provider,Psychiatry,1,111,0.576,0.984,0.439,0.36,0.426,34.25,0.753
C04600,Solo Provider,Therapy,1,67,0.496,1.0,0.514,0.761,0.214,67.37,0.794
C04601,Small Practice,Psychology,4,446,0.732,0.449,0.691,0.627,0.396,103.2,0.663
C04602,Group Practice,Therapy,10,650,0.551,0.618,0.547,0.73,0.614,165.82,0.394
C04603,Large Practice,Psychology,40,2283,0.728,0.538,0.879,0.865,1.0,318.57,0.469
C04604,Small Practice,Psychiatry,5,296,1.0,0.583,0.406,0.491,0.371,85.91,0.777
C04605,Small Practice,Counseling,3,507,0.698,0.55,0.445,0.493,0.417,99.9,0.605
C04606,Solo Provider,Counseling,1,162,1.0,0.832,0.538,0.437,0.491,74.1,0.83
C04607,Group Practice,Psychology,14,1798,0.741,0.953,0.672,0.623,0.617,182.55,0.454
C04608,Solo Provider,Psychiatry,1,157,0.589,0.793,0.646,0.897,0.437,87.15,0.812
C04609,Solo Provider,Psychology,1,106,0.796,0.837,0.619,0.795,0.278,71.01,0.751
C04610,Large Practice,Psychology,20,4566,0.781,0.772,0.834,0.765,0.861,271.4,0.358
C04611,Group Practice,Therapy,15,1074,0.65,0.657,0.682,0.65,0.539,175.05,0.365
C04612,Solo Provider,Psychiatry,1,117,0.765,0.846,0.277,0.502,0.486,77.24,0.781
C04613,Small Practice,Counseling,3,314,0.759,0.561,0.692,0.491,0.364,99.6,0.701
C04614,Solo Provider,Psychiatry,1,161,0.644,0.617,0.495,0.177,0.353,56.54,0.624
C04615,Solo Provider,Therapy,1,112,0.751,0.591,0.57,0.571,0.045,66.35,0.92
C04616,Solo Provider,Counseling,1,173,0.63,0.275,0.498,0.623,0.266,65.75,0.71
C04617,Solo Provider,Counseling,1,83,0.879,0.846,0.589,0.855,0.507,80.03,0.916
C04618,Small Practice,Psychology,5,562,0.87,0.473,0.589,0.457,0.491,109.98,0.677
C04619,Solo Provider,Psychology,1,137,0.78,0.775,0.255,0.504,0.305,59.79,0.819
C04620,Small Practice,Psychiatry,4,242,0.69,0.828,0.367,0.5,0.33,87.94,0.689
C04621,Solo Provider,Psychiatry,1,82,0.444,0.537,0.549,0.374,0.408,42.82,0.735
C04622,Group Practice,Counseling,10,628,0.797,0.643,0.606,0.585,0.375,172.47,0.581
C04623,Small Practice,Counseling,4,412,0.625,0.73,0.682,0.576,0.476,116.99,0.738
C04624,Group Practice,Psychiatry,7,901,0.748,0.708,0.591,0.731,0.411,197.97,0.503
C04625,Solo Provider,Psychiatry,1,144,0.52,0.598,0.558,0.398,0.221,59.5,0.662
C04626,Small Practice,Therapy,2,558,0.62,0.808,0.438,0.458,0.464,120.12,0.497
C04627,Group Practice,Therapy,6,1349,0.858,0.604,0.614,0.731,0.444,158.1,0.363
C04628,Solo Provider,Psychiatry,1,112,0.637,0.691,0.441,0.429,0.47,59.93,0.754
C04629,Solo Provider,Psychology,1,105,0.783,0.429,0.265,0.324,0.363,78.22,0.918
C04630,Solo Provider,Psychology,1,111,0.813,0.994,0.495,0.701,0.282,68.29,0.644
C04631,Solo Provider,Counseling,1,93,1.0,0.65,0.312,0.676,0.254,78.54,0.814
C04632,Solo Provider,Psychiatry,1,136,0.56,0.923,0.634,0.572,0.631,85.02,0.762
C04633,Solo Provider,Therapy,1,84,0.604,0.541,0.77,0.692,0.501,82.76,0.737
C04634,Solo Provider,Counseling,1,130,0.645,0.956,0.647,0.668,0.491,81.31,0.791
C04635,Small Practice,Counseling,2,249,0.77,0.499,0.668,0.408,0.382,68.36,0.603
C04636,Solo Provider,Psychology,1,156,1.0,0.708,0.909,0.486,0.401,76.1,0.79
C04637,Solo Provider,Therapy,1,138,0.755,0.922,0.339,0.513,0.46,43.66,0.928
C04638,Small Practice,Psychiatry,3,360,0.706,0.851,0.423,0.65,0.701,107.3,0.651
C04639,Solo Provider,Psychology,1,163,0.727,0.696,0.438,0.468,0.217,51.4,0.861
C04640,Solo Provider,Counseling,1,124,0.577,0.434,0.416,0.516,0.203,62.99,0.773
C04641,Solo Provider,Psychology,1,92,0.586,0.975,0.359,0.632,0.292,57.99,0.82
C04642,Solo Provider,Psychiatry,1,100,0.415,0.571,0.531,0.627,0.389,78.15,0.722
C04643,Solo Provider,Psychiatry,1,148,0.601,0.474,0.402,0.462,0.412,58.76,0.665
C04644,Solo Provider,Psychiatry,1,82,0.58,0.727,0.51,0.337,0.442,75.38,0.795
C04645,Solo Provider,Therapy,1,123,0.789,0.806,0.475,0.869,0.442,105.9,0.976
C04646,Large Practice,Therapy,35,4606,0.873,0.743,1.0,0.808,0.846,338.21,0.195
C04647,Group Practice,Counseling,10,716,0.496,0.461,0.296,0.822,0.537,172.78,0.501
C04648,Solo Provider,Psychiatry,1,122,0.842,0.579,0.509,0.559,0.194,62.13,0.728
C04649,Solo Provider,Counseling,1,131,0.908,0.671,0.452,0.565,0.344,87.25,0.798
C04650,Solo Provider,Psychiatry,1,138,0.667,0.697,0.368,0.726,0.231,78.48,0.793
C04651,Group Practice,Counseling,12,577,0.83,0.281,0.466,0.628,0.927,186.32,0.465
C04652,Group Practice,Therapy,8,876,0.537,0.104,0.83,0.699,0.427,181.78,0.456
C04653,Solo Provider,Therapy,1,111,0.722,1.0,0.278,0.6,0.185,68.96,0.956
C04654,Solo Provider,Psychology,1,168,0.597,0.38,0.412,0.544,0.542,57.39,0.691
C04655,Solo Provider,Counseling,1,147,0.584,0.557,0.323,0.583,0.296,67.17,0.801
C04656,Group Practice,Therapy,6,1796,0.789,0.688,0.572,0.549,0.418,166.89,0.455
C04657,Group Practice,Psychology,14,831,0.936,0.525,0.67,0.866,0.551,163.81,0.474
C04658,Solo Provider,Therapy,1,101,0.403,0.645,0.493,0.7,0.488,85.17,0.641
C04659,Small Practice,Psychology,4,454,0.829,0.569,0.917,0.448,0.411,105.83,0.666
C04660,Solo Provider,Psychology,1,62,1.0,0.54,0.368,0.493,0.397,79.19,0.732
C04661,Small Practice,Psychology,4,563,0.703,0.75,0.383,0.449,0.419,99.81,0.743
C04662,Group Practice,Psychiatry,12,1525,0.384,0.525,0.382,0.406,0.621,174.93,0.782
C04663,Solo Provider,Psychiatry,1,125,0.75,0.513,0.308,0.862,0.247,70.6,0.6
C04664,Solo Provider,Psychology,1,91,0.789,0.932,0.52,0.551,0.467,100.09,1.0
C04665,Small Practice,Psychiatry,2,244,0.842,0.971,0.584,0.513,0.311,89.17,0.66
C04666,Solo Provider,Psychology,1,117,0.834,0.9,0.405,0.435,0.21,65.02,0.847
C04667,Group Practice,Therapy,7,726,1.0,0.33,0.339,0.744,0.575,160.53,0.379
C04668,Solo Provider,Psychiatry,1,144,0.757,0.523,0.614,0.609,0.568,83.18,0.795
C04669,Group Practice,Therapy,8,748,0.781,0.714,0.697,0.684,0.211,170.67,0.387
C04670,Solo Provider,Therapy,1,153,0.77,0.798,0.547,0.392,0.506,85.46,0.719
C04671,Solo Provider,Psychiatry,1,75,0.698,0.533,0.361,0.326,0.23,52.96,0.782
C04672,Solo Provider,Psychiatry,1,97,0.459,0.563,0.479,0.454,0.234,75.12,0.561
C04673,Solo Provider,Therapy,1,167,0.748,0.683,0.54,0.553,0.383,81.16,0.876
C04674,Solo Provider,Therapy,1,136,0.907,0.5,0.502,0.239,0.296,71.59,0.78
C04675,Small Practice,Counseling,5,157,0.801,0.588,0.438,0.424,0.544,77.8,0.612
C04676,Solo Provider,Psychology,1,82,0.561,0.685,0.296,0.515,0.0,47.04,0.797
C04677,Solo Provider,Psychology,1,142,0.51,0.788,0.447,0.471,0.259,58.47,0.889
C04678,Solo Provider,Psychology,1,104,0.884,0.907,0.61,0.409,0.376,80.7,0.78
C04679,Solo Provider,Therapy,1,171,0.698,0.606,0.714,0.456,0.274,80.03,0.76
C04680,Group Practice,Psychology,11,1489,0.769,0.692,0.286,0.45,0.506,160.48,0.481
C04681,Group Practice,Counseling,6,1244,0.653,0.889,0.217,0.121,0.718,155.94,0.297
C04682,Solo Provider,Psychiatry,1,117,0.655,0.625,0.707,0.635,0.176,73.77,0.609
C04683,Small Practice,Counseling,4,574,0.592,0.863,0.247,0.486,0.517,118.9,0.532
C04684,Small Practice,Counseling,4,340,0.689,0.525,0.099,0.477,0.541,92.72,0.547
C04685,Large Practice,Psychology,24,2744,0.78,0.585,0.813,0.794,0.703,270.37,0.469
C04686,Solo Provider,Therapy,1,104,0.805,0.88,0.444,0.522,0.448,48.07,0.763
C04687,Solo Provider,Psychology,1,99,0.947,0.752,0.477,0.641,0.346,66.23,0.803
C04688,Solo Provider,Counseling,1,153,0.772,0.553,0.418,0.661,0.339,75.86,0.857
C04689,Group Practice,Psychology,15,1031,0.648,0.412,0.511,0.784,0.709,193.46,0.351
C04690,Small Practice,Counseling,5,447,0.84,1.0,0.611,0.443,0.552,139.28,0.546
C04691,Solo Provider,Psychology,1,162,0.766,0.65,0.403,0.431,0.572,67.45,0.857
C04692,Solo Provider,Psychiatry,1,131,0.96,0.629,0.575,0.284,0.175,67.09,0.871
C04693,Small Practice,Counseling,5,374,0.629,0.523,0.626,0.518,0.567,108.87,0.727
C04694,Group Practice,Therapy,8,872,0.649,0.45,0.625,0.118,0.407,171.5,0.54
C04695,Solo Provider,Psychiatry,1,129,0.787,0.445,0.408,0.642,0.222,68.02,0.943
C04696,Small Practice,Therapy,5,506,0.862,0.81,0.645,0.448,0.273,112.65,0.622
C04697,Solo Provider,Psychology,1,107,0.507,0.755,0.521,0.481,0.377,71.9,0.807
C04698,Solo Provider,Counseling,1,103,1.0,0.68,0.368,0.188,0.157,68.1,0.724
C04699,Small Practice,Counseling,2,442,0.761,0.518,0.548,0.672,0.326,95.96,0.693
C04700,Small Practice,Therapy,2,541,0.783,0.724,0.569,0.686,0.349,100.32,0.632
C04701,Large Practice,Psychology,24,2947,0.679,0.673,0.702,0.613,0.646,276.87,0.342
C04702,Solo Provider,Counseling,1,65,0.626,0.769,0.684,0.428,0.205,65.9,0.895
C04703,Solo Provider,Counseling,1,142,0.853,0.603,0.525,0.539,0.855,89.05,0.787
C04704,Solo Provider,Psychology,1,61,0.662,0.731,0.436,0.647,0.354,59.65,0.85
C04705,Solo Provider,Therapy,1,107,0.418,0.716,0.368,0.885,0.297,82.12,0.925
C04706,Solo Provider,Psychiatry,1,94,0.663,0.517,0.445,0.705,0.711,74.8,0.677
C04707,Solo Provider,Counseling,1,64,0.646,0.957,0.35,0.239,0.398,58.76,0.838
C04708,Solo Provider,Psychology,1,173,0.598,0.679,0.263,0.584,0.316,67.95,0.939
C04709,Solo Provider,Psychiatry,1,114,0.666,0.302,0.446,0.477,0.376,80.86,0.781
C04710,Solo Provider,Therapy,1,62,0.66,0.498,0.215,0.436,0.211,54.95,0.67
C04711,Small Practice,Psychology,3,310,0.84,0.419,0.501,0.608,0.492,90.6,0.81
C04712,Solo Provider,Psychiatry,1,171,0.601,0.716,0.057,0.473,0.101,81.25,0.8
C04713,Small Practice,Psychiatry,5,302,0.516,0.575,0.392,0.78,0.11,93.17,0.606
C04714,Group Practice,Counseling,15,546,0.949,0.368,0.496,0.951,0.605,183.77,0.432
C04715,Small Practice,Therapy,3,569,0.636,0.518,0.285,0.543,0.314,104.85,0.603
C04716,Solo Provider,Therapy,1,90,0.624,0.63,0.716,0.577,0.287,67.23,0.69
C04717,Solo Provider,Counseling,1,130,0.611,0.642,0.373,0.443,0.176,61.68,0.821
C04718,Small Practice,Counseling,3,220,0.707,0.51,0.703,0.587,0.423,106.09,0.642
C04719,Small Practice,Psychiatry,5,231,0.677,0.598,0.568,0.738,0.574,91.28,0.694
C04720,Solo Provider,Counseling,1,154,0.624,0.309,0.617,0.479,0.335,79.1,0.724
C04721,Solo Provider,Therapy,1,147,0.672,0.66,0.485,0.477,0.547,70.08,0.918
C04722,Small Practice,Therapy,4,569,0.738,0.53,0.713,0.803,0.519,106.14,0.527
C04723,Solo Provider,Psychiatry,1,104,0.659,0.486,0.409,0.54,0.437,65.45,0.922
C04724,Small Practice,Psychology,2,272,0.496,0.7,0.402,0.477,0.291,102.88,0.589
C04725,Solo Provider,Therapy,1,101,0.924,0.437,0.642,0.417,0.35,79.21,0.843
C04726,Solo Provider,Therapy,1,106,0.85,0.826,0.424,0.809,0.45,74.81,0.499
C04727,Group Practice,Counseling,7,541,0.647,0.757,0.595,0.462,0.695,154.36,0.317
C04728,Solo Provider,Psychology,1,159,0.761,0.709,0.337,0.404,0.361,73.76,0.689
C04729,Small Practice,Psychology,5,338,0.667,0.705,0.535,0.786,0.725,116.45,0.61
C04730,Solo Provider,Counseling,1,102,0.823,0.705,0.322,0.198,0.272,55.05,0.829
C04731,Solo Provider,Therapy,1,96,0.607,0.972,0.29,0.452,0.285,45.9,0.992
C04732,Group Practice,Counseling,9,1205,0.704,0.673,0.747,0.775,0.401,173.61,0.478
C04733,Solo Provider,Psychiatry,1,96,0.626,0.826,0.497,0.777,0.434,40.19,0.889
C04734,Solo Provider,Counseling,1,132,0.759,0.738,0.692,0.611,0.181,78.62,0.851
C04735,Group Practice,Counseling,9,1209,0.633,0.786,0.581,0.789,0.535,177.38,0.229
C04736,Small Practice,Therapy,3,547,0.788,0.721,0.35,0.565,0.481,115.1,0.692
C04737,Small Practice,Therapy,3,574,0.673,0.244,0.668,0.552,0.387,107.13,0.637
C04738,Solo Provider,Psychology,1,116,0.856,0.598,0.526,0.58,0.038,68.96,0.729
C04739,Solo Provider,Psychology,1,108,0.904,0.43,0.615,0.688,0.43,66.22,0.598
C04740,Small Practice,Therapy,2,595,0.665,0.26,0.441,0.366,0.475,101.73,0.698
C04741,Solo Provider,Psychiatry,1,61,0.645,0.654,0.452,0.667,0.288,78.89,0.724
C04742,Solo Provider,Counseling,1,129,0.77,0.934,0.778,0.721,0.256,75.79,0.883
C04743,Small Practice,Counseling,5,377,0.589,0.698,0.648,0.794,0.541,111.56,0.707
C04744,Solo Provider,Therapy,1,110,0.732,0.381,0.55,0.585,0.655,86.99,0.796
C04745,Solo Provider,Psychology,1,104,0.955,0.911,0.635,0.522,0.335,60.82,0.763
C04746,Solo Provider,Therapy,1,113,0.77,0.605,0.522,0.541,0.207,66.66,0.906
C04747,Solo Provider,Psychiatry,1,161,0.525,0.512,0.406,0.553,0.352,76.72,0.936
C04748,Small Practice,Therapy,4,429,1.0,0.635,0.704,0.5,0.516,92.61,0.745
C04749,Group Practice,Psychology,8,1157,0.583,0.587,0.479,0.5,0.416,174.64,0.331
C04750,Solo Provider,Therapy,1,101,0.717,0.625,0.617,0.812,0.134,68.84,0.962
C04751,Solo Provider,Therapy,1,142,0.762,0.629,0.594,0.537,0.422,57.92,0.756
C04752,Small Practice,Therapy,5,417,0.621,0.722,0.748,0.533,0.545,107.43,0.647
C04753,Solo Provider,Therapy,1,178,0.466,0.643,0.44,0.364,0.063,78.52,0.633
C04754,Solo Provider,Therapy,1,63,0.485,0.542,0.467,0.588,0.333,89.91,1.0
C04755,Group Practice,Psychology,7,1394,0.645,0.719,0.356,0.754,0.502,161.79,0.329
C04756,Small Practice,Counseling,5,365,0.45,0.489,0.455,0.726,0.697,73.0,0.688
C04757,Solo Provider,Psychiatry,1,83,0.532,1.0,0.489,0.069,0.724,75.07,0.666
C04758,Large Practice,Counseling,18,3625,1.0,0.395,0.632,0.894,0.591,278.37,0.349
C04759,Solo Provider,Psychology,1,154,0.533,0.508,0.407,0.612,0.49,76.13,0.821
C04760,Group Practice,Psychiatry,9,1676,0.745,0.638,0.659,0.736,0.354,189.77,0.439
C04761,Small Practice,Therapy,4,484,0.685,0.431,0.591,0.312,0.395,105.1,0.601
C04762,Small Practice,Counseling,5,453,0.651,0.486,0.488,0.597,0.388,107.37,0.619
C04763,Group Practice,Therapy,15,1042,0.812,0.417,0.79,0.913,0.726,198.83,0.209
C04764,Small Practice,Psychiatry,3,240,0.633,1.0,0.168,0.561,0.513,104.56,0.667
C04765,Solo Provider,Therapy,1,86,0.544,0.546,0.551,0.153,0.504,69.78,0.789
C04766,Solo Provider,Counseling,1,131,1.0,0.902,0.285,0.879,0.0,70.0,0.756
C04767,Small Practice,Counseling,4,182,0.742,0.62,0.703,0.466,0.405,117.6,0.827
C04768,Small Practice,Psychiatry,4,534,0.771,0.987,0.302,0.363,0.336,112.82,0.672
C04769,Solo Provider,Psychiatry,1,121,0.585,0.481,0.268,0.352,0.27,51.66,0.584
C04770,Small Practice,Psychology,2,530,0.675,0.956,0.241,0.696,0.636,109.99,0.746
C04771,Small Practice,Psychology,2,374,0.795,0.85,0.498,0.344,0.561,98.44,0.911
C04772,Solo Provider,Psychiatry,1,139,0.717,0.386,0.338,0.564,0.354,64.63,0.802
C04773,Solo Provider,Psychiatry,1,90,0.683,0.512,0.53,0.568,0.236,57.69,0.841
C04774,Solo Provider,Therapy,1,165,0.694,0.721,0.491,0.502,0.417,69.98,0.884
C04775,Solo Provider,Psychiatry,1,175,0.716,0.586,0.192,0.518,0.178,49.71,0.743
C04776,Solo Provider,Psychology,1,90,0.602,0.737,0.515,0.531,0.549,77.1,1.0
C04777,Solo Provider,Psychology,1,94,0.836,0.7,0.562,0.236,0.0,51.38,0.589
C04778,Solo Provider,Counseling,1,85,0.738,0.58,0.55,0.572,0.165,75.1,0.847
C04779,Solo Provider,Psychology,1,148,1.0,0.636,0.719,0.443,0.717,85.34,0.741
C04780,Small Practice,Counseling,3,557,0.923,0.894,0.339,0.479,0.723,118.67,0.66
C04781,Solo Provider,Psychology,1,126,0.663,0.522,0.604,0.637,0.552,79.28,0.691
C04782,Large Practice,Psychiatry,20,4946,0.333,0.733,0.944,1.0,0.705,283.35,0.383
C04783,Group Practice,Psychiatry,11,1243,0.566,0.641,0.58,0.647,0.485,163.61,0.471
C04784,Small Practice,Psychology,3,398,0.427,0.635,0.464,0.513,0.277,100.01,0.499
C04785,Large Practice,Psychiatry,27,4623,0.758,0.353,1.0,0.81,0.38,277.86,0.319
C04786,Group Practice,Counseling,12,939,0.885,0.817,0.681,0.657,0.642,188.68,0.292
C04787,Solo Provider,Therapy,1,129,0.886,0.837,0.307,0.544,0.2,56.35,0.816
C04788,Small Practice,Therapy,3,400,0.754,0.519,0.376,0.596,0.182,78.94,0.618
C04789,Solo Provider,Psychiatry,1,90,0.876,0.575,0.357,0.657,0.61,85.4,0.825
C04790,Small Practice,Therapy,4,257,0.708,0.651,0.559,0.712,0.202,98.41,0.561
C04791,Solo Provider,Therapy,1,156,0.554,0.691,0.498,0.522,0.308,68.21,0.935
C04792,Solo Provider,Psychiatry,1,66,0.71,0.784,0.497,0.365,0.632,57.17,0.846
C04793,Solo Provider,Therapy,1,93,0.428,0.774,0.659,0.589,0.46,70.91,0.864
C04794,Large Practice,Therapy,23,3226,0.595,0.793,0.883,0.743,0.682,276.2,0.317
C04795,Solo Provider,Psychology,1,160,0.72,0.51,0.585,0.484,0.441,87.06,0.806
C04796,Solo Provider,Psychiatry,1,60,0.781,0.723,0.521,0.866,0.361,75.32,0.816
C04797,Solo Provider,Counseling,1,173,0.714,0.833,0.542,0.769,0.486,85.99,0.85
C04798,Solo Provider,Therapy,1,102,0.755,0.599,0.446,0.107,0.607,52.6,0.78
C04799,Group Practice,Psychology,12,1345,0.964,0.663,0.669,0.999,0.691,171.4,0.421
C04800,Small Practice,Psychology,4,185,0.598,0.769,0.503,0.617,0.556,110.02,0.477
C04801,Solo Provider,Psychology,1,60,0.743,0.741,0.488,0.402,0.199,65.02,0.641
C04802,Solo Provider,Psychology,1,75,0.779,0.588,0.59,0.493,0.355,62.89,0.656
C04803,Solo Provider,Therapy,1,82,0.91,0.616,0.595,0.752,0.227,73.39,0.832
C04804,Solo Provider,Counseling,1,158,0.861,0.5,0.512,0.468,0.432,86.06,0.922
C04805,Group Practice,Psychiatry,11,1461,0.551,0.565,0.766,0.735,0.509,132.85,0.358
C04806,Small Practice,Psychology,3,181,0.654,0.598,0.557,0.638,0.743,86.63,0.573
C04807,Solo Provider,Psychiatry,1,143,0.952,0.652,0.617,0.416,0.293,64.13,0.629
C04808,Small Practice,Psychiatry,4,541,0.83,0.751,0.808,0.522,0.458,102.33,0.648
C04809,Solo Provider,Psychology,1,150,0.761,0.6,0.714,0.378,0.317,71.3,0.676
C04810,Small Practice,Counseling,4,309,0.699,0.44,0.362,0.418,0.531,100.38,0.641
C04811,Small Practice,Counseling,2,333,0.601,0.296,0.315,0.475,0.379,91.87,0.706
C04812,Small Practice,Psychology,4,250,0.754,0.397,0.128,0.377,0.443,95.7,0.687
C04813,Small Practice,Psychology,3,209,0.898,0.653,0.547,0.807,0.132,73.1,0.821
C04814,Group Practice,Psychology,8,1378,0.616,0.356,0.545,0.587,0.605,171.75,0.521
C04815,Solo Provider,Counseling,1,61,0.797,0.592,0.483,0.404,0.184,44.7,0.843
C04816,Solo Provider,Therapy,1,156,0.672,0.236,0.476,0.388,0.453,62.19,0.778
C04817,Solo Provider,Counseling,1,143,0.509,0.659,0.373,0.416,0.283,54.81,0.787
C04818,Small Practice,Psychology,5,593,0.435,0.38,0.808,0.486,0.288,112.52,0.647
C04819,Small Practice,Psychology,4,166,0.588,0.558,0.46,0.601,0.429,97.74,0.558
C04820,Small Practice,Psychology,2,198,0.922,0.618,0.976,0.478,0.134,114.56,0.685
C04821,Small Practice,Counseling,3,511,0.73,0.582,0.452,0.14,0.533,111.79,0.612
C04822,Solo Provider,Psychology,1,172,0.62,0.64,0.652,0.739,0.494,58.93,0.613
C04823,Small Practice,Therapy,3,228,0.595,0.663,0.526,0.58,0.246,93.54,0.752
C04824,Small Practice,Counseling,3,304,0.669,0.996,0.712,0.898,0.652,110.67,0.637
C04825,Solo Provider,Psychology,1,77,0.74,0.654,0.459,0.371,0.422,60.38,0.762
C04826,Solo Provider,Counseling,1,179,0.725,0.636,0.251,0.378,0.448,40.68,0.795
C04827,Solo Provider,Counseling,1,167,0.693,0.459,0.365,0.54,0.037,70.73,0.842
C04828,Solo Provider,Counseling,1,175,0.834,0.858,0.348,0.688,0.409,77.13,0.716
C04829,Small Practice,Therapy,3,529,0.931,0.865,0.391,0.594,0.453,102.62,0.675
C04830,Group Practice,Psychology,8,1469,0.607,0.95,0.356,0.531,0.609,161.88,0.345
C04831,Small Practice,Counseling,5,171,0.441,0.849,0.747,0.819,0.489,110.16,0.607
C04832,Solo Provider,Counseling,1,75,0.719,0.582,0.703,0.47,0.584,73.27,0.81
C04833,Small Practice,Psychology,5,471,0.776,0.624,0.61,0.677,0.688,106.06,0.657
C04834,Small Practice,Counseling,2,496,1.0,0.312,0.302,0.528,0.294,104.79,0.732
C04835,Solo Provider,Counseling,1,155,0.62,0.921,0.3,0.387,0.604,72.83,0.669
C04836,Group Practice,Therapy,8,1615,0.31,0.589,0.712,0.55,0.503,172.21,0.469
C04837,Solo Provider,Counseling,1,110,0.815,0.696,0.293,0.433,0.156,67.1,0.821
C04838,Solo Provider,Psychology,1,89,0.732,0.749,0.485,0.642,0.349,54.39,0.87
C04839,Solo Provider,Psychology,1,136,0.713,0.773,0.423,0.62,0.414,97.85,0.595
C04840,Solo Provider,Therapy,1,178,0.511,0.48,0.637,0.515,0.253,53.81,0.753
C04841,Group Practice,Counseling,10,716,0.818,0.56,0.44,0.491,0.507,168.53,0.375
C04842,Solo Provider,Psychiatry,1,132,0.628,0.495,0.36,0.749,0.694,82.24,0.805
C04843,Solo Provider,Psychiatry,1,63,0.559,0.544,0.532,0.11,0.484,49.1,0.744
C04844,Solo Provider,Psychiatry,1,141,0.916,0.594,0.509,0.589,0.404,73.38,0.7
C04845,Solo Provider,Counseling,1,94,0.728,0.159,0.594,0.256,0.387,58.95,0.952
C04846,Solo Provider,Psychiatry,1,91,0.784,0.902,0.299,0.111,0.545,69.27,0.885
C04847,Solo Provider,Therapy,1,118,0.43,0.758,0.62,0.879,0.326,46.39,0.816
C04848,Small Practice,Therapy,3,526,0.842,0.723,0.673,0.403,0.371,116.79,0.632
C04849,Solo Provider,Counseling,1,148,0.748,0.698,0.548,0.455,0.572,76.71,0.755
C04850,Small Practice,Therapy,2,322,0.842,0.632,0.79,0.503,0.527,102.97,0.587
C04851,Solo Provider,Counseling,1,142,0.694,0.713,0.353,0.415,0.381,64.43,0.84
C04852,Small Practice,Therapy,3,563,0.501,0.74,0.621,0.699,0.427,101.95,0.59
C04853,Group Practice,Counseling,6,848,0.697,0.498,0.288,0.478,0.416,154.26,0.481
C04854,Solo Provider,Psychology,1,170,0.717,0.932,0.44,0.249,0.265,80.25,0.981
C04855,Solo Provider,Therapy,1,159,0.841,0.776,0.572,0.471,0.498,82.19,0.891
C04856,Group Practice,Counseling,7,644,0.651,0.534,0.705,0.636,0.535,153.62,0.508
C04857,Solo Provider,Psychiatry,1,178,0.619,0.569,0.34,0.526,0.358,42.87,0.661
C04858,Small Practice,Counseling,3,275,0.822,0.779,0.645,0.502,0.351,114.28,0.639
C04859,Solo Provider,Psychology,1,125,0.942,0.567,0.425,0.517,0.328,65.77,0.742
C04860,Solo Provider,Psychiatry,1,88,0.809,0.915,0.422,0.795,0.352,81.44,0.73
C04861,Small Practice,Therapy,3,428,0.794,0.696,0.434,0.449,0.273,96.42,0.753
C04862,Group Practice,Psychiatry,8,914,0.698,0.612,0.619,0.683,0.515,159.77,0.431
C04863,Solo Provider,Therapy,1,82,0.609,0.595,0.467,0.216,0.461,56.21,0.832
C04864,Small Practice,Counseling,3,403,0.597,0.412,0.444,0.505,0.542,116.29,0.697
C04865,Small Practice,Therapy,5,516,0.7,0.486,0.786,0.506,0.208,85.69,0.672
C04866,Solo Provider,Therapy,1,60,0.629,0.744,0.608,0.457,0.309,57.74,0.876
C04867,Solo Provider,Therapy,1,60,0.71,0.747,0.346,0.461,0.383,51.36,0.933
C04868,Solo Provider,Counseling,1,111,0.903,0.825,0.424,0.5,0.437,86.98,0.848
C04869,Solo Provider,Counseling,1,168,0.87,0.401,0.226,0.42,0.09,39.44,0.931
C04870,Small Practice,Psychology,2,167,0.569,0.364,0.657,0.426,0.672,102.44,0.791
C04871,Solo Provider,Therapy,1,140,0.649,1.0,0.529,0.484,0.276,72.21,0.889
C04872,Solo Provider,Psychology,1,149,0.743,0.854,0.627,0.586,0.13,60.19,0.702
C04873,Small Practice,Counseling,3,151,0.925,1.0,0.554,0.63,0.177,98.04,0.608
C04874,Small Practice,Therapy,5,458,0.787,0.569,0.241,0.703,0.621,107.87,0.679
C04875,Small Practice,Counseling,2,195,0.574,0.843,0.368,0.866,0.528,138.99,0.684
C04876,Small Practice,Therapy,2,573,0.635,0.466,0.416,0.507,0.272,97.66,0.538
C04877,Solo Provider,Counseling,1,109,0.979,0.664,0.555,0.197,0.497,71.7,0.699
C04878,Small Practice,Psychology,4,158,0.664,0.383,0.396,0.386,0.333,93.29,0.768
C04879,Solo Provider,Counseling,1,61,0.599,0.767,0.514,0.857,0.52,85.21,0.601
C04880,Solo Provider,Psychiatry,1,104,0.949,0.614,0.629,0.452,0.412,54.14,0.695
C04881,Solo Provider,Counseling,1,126,0.83,0.651,0.273,0.65,0.0,41.3,0.719
C04882,Small Practice,Counseling,5,251,0.635,0.664,0.571,0.697,0.544,108.65,0.73
C04883,Small Practice,Psychiatry,5,251,0.602,0.578,0.294,0.845,0.291,111.75,0.791
C04884,Solo Provider,Psychology,1,163,0.755,0.458,0.706,0.451,0.52,53.66,0.746
C04885,Group Practice,Psychiatry,15,909,0.609,0.733,0.221,0.668,0.711,184.29,0.464
C04886,Group Practice,Psychiatry,7,1584,0.831,0.417,0.519,0.828,0.254,153.54,0.439
C04887,Solo Provider,Counseling,1,137,0.745,0.656,0.323,0.516,0.378,60.98,0.739
C04888,Small Practice,Therapy,3,295,0.358,0.817,0.674,0.238,0.585,88.56,0.69
C04889,Solo Provider,Therapy,1,129,0.594,0.816,0.327,0.873,0.542,93.9,0.678
C04890,Large Practice,Psychiatry,25,4196,0.677,0.772,0.964,0.671,0.925,298.88,0.257
C04891,Solo Provider,Counseling,1,63,0.68,0.469,0.56,0.448,0.391,83.82,0.841
C04892,Solo Provider,Therapy,1,130,0.573,0.946,0.465,0.419,0.422,64.47,0.766
C04893,Solo Provider,Psychiatry,1,78,1.0,0.472,0.249,0.72,0.311,75.36,0.832
C04894,Solo Provider,Psychology,1,114,0.871,0.549,0.75,0.377,0.603,67.44,0.975
C04895,Small Practice,Psychiatry,4,165,0.653,0.924,0.537,0.639,0.4,114.36,0.697
C04896,Solo Provider,Psychology,1,152,0.61,0.969,0.434,0.687,0.179,80.18,0.868
C04897,Solo Provider,Psychology,1,146,0.861,0.523,0.536,0.253,0.39,63.98,0.721
C04898,Small Practice,Counseling,3,559,0.961,0.419,0.682,0.774,0.453,104.58,0.786
C04899,Group Practice,Counseling,8,853,0.624,0.779,0.555,0.474,0.394,157.12,0.45
C04900,Small Practice,Psychiatry,2,310,0.879,0.825,0.917,0.594,0.64,109.9,0.668
C04901,Solo Provider,Psychiatry,1,89,0.718,0.68,0.446,0.328,0.221,71.77,0.913
C04902,Solo Provider,Psychiatry,1,102,0.641,0.563,0.293,0.692,0.234,67.92,0.797
C04903,Solo Provider,Psychiatry,1,145,0.465,0.79,0.617,0.559,0.355,85.23,0.797
C04904,Group Practice,Counseling,8,519,0.697,0.526,0.15,0.782,0.494,193.01,0.362
C04905,Small Practice,Psychology,3,347,0.669,0.833,0.55,0.595,0.313,114.63,0.72
C04906,Small Practice,Psychology,3,238,0.416,0.821,0.589,0.679,0.411,96.89,0.746
C04907,Group Practice,Psychiatry,11,1012,0.543,0.858,0.608,0.671,0.613,190.62,0.426
C04908,Solo Provider,Psychology,1,123,0.847,0.34,0.481,0.538,0.554,57.5,0.745
C04909,Small Practice,Psychology,4,430,0.697,0.538,0.471,0.308,0.448,107.07,0.62
C04910,Solo Provider,Psychology,1,65,0.669,0.656,0.397,0.469,0.199,61.81,0.903
C04911,Solo Provider,Counseling,1,167,0.462,0.837,0.459,0.509,0.368,84.67,0.849
C04912,Solo Provider,Counseling,1,175,0.767,0.705,0.379,0.25,0.439,77.47,0.856
C04913,Solo Provider,Therapy,1,166,0.526,0.539,0.565,0.512,0.585,93.98,0.781
C04914,Group Practice,Therapy,7,1348,0.944,0.217,0.628,0.588,0.162,147.49,0.448
C04915,Solo Provider,Counseling,1,150,0.622,0.705,0.447,0.573,0.392,71.02,1.0
C04916,Group Practice,Psychiatry,11,1323,0.763,0.645,0.377,0.75,0.742,190.02,0.606
C04917,Small Practice,Psychiatry,3,169,0.739,0.972,0.461,0.333,0.735,88.63,0.548
C04918,Small Practice,Counseling,5,552,0.761,0.732,0.657,0.533,0.418,111.25,0.593
C04919,Group Practice,Psychology,11,874,0.836,0.488,0.428,0.782,0.469,155.21,0.351
C04920,Solo Provider,Therapy,1,77,0.741,0.748,0.531,0.548,0.365,57.6,0.793
C04921,Solo Provider,Therapy,1,173,0.435,1.0,0.471,0.438,0.248,65.89,0.905
C04922,Solo Provider,Counseling,1,77,0.654,0.706,0.407,0.651,0.687,70.76,0.758
C04923,Solo Provider,Counseling,1,147,0.576,0.622,0.171,0.699,0.168,62.52,0.719
C04924,Group Practice,Psychiatry,15,1790,0.572,0.616,0.719,0.566,0.602,180.51,0.291
C04925,Solo Provider,Counseling,1,145,0.822,0.57,0.313,0.476,0.148,56.22,0.78
C04926,Solo Provider,Therapy,1,71,0.633,0.625,0.546,0.335,0.512,93.62,0.913
C04927,Solo Provider,Counseling,1,140,0.921,0.826,0.494,0.305,0.502,91.14,0.824
C04928,Solo Provider,Therapy,1,153,0.811,0.84,0.378,0.554,0.079,78.25,0.855
C04929,Small Practice,Psychology,2,422,0.647,0.324,0.399,0.511,0.447,95.69,0.447
C04930,Solo Provider,Counseling,1,164,0.917,0.23,0.617,0.485,0.061,77.92,0.968
C04931,Small Practice,Psychology,4,289,0.714,0.529,0.52,0.641,0.341,110.31,0.564
C04932,Small Practice,Counseling,4,224,0.839,0.924,0.638,0.352,0.42,116.39,0.689
C04933,Small Practice,Psychiatry,3,480,0.691,0.562,0.646,0.6,0.446,130.45,0.58
C04934,Solo Provider,Psychiatry,1,155,0.737,0.634,0.502,0.49,0.175,46.44,0.83
C04935,Small Practice,Psychiatry,2,434,0.461,0.262,0.572,0.336,0.451,96.32,0.667
C04936,Solo Provider,Therapy,1,106,0.68,0.532,0.607,0.43,0.331,58.39,0.874
C04937,Solo Provider,Psychiatry,1,147,0.431,0.459,0.623,0.526,0.412,87.91,0.83
C04938,Small Practice,Therapy,5,475,0.681,0.655,0.522,0.696,0.564,91.61,0.628
C04939,Small Practice,Counseling,4,469,0.699,0.666,0.699,0.481,0.616,131.89,0.619
C04940,Solo Provider,Therapy,1,133,0.599,1.0,0.555,0.408,0.157,81.01,0.87
C04941,Group Practice,Therapy,10,952,0.75,0.931,0.69,0.508,0.438,182.31,0.506
C04942,Solo Provider,Psychology,1,138,0.863,0.716,0.567,0.571,0.513,70.42,0.875
C04943,Small Practice,Psychology,3,553,0.749,0.67,0.692,0.572,0.19,99.13,0.532
C04944,Large Practice,Therapy,29,3999,0.591,0.767,0.77,0.875,0.934,302.03,0.186
C04945,Small Practice,Psychology,5,303,0.67,0.664,0.563,0.575,0.444,89.57,0.645
C04946,Group Practice,Therapy,7,1538,0.539,0.718,0.66,0.653,0.343,164.67,0.482
C04947,Small Practice,Counseling,3,566,1.0,0.488,0.569,0.795,0.461,102.87,0.588
C04948,Small Practice,Therapy,3,521,0.714,0.673,0.457,0.778,0.398,123.95,0.495
C04949,Small Practice,Psychology,3,233,0.782,0.772,0.489,0.702,0.422,82.14,0.618
C04950,Small Practice,Psychology,2,308,1.0,0.79,0.675,0.959,0.339,91.9,0.641
C04951,Solo Provider,Psychiatry,1,131,0.66,0.588,0.63,0.642,0.513,73.76,0.683
C04952,Small Practice,Psychology,3,469,0.988,0.68,0.478,0.729,0.373,112.9,0.702
C04953,Solo Provider,Psychiatry,1,65,0.629,0.534,0.46,0.438,0.143,67.3,0.872
C04954,Large Practice,Psychology,36,2112,0.574,0.738,1.0,1.0,1.0,321.74,0.27
C04955,Solo Provider,Therapy,1,177,0.591,0.685,0.335,0.385,0.301,61.39,0.766
C04956,Solo Provider,Psychology,1,61,0.39,0.482,0.701,0.51,0.452,66.4,0.842
C04957,Group Practice,Counseling,15,741,0.618,1.0,0.595,0.973,0.558,194.63,0.418
C04958,Solo Provider,Counseling,1,156,0.559,0.647,0.244,0.574,0.402,58.81,0.873
C04959,Solo Provider,Psychiatry,1,151,0.811,0.728,0.484,0.848,0.439,93.44,0.754
C04960,Small Practice,Psychiatry,3,218,0.967,0.316,0.45,0.485,0.121,91.34,0.667
C04961,Solo Provider,Psychiatry,1,70,0.585,0.9,0.601,0.391,0.257,42.09,0.886
C04962,Solo Provider,Counseling,1,149,0.789,0.32,0.711,0.624,0.091,68.9,0.762
C04963,Solo Provider,Counseling,1,72,0.693,0.737,0.155,0.639,0.349,62.62,0.892
C04964,Solo Provider,Psychology,1,116,0.541,0.442,0.418,0.48,0.528,47.42,0.772
C04965,Solo Provider,Counseling,1,130,0.471,0.713,0.552,0.64,0.323,61.66,0.73
C04966,Solo Provider,Therapy,1,78,0.686,0.558,0.706,0.45,0.353,59.22,0.725
C04967,Solo Provider,Counseling,1,159,0.546,0.987,0.547,0.454,0.27,56.47,0.924
C04968,Solo Provider,Counseling,1,177,0.445,0.736,0.326,0.294,0.204,56.45,0.842
C04969,Solo Provider,Psychology,1,140,0.77,0.501,0.22,0.29,0.371,61.6,0.722
C04970,Small Practice,Psychology,3,433,0.605,1.0,0.536,0.506,0.204,97.56,0.615
C04971,Small Practice,Counseling,3,253,0.611,0.728,0.501,0.702,0.562,116.82,0.683
C04972,Solo Provider,Psychology,1,69,0.869,0.747,0.507,0.582,0.61,83.7,0.811
C04973,Solo Provider,Counseling,1,179,0.925,0.731,0.413,0.5,0.335,70.53,0.8
C04974,Group Practice,Therapy,11,1643,0.462,0.969,0.655,0.678,0.541,180.82,0.541
C04975,Small Practice,Psychology,4,396,0.663,0.875,0.54,0.542,0.357,118.43,0.618
C04976,Solo Provider,Psychiatry,1,109,0.563,0.771,0.571,0.549,0.34,76.06,0.652
C04977,Solo Provider,Counseling,1,140,0.725,0.659,0.58,0.36,0.226,61.8,0.853
C04978,Solo Provider,Counseling,1,100,0.397,0.649,0.736,0.605,0.19,77.85,0.847
C04979,Group Practice,Counseling,7,1458,0.657,0.884,0.326,0.536,0.444,181.9,0.408
C04980,Group Practice,Therapy,10,1532,0.655,0.467,0.791,0.752,0.527,186.54,0.515
C04981,Group Practice,Psychiatry,11,1044,0.611,0.651,0.325,0.574,0.429,158.16,0.467
C04982,Solo Provider,Therapy,1,134,0.733,0.632,0.535,0.613,0.332,60.74,0.804
C04983,Solo Provider,Counseling,1,140,0.596,0.934,0.435,0.51,0.356,61.07,0.837
C04984,Solo Provider,Psychiatry,1,94,0.841,0.382,0.493,0.372,0.067,45.25,0.792
C04985,Solo Provider,Psychology,1,169,0.5,1.0,0.546,0.608,0.36,68.17,0.681
C04986,Solo Provider,Psychiatry,1,114,0.411,0.972,0.452,0.37,0.386,53.78,0.662
C04987,Small Practice,Counseling,2,592,0.622,0.647,0.496,0.494,0.305,88.47,0.877
C04988,Solo Provider,Counseling,1,131,0.566,0.738,0.272,0.686,0.338,69.87,0.813
C04989,Group Practice,Counseling,6,1022,0.837,0.767,0.617,0.315,0.406,184.35,0.439
C04990,Solo Provider,Psychology,1,153,0.604,0.845,0.324,0.4,0.619,79.08,0.837
C04991,Solo Provider,Therapy,1,148,0.808,0.671,0.479,0.663,0.241,61.78,0.973
C04992,Group Practice,Counseling,9,582,0.776,0.551,0.658,0.63,0.247,154.87,0.441
C04993,Small Practice,Therapy,3,219,0.679,0.808,0.39,0.316,0.243,132.22,0.852
C04994,Solo Provider,Psychiatry,1,109,0.469,0.402,0.305,0.644,0.684,71.48,0.89
C04995,Small Practice,Psychiatry,5,446,0.774,0.484,0.482,0.575,0.572,114.11,0.6
C04996,Solo Provider,Psychiatry,1,74,0.741,0.668,0.406,0.533,0.354,77.44,0.722
C04997,Solo Provider,Counseling,1,170,0.726,0.642,0.579,0.543,0.539,79.13,0.811
C04998,Solo Provider,Therapy,1,176,0.96,0.878,0.441,0.696,0.208,80.31,0.78
C04999,Solo Provider,Psychology,1,75,0.587,0.645,0.465,0.496,0.186,47.28,0.85
C05000,Small Practice,Therapy,5,419,0.902,0.535,0.335,0.555,0.362,105.91,0.629
C05001,Solo Provider,Counseling,1,163,0.56,0.949,0.369,0.671,0.235,72.24,0.806
C05002,Small Practice,Psychology,2,155,0.662,0.561,0.419,0.409,0.436,101.55,0.833
C05003,Small Practice,Psychiatry,2,304,0.862,0.569,0.209,0.524,0.514,87.75,0.851
C05004,Solo Provider,Therapy,1,86,0.739,0.58,0.308,0.413,0.454,32.34,0.922
C05005,Solo Provider,Therapy,1,177,0.777,0.547,0.393,0.583,0.656,71.16,0.728
C05006,Solo Provider,Therapy,1,161,0.766,0.526,0.701,0.573,0.326,74.06,0.772
C05007,Small Practice,Psychiatry,2,159,0.525,0.623,0.48,0.56,0.582,113.66,0.507
C05008,Small Practice,Counseling,5,495,0.625,0.795,0.468,0.252,0.0,88.43,0.528
C05009,Small Practice,Therapy,4,161,0.79,0.604,0.298,0.483,0.389,108.06,0.824
C05010,Solo Provider,Psychology,1,151,0.452,0.593,0.569,0.516,0.124,65.93,0.882
C05011,Solo Provider,Psychiatry,1,169,0.579,0.832,0.193,0.248,0.258,41.76,0.83
C05012,Small Practice,Therapy,3,304,0.649,0.712,0.453,0.49,0.298,107.24,0.759
C05013,Solo Provider,Psychology,1,110,0.794,0.51,0.388,0.593,0.28,68.97,0.707
C05014,Small Practice,Psychology,2,535,0.669,0.811,0.502,0.346,0.457,109.61,0.59
C05015,Solo Provider,Counseling,1,169,0.648,0.515,0.338,0.952,0.024,77.79,0.624
C05016,Solo Provider,Psychology,1,63,0.833,0.715,0.166,0.604,0.221,68.58,0.79
C05017,Small Practice,Psychiatry,5,236,0.602,0.881,0.647,0.397,0.368,105.58,0.574
C05018,Solo Provider,Counseling,1,118,0.422,0.293,0.34,0.742,0.404,63.04,0.958
C05019,Small Practice,Therapy,2,552,0.449,0.501,0.387,0.112,0.26,87.35,0.565
C05020,Solo Provider,Psychology,1,101,0.694,0.708,0.222,0.319,0.507,74.23,0.774
C05021,Group Practice,Counseling,7,1657,0.728,0.745,0.472,0.471,0.374,171.38,0.442
C05022,Group Practice,Therapy,10,1705,0.873,0.965,0.468,0.822,0.527,179.57,0.488
C05023,Group Practice,Counseling,6,1726,0.752,0.587,0.477,0.368,0.372,173.07,0.572
C05024,Small Practice,Therapy,4,450,0.535,0.821,0.574,0.212,0.854,128.9,0.651
C05025,Small Practice,Psychiatry,4,437,0.544,0.685,0.29,0.527,0.259,101.16,0.63
C05026,Small Practice,Psychiatry,2,162,0.481,0.534,0.184,0.63,0.416,112.6,0.533
C05027,Solo Provider,Therapy,1,159,0.684,0.565,0.369,0.378,0.544,53.73,0.827
C05028,Solo Provider,Psychology,1,170,0.895,0.634,0.327,0.848,0.204,68.91,0.717
C05029,Small Practice,Psychiatry,3,241,0.587,0.252,0.5,0.358,0.35,82.13,0.569
C05030,Solo Provider,Psychology,1,76,0.605,0.499,0.61,0.343,0.33,43.45,0.796
C05031,Solo Provider,Psychiatry,1,121,0.532,0.643,0.453,0.378,0.364,70.47,0.827
C05032,Group Practice,Psychology,12,1406,0.881,0.669,0.422,0.594,0.376,192.94,0.535
C05033,Solo Provider,Counseling,1,85,0.874,0.847,0.511,0.602,0.51,77.23,0.66
C05034,Small Practice,Psychology,2,258,0.485,0.994,0.644,0.711,0.447,91.06,0.555
C05035,Small Practice,Therapy,2,585,0.805,0.748,0.737,0.471,0.332,88.68,0.651
C05036,Solo Provider,Psychiatry,1,121,0.925,0.605,0.503,0.65,0.255,68.93,0.828
C05037,Group Practice,Psychiatry,15,617,0.701,0.136,0.535,0.425,0.909,159.91,0.591
C05038,Solo Provider,Therapy,1,75,0.492,0.689,0.322,0.467,0.161,39.38,0.843
C05039,Group Practice,Therapy,11,1301,0.926,1.0,0.706,0.897,0.682,186.13,0.35
C05040,Small Practice,Therapy,4,244,0.873,0.649,0.593,0.491,0.36,110.81,0.503
C05041,Solo Provider,Counseling,1,79,0.626,0.419,0.376,0.56,0.468,79.11,0.782
C05042,Solo Provider,Psychiatry,1,97,0.657,0.825,0.365,0.291,0.226,55.6,0.714
C05043,Solo Provider,Counseling,1,101,0.997,0.556,0.409,0.538,0.17,72.78,0.815
C05044,Solo Provider,Psychology,1,98,0.897,0.715,0.431,0.484,0.429,68.26,0.795
C05045,Solo Provider,Psychology,1,130,0.56,0.771,0.51,0.383,0.591,52.3,0.821
C05046,Large Practice,Counseling,21,3558,0.599,0.576,0.737,0.899,0.719,257.22,0.362
C05047,Solo Provider,Psychology,1,101,0.705,0.519,0.434,0.639,0.248,66.84,0.726
C05048,Group Practice,Therapy,10,571,0.851,0.673,0.614,0.528,0.633,192.93,0.434
C05049,Solo Provider,Psychiatry,1,89,0.443,0.661,0.471,0.565,0.579,52.99,0.664
C05050,Large Practice,Psychology,22,2035,0.416,1.0,0.92,0.852,0.863,276.31,0.427
C05051,Solo Provider,Therapy,1,75,0.751,0.559,0.326,0.422,0.425,49.57,0.891
C05052,Solo Provider,Therapy,1,126,0.672,0.64,0.256,0.588,0.352,59.3,0.706
C05053,Small Practice,Therapy,4,361,0.847,0.711,0.796,0.738,0.505,128.03,0.58
C05054,Solo Provider,Psychology,1,172,0.812,0.21,0.391,0.274,0.325,59.97,0.646
C05055,Group Practice,Psychiatry,12,1661,0.602,0.592,0.663,0.636,0.768,190.74,0.381
C05056,Solo Provider,Therapy,1,153,0.739,0.364,0.478,0.497,0.294,79.37,0.977
C05057,Small Practice,Psychology,3,350,0.795,0.784,0.517,0.349,0.261,105.07,0.703
C05058,Small Practice,Psychology,2,158,0.897,0.919,0.702,0.777,0.384,105.72,0.517
C05059,Small Practice,Psychology,5,379,0.606,0.581,0.352,0.681,0.684,113.65,0.888
C05060,Solo Provider,Therapy,1,136,0.694,0.895,0.667,0.471,0.549,64.93,0.816
C05061,Solo Provider,Counseling,1,106,0.677,0.957,0.573,0.426,0.509,67.81,0.871
C05062,Solo Provider,Therapy,1,85,0.533,0.354,0.367,0.482,0.557,67.76,0.882
C05063,Solo Provider,Psychology,1,85,0.419,0.703,0.218,0.66,0.503,76.66,0.805
C05064,Solo Provider,Psychology,1,108,0.716,0.624,0.266,0.452,0.219,52.2,0.699
C05065,Group Practice,Therapy,13,652,0.847,0.689,0.819,0.792,0.659,192.98,0.529
C05066,Small Practice,Psychiatry,3,478,0.624,0.646,0.453,0.879,0.309,88.34,0.779
C05067,Small Practice,Therapy,4,369,0.759,0.668,0.483,0.374,0.322,96.92,0.7
C05068,Solo Provider,Psychiatry,1,176,0.555,0.812,0.462,0.568,0.532,43.33,0.955
C05069,Solo Provider,Psychology,1,76,0.448,1.0,0.488,0.677,0.274,81.72,0.764
C05070,Small Practice,Psychiatry,2,232,0.952,0.5,0.447,0.611,0.486,87.52,0.692
C05071,Solo Provider,Psychology,1,123,0.559,0.711,0.234,0.361,0.374,64.15,0.722
C05072,Solo Provider,Counseling,1,122,0.582,0.512,0.657,0.577,0.405,58.18,0.805
C05073,Solo Provider,Therapy,1,151,0.615,0.218,0.37,0.407,0.45,71.52,0.74
C05074,Small Practice,Psychiatry,3,160,0.722,0.644,0.6,0.741,0.256,93.93,0.826
C05075,Large Practice,Therapy,17,3276,0.621,0.921,0.546,0.826,0.325,257.91,0.381
C05076,Solo Provider,Psychology,1,86,0.596,0.638,0.412,0.259,0.25,54.73,0.88
C05077,Solo Provider,Therapy,1,162,0.581,0.658,0.538,0.623,0.419,70.18,0.921
C05078,Solo Provider,Counseling,1,118,0.831,0.522,0.404,0.241,0.64,65.2,1.0
C05079,Solo Provider,Psychiatry,1,105,0.815,0.776,0.493,0.719,0.178,43.81,0.782
C05080,Small Practice,Psychology,3,185,0.456,0.319,0.421,0.598,0.304,87.56,0.595
C05081,Solo Provider,Therapy,1,121,0.609,0.469,0.605,0.364,0.177,40.85,0.874
C05082,Small Practice,Psychiatry,4,405,0.546,0.664,0.361,0.55,0.344,81.55,0.552
C05083,Solo Provider,Therapy,1,174,0.619,0.736,0.566,0.39,0.261,64.45,0.783
C05084,Solo Provider,Psychology,1,156,0.635,0.584,0.422,0.101,0.307,75.0,0.878
C05085,Group Practice,Therapy,14,1536,0.714,0.436,0.578,0.538,0.391,170.06,0.356
C05086,Solo Provider,Therapy,1,131,0.491,0.818,0.556,0.504,0.425,59.74,0.831
C05087,Small Practice,Psychology,3,419,0.585,0.35,0.519,0.632,0.359,102.46,0.774
C05088,Solo Provider,Psychology,1,149,0.611,0.677,0.477,0.718,0.493,69.98,0.643
C05089,Group Practice,Psychiatry,13,780,0.919,0.475,0.675,0.537,0.287,175.02,0.324
C05090,Solo Provider,Psychiatry,1,127,0.785,0.746,0.265,0.565,0.51,65.01,0.851
C05091,Solo Provider,Psychiatry,1,128,0.723,0.901,0.72,0.622,0.376,74.7,0.797
C05092,Small Practice,Counseling,4,598,0.623,1.0,0.391,0.768,0.092,98.79,0.622
C05093,Solo Provider,Psychiatry,1,91,0.734,0.584,0.673,0.471,0.214,60.27,0.703
C05094,Solo Provider,Counseling,1,162,0.836,0.434,0.345,0.331,0.325,63.73,0.896
C05095,Large Practice,Therapy,32,2456,0.812,0.544,0.738,0.784,1.0,303.87,0.36
C05096,Small Practice,Therapy,3,189,0.722,0.59,0.26,0.752,0.39,101.09,0.605
C05097,Small Practice,Psychiatry,3,332,0.849,0.585,0.565,0.745,0.456,82.97,0.662
C05098,Small Practice,Therapy,2,344,0.546,0.313,0.209,0.379,0.459,96.11,0.766
C05099,Group Practice,Psychology,10,708,0.64,0.608,0.32,0.522,0.224,172.63,0.316
C05100,Group Practice,Psychiatry,8,1558,0.462,0.334,0.686,0.875,0.483,158.11,0.544
C05101,Small Practice,Psychiatry,3,468,0.593,0.77,0.491,0.21,0.271,72.86,0.667
C05102,Solo Provider,Psychology,1,125,0.744,0.395,0.546,0.281,0.434,62.29,0.882
C05103,Solo Provider,Therapy,1,167,0.923,0.509,0.385,0.621,0.431,55.06,0.776
C05104,Small Practice,Psychiatry,3,382,0.514,1.0,0.316,0.348,0.455,87.63,0.705
C05105,Group Practice,Counseling,8,1665,0.749,0.605,0.628,0.802,0.735,163.74,0.469
C05106,Solo Provider,Psychology,1,97,0.511,0.395,0.369,0.518,0.4,38.38,0.913
C05107,Solo Provider,Psychology,1,75,0.769,0.145,0.533,0.976,0.484,70.63,0.831
C05108,Solo Provider,Psychology,1,105,0.735,0.927,0.413,0.715,0.438,85.99,0.963
C05109,Small Practice,Psychiatry,5,501,0.719,0.594,0.672,0.46,0.457,91.99,0.631
C05110,Group Practice,Counseling,15,1003,0.471,0.569,0.775,0.709,0.643,201.85,0.364
C05111,Solo Provider,Counseling,1,145,0.806,0.884,0.235,0.443,0.293,53.06,0.827
C05112,Small Practice,Psychiatry,4,327,0.692,0.549,0.488,0.7,0.179,94.87,0.639
C05113,Small Practice,Counseling,2,502,0.612,0.438,0.539,0.995,0.371,96.28,0.577
C05114,Group Practice,Therapy,6,806,0.568,0.884,0.294,0.605,0.558,173.68,0.526
C05115,Solo Provider,Psychiatry,1,144,0.74,0.858,0.316,0.402,0.308,69.89,0.948
C05116,Group Practice,Psychiatry,8,1702,0.673,0.797,0.337,0.526,0.461,163.36,0.403
C05117,Small Practice,Psychology,3,291,0.736,0.865,0.182,0.789,0.307,97.47,0.782
C05118,Small Practice,Psychology,5,511,0.538,0.431,0.612,0.107,0.258,90.94,0.727
C05119,Solo Provider,Psychiatry,1,167,0.928,0.987,0.465,0.729,0.596,72.42,0.798
C05120,Small Practice,Psychiatry,3,469,0.482,0.752,0.446,0.546,0.41,100.61,0.565
C05121,Small Practice,Psychology,5,412,0.628,0.45,0.394,0.176,0.376,99.43,0.699
C05122,Solo Provider,Psychiatry,1,101,0.863,0.479,0.393,0.668,0.355,93.75,0.818
C05123,Solo Provider,Psychiatry,1,64,0.627,0.471,0.422,0.686,0.454,73.17,0.943
C05124,Small Practice,Psychiatry,4,153,0.794,0.669,0.51,0.755,0.381,95.42,0.708
C05125,Small Practice,Counseling,5,556,0.61,0.594,0.607,0.373,0.666,107.86,0.553
C05126,Solo Provider,Psychology,1,176,0.702,0.704,0.533,0.897,0.278,71.38,0.831
C05127,Solo Provider,Therapy,1,164,0.767,0.69,0.241,0.435,0.222,51.46,0.755
C05128,Solo Provider,Counseling,1,101,0.622,0.576,0.406,0.462,0.229,51.11,0.804
C05129,Group Practice,Psychology,14,546,0.692,0.185,1.0,0.757,0.65,191.02,0.398
C05130,Large Practice,Psychiatry,24,4547,0.774,0.347,0.62,0.667,1.0,286.07,0.19
C05131,Solo Provider,Psychology,1,163,0.704,0.962,0.54,0.16,0.375,79.7,0.754
C05132,Solo Provider,Therapy,1,147,0.685,0.391,0.445,0.394,0.044,57.3,0.783
C05133,Solo Provider,Therapy,1,71,0.853,0.599,0.24,0.37,0.365,63.06,0.922
C05134,Solo Provider,Psychiatry,1,139,0.68,0.607,0.464,0.837,0.355,71.67,0.774
C05135,Group Practice,Counseling,13,1055,0.466,0.337,0.536,0.857,0.759,183.13,0.338
C05136,Small Practice,Psychiatry,5,220,0.591,0.886,0.639,0.621,0.45,127.31,0.494
C05137,Solo Provider,Psychiatry,1,98,0.761,0.517,0.367,0.596,0.533,60.84,0.972
C05138,Solo Provider,Counseling,1,170,0.676,0.273,0.096,0.601,0.24,44.85,0.603
C05139,Solo Provider,Counseling,1,87,0.758,0.355,0.65,0.394,0.409,66.49,0.804
C05140,Group Practice,Psychiatry,13,1788,0.696,0.698,0.615,0.673,0.749,195.27,0.403
C05141,Small Practice,Therapy,4,405,0.914,0.397,0.706,0.458,0.739,121.92,0.694
C05142,Small Practice,Psychology,2,229,0.802,0.772,0.459,0.654,0.0,96.39,0.586
C05143,Solo Provider,Psychology,1,91,0.775,0.825,0.427,0.446,0.499,78.64,0.915
C05144,Group Practice,Counseling,7,524,1.0,0.664,0.587,0.862,0.705,168.5,0.521
C05145,Solo Provider,Counseling,1,172,0.778,1.0,0.907,0.41,0.496,74.69,0.719
C05146,Group Practice,Psychology,6,1428,0.95,0.693,0.584,0.58,0.514,161.2,0.491
C05147,Group Practice,Therapy,10,860,0.501,0.36,0.629,0.481,0.677,151.46,0.474
C05148,Solo Provider,Therapy,1,144,0.638,0.268,0.293,0.429,0.226,66.99,0.988
C05149,Group Practice,Psychology,15,1537,0.914,0.475,0.625,0.825,0.453,192.18,0.519
C05150,Solo Provider,Psychology,1,78,0.97,0.732,0.484,0.257,0.4,65.26,0.752
C05151,Small Practice,Psychiatry,3,381,0.774,0.472,0.527,0.359,0.134,100.18,0.616
C05152,Solo Provider,Psychiatry,1,116,0.583,0.675,0.411,0.336,0.452,68.98,0.735
C05153,Solo Provider,Psychology,1,120,0.721,0.762,0.518,0.664,0.465,82.79,0.83
C05154,Solo Provider,Psychiatry,1,101,0.644,0.744,0.468,0.827,0.409,75.78,0.671
C05155,Solo Provider,Therapy,1,63,0.809,0.784,0.374,0.336,0.388,55.4,0.71
C05156,Solo Provider,Counseling,1,148,0.624,0.762,0.242,0.384,0.728,83.61,0.995
C05157,Solo Provider,Psychiatry,1,141,0.813,0.581,0.059,0.415,0.297,65.64,0.803
C05158,Small Practice,Psychiatry,3,224,0.705,0.469,0.466,0.645,0.387,108.46,0.57
C05159,Solo Provider,Therapy,1,99,0.529,0.492,0.527,0.379,0.315,61.85,0.802
C05160,Solo Provider,Psychiatry,1,134,0.749,0.485,0.713,0.444,0.459,65.6,0.873
C05161,Large Practice,Counseling,30,1514,0.809,0.394,0.71,0.963,0.86,291.69,0.229
C05162,Group Practice,Therapy,6,948,1.0,0.833,0.416,0.519,0.548,161.76,0.352
C05163,Solo Provider,Therapy,1,159,0.655,0.491,0.629,0.391,0.351,84.44,0.812
C05164,Solo Provider,Therapy,1,99,1.0,0.585,0.432,0.671,0.656,90.99,0.774
C05165,Small Practice,Therapy,3,497,0.586,0.647,0.489,0.361,0.429,103.7,0.658
C05166,Small Practice,Psychology,5,252,0.6,1.0,0.558,0.781,0.506,105.0,0.801
C05167,Solo Provider,Psychiatry,1,61,0.687,0.569,0.379,0.557,0.331,61.72,0.657
C05168,Small Practice,Counseling,2,560,0.832,0.39,0.403,0.396,0.498,110.68,0.595
C05169,Solo Provider,Psychiatry,1,73,0.773,0.849,0.285,0.47,0.431,51.79,0.82
C05170,Solo Provider,Psychology,1,77,0.804,0.659,0.484,0.474,0.0,68.03,0.855
C05171,Small Practice,Therapy,5,564,0.477,0.554,0.674,0.491,0.443,109.91,0.617
C05172,Small Practice,Psychiatry,5,186,0.67,0.847,0.387,0.513,0.598,114.83,0.725
C05173,Group Practice,Psychiatry,8,1663,0.756,0.609,0.735,0.516,0.345,161.68,0.312
C05174,Solo Provider,Therapy,1,142,0.593,0.438,0.521,0.351,0.45,95.32,0.872
C05175,Solo Provider,Psychiatry,1,98,0.632,0.621,0.353,0.313,0.305,46.61,0.722
C05176,Solo Provider,Psychiatry,1,167,0.539,0.752,0.593,0.365,0.578,68.7,0.84
C05177,Solo Provider,Psychiatry,1,166,0.433,0.342,0.701,0.736,0.608,89.75,0.986
C05178,Solo Provider,Psychology,1,172,0.784,0.527,0.501,0.639,0.483,46.88,0.787
C05179,Small Practice,Counseling,4,510,0.771,0.559,0.61,0.341,0.626,124.51,0.556
C05180,Small Practice,Counseling,4,231,0.791,0.482,0.509,0.731,0.557,102.45,0.568
C05181,Small Practice,Therapy,4,513,0.431,0.5,0.382,0.292,0.391,95.79,0.647
C05182,Solo Provider,Psychology,1,111,0.58,0.546,0.417,0.651,0.266,61.18,0.632
C05183,Solo Provider,Counseling,1,168,0.458,0.578,0.332,0.499,0.431,70.07,0.746
C05184,Small Practice,Counseling,2,252,0.66,0.594,0.451,0.29,0.112,92.75,0.762
C05185,Solo Provider,Psychiatry,1,62,0.619,0.841,0.895,0.257,0.362,49.39,0.867
C05186,Group Practice,Counseling,15,1249,0.843,0.64,0.571,0.401,0.669,173.91,0.31
C05187,Solo Provider,Counseling,1,154,0.649,0.452,0.323,0.673,0.393,71.63,0.802
C05188,Small Practice,Psychiatry,5,472,0.755,0.727,0.371,0.661,0.475,129.05,0.676
C05189,Group Practice,Counseling,13,917,0.561,0.673,0.647,0.468,0.28,186.35,0.443
C05190,Small Practice,Psychology,3,540,0.742,0.933,0.521,0.502,0.435,89.87,0.577
C05191,Small Practice,Counseling,2,349,0.628,0.806,0.263,0.358,0.507,94.93,0.614
C05192,Small Practice,Psychology,5,452,0.99,0.751,0.563,0.594,0.501,108.37,0.835
C05193,Solo Provider,Counseling,1,97,0.725,0.655,0.601,0.802,0.28,73.77,0.845
C05194,Small Practice,Counseling,3,416,0.846,0.931,0.618,0.429,0.2,88.78,0.714
C05195,Group Practice,Counseling,15,1404,0.731,0.782,0.625,0.645,0.603,184.79,0.358
C05196,Large Practice,Psychiatry,29,3140,0.81,1.0,0.894,1.0,0.833,329.21,0.165
C05197,Solo Provider,Psychology,1,122,0.842,0.689,0.643,0.501,0.193,95.49,0.734
C05198,Solo Provider,Psychology,1,147,0.748,1.0,0.41,0.633,0.175,94.24,0.803
C05199,Small Practice,Counseling,2,447,0.596,0.799,0.497,0.846,0.35,108.13,0.657
C05200,Small Practice,Psychiatry,2,580,0.505,0.4,0.0,0.51,0.191,99.16,0.596
C05201,Solo Provider,Psychiatry,1,134,0.803,0.366,0.362,0.808,0.304,96.19,0.929
C05202,Solo Provider,Psychology,1,69,0.637,0.53,0.141,0.562,0.425,80.27,0.877
C05203,Solo Provider,Counseling,1,150,0.981,0.599,0.52,0.501,0.252,69.85,0.68
C05204,Solo Provider,Counseling,1,113,0.555,0.61,0.403,0.45,0.098,69.14,0.483
C05205,Solo Provider,Therapy,1,131,0.316,0.725,0.498,0.287,0.503,76.64,0.914
C05206,Solo Provider,Counseling,1,173,0.962,0.83,0.34,0.515,0.426,66.96,0.952
C05207,Solo Provider,Counseling,1,168,0.452,0.807,0.496,0.365,0.484,50.5,0.766
C05208,Group Practice,Therapy,14,1453,0.391,0.676,0.643,0.389,0.651,201.33,0.381
C05209,Solo Provider,Therapy,1,177,0.851,0.69,0.091,0.418,0.273,63.04,0.921
C05210,Solo Provider,Therapy,1,149,0.853,0.944,0.684,0.605,0.327,73.2,0.843
C05211,Solo Provider,Counseling,1,77,0.818,0.548,0.601,0.52,0.426,66.77,0.68
C05212,Solo Provider,Counseling,1,127,0.673,0.228,0.28,0.57,0.594,60.7,0.777
C05213,Large Practice,Psychology,16,4607,0.702,0.784,0.646,0.623,0.761,260.04,0.367
C05214,Group Practice,Psychology,14,1707,0.45,0.373,0.565,0.722,0.352,182.69,0.29
C05215,Solo Provider,Psychiatry,1,176,0.935,0.846,0.189,0.579,0.511,67.71,0.75
C05216,Solo Provider,Counseling,1,147,0.773,0.718,0.574,0.549,0.274,58.91,0.755
C05217,Solo Provider,Therapy,1,108,0.631,0.751,0.349,0.694,0.22,75.89,0.82
C05218,Solo Provider,Psychiatry,1,149,0.423,0.674,0.354,0.287,0.401,63.82,0.675
C05219,Solo Provider,Therapy,1,93,0.918,0.704,0.43,0.485,0.505,65.22,0.769
C05220,Solo Provider,Counseling,1,135,0.566,0.811,0.392,0.606,0.463,59.8,0.704
C05221,Solo Provider,Psychology,1,69,0.787,0.675,0.438,0.59,0.52,64.67,0.796
C05222,Small Practice,Psychology,2,490,0.579,0.676,0.48,0.385,0.325,104.56,0.618
C05223,Solo Provider,Counseling,1,91,0.579,0.583,0.55,0.636,0.407,83.12,0.871
C05224,Solo Provider,Therapy,1,170,0.724,0.506,0.453,0.281,0.427,65.01,0.751
C05225,Solo Provider,Counseling,1,87,0.643,0.691,0.446,0.405,0.203,47.59,0.836
C05226,Solo Provider,Therapy,1,165,0.969,0.882,0.227,0.619,0.539,76.83,0.741
C05227,Solo Provider,Counseling,1,137,0.802,0.57,0.617,0.488,0.32,78.7,0.865
C05228,Solo Provider,Psychology,1,121,0.35,0.127,0.516,0.399,0.17,90.86,0.763
C05229,Solo Provider,Counseling,1,127,0.833,0.513,0.247,0.408,0.155,50.43,0.643
C05230,Solo Provider,Therapy,1,86,0.536,0.624,0.49,0.378,0.462,63.69,0.734
C05231,Group Practice,Counseling,8,969,0.712,1.0,0.689,0.567,0.32,169.3,0.613
C05232,Group Practice,Counseling,9,1726,0.603,1.0,0.567,0.685,0.482,170.47,0.443
C05233,Solo Provider,Therapy,1,145,0.707,0.397,0.524,0.492,0.425,60.27,0.767
C05234,Solo Provider,Psychology,1,128,0.834,0.985,0.186,0.526,0.287,39.98,0.709
C05235,Small Practice,Counseling,3,276,0.627,0.552,0.675,0.461,0.332,89.99,0.516
C05236,Small Practice,Psychiatry,5,369,0.792,0.882,0.399,0.621,0.597,131.33,0.708
C05237,Solo Provider,Psychiatry,1,78,0.7,0.226,0.528,0.614,0.54,69.03,0.721
C05238,Solo Provider,Psychiatry,1,114,0.461,0.36,0.542,0.727,0.563,95.31,0.844
C05239,Solo Provider,Psychology,1,173,0.835,0.413,0.0,0.43,0.35,57.08,0.823
C05240,Small Practice,Counseling,5,482,0.961,0.783,0.41,0.133,0.279,94.06,0.784
C05241,Solo Provider,Psychology,1,141,0.802,0.765,0.457,0.497,0.268,55.07,1.0
C05242,Solo Provider,Psychology,1,123,0.825,0.761,0.447,0.26,0.196,66.15,0.723
C05243,Solo Provider,Counseling,1,143,0.834,0.707,0.504,0.689,0.055,47.41,0.579
C05244,Solo Provider,Counseling,1,169,0.399,0.648,0.328,0.538,0.347,58.19,0.825
C05245,Solo Provider,Psychiatry,1,69,0.806,0.913,0.655,0.45,0.238,92.45,0.82
C05246,Small Practice,Counseling,3,263,0.826,0.791,0.611,0.752,0.206,106.05,0.554
C05247,Small Practice,Psychiatry,4,367,0.884,0.642,0.66,0.476,0.298,103.35,0.517
C05248,Solo Provider,Psychology,1,143,0.851,0.751,0.473,0.522,0.305,53.87,0.622
C05249,Solo Provider,Psychiatry,1,157,0.818,0.625,0.268,0.744,0.623,78.6,0.92
C05250,Group Practice,Counseling,15,547,0.696,0.679,0.769,0.8,0.688,207.76,0.122
C05251,Solo Provider,Psychology,1,108,0.496,0.686,0.51,0.245,0.272,48.78,0.689
C05252,Solo Provider,Psychology,1,63,0.786,0.538,0.479,0.637,0.303,84.07,0.878
C05253,Solo Provider,Psychiatry,1,170,0.79,0.804,0.524,0.656,0.192,73.24,0.793
C05254,Group Practice,Psychology,12,1107,1.0,0.616,0.363,0.653,0.69,182.44,0.363
C05255,Small Practice,Counseling,3,319,0.691,0.542,0.66,0.904,0.278,101.56,0.519
C05256,Group Practice,Psychiatry,12,1756,0.661,0.716,0.493,0.947,0.522,174.27,0.475
C05257,Small Practice,Counseling,5,332,0.699,0.669,0.654,0.273,0.297,104.02,0.581
C05258,Solo Provider,Psychiatry,1,111,0.531,0.633,0.368,0.489,0.252,65.38,0.699
C05259,Solo Provider,Therapy,1,68,0.822,0.85,0.65,0.485,0.649,64.87,0.876
C05260,Solo Provider,Psychology,1,70,0.6,0.677,0.597,0.473,0.222,51.4,0.879
C05261,Small Practice,Psychology,5,229,0.706,0.408,0.792,0.563,0.262,85.41,0.655
C05262,Small Practice,Psychiatry,5,496,0.829,1.0,0.54,0.448,0.471,116.32,0.794
C05263,Solo Provider,Psychology,1,150,0.814,0.741,0.255,0.264,0.131,45.09,0.68
C05264,Group Practice,Psychology,8,1092,0.594,0.668,0.533,0.629,0.505,177.52,0.324
C05265,Solo Provider,Counseling,1,70,0.598,0.522,0.419,0.65,0.274,69.98,0.809
C05266,Solo Provider,Counseling,1,154,0.73,0.397,0.484,0.356,0.104,52.43,0.754
C05267,Solo Provider,Counseling,1,82,1.0,0.826,0.583,0.443,0.34,62.9,1.0
C05268,Group Practice,Psychiatry,8,1668,0.976,0.52,0.592,0.593,0.361,156.56,0.527
C05269,Group Practice,Therapy,15,1406,0.764,0.812,0.646,0.746,0.774,180.17,0.309
C05270,Solo Provider,Therapy,1,127,0.823,0.674,0.603,0.45,0.558,63.0,0.793
C05271,Large Practice,Psychology,30,1871,0.824,0.569,0.835,0.962,0.74,296.33,0.332
C05272,Group Practice,Psychology,7,1389,0.397,0.487,0.593,0.763,0.456,149.58,0.522
C05273,Group Practice,Psychology,9,1567,0.742,0.639,0.699,0.564,0.475,167.37,0.515
C05274,Group Practice,Therapy,9,1759,0.77,0.477,0.798,0.295,0.467,193.61,0.613
C05275,Solo Provider,Psychology,1,157,0.686,0.849,0.581,0.428,0.438,50.97,0.714
C05276,Small Practice,Counseling,5,228,0.784,0.437,0.504,0.358,0.371,111.32,0.606
C05277,Small Practice,Psychology,5,383,0.511,0.959,0.599,0.712,0.531,118.47,0.744
C05278,Small Practice,Psychology,4,166,0.719,0.571,0.643,0.503,0.44,111.38,0.687
C05279,Solo Provider,Therapy,1,165,0.73,0.466,0.492,0.645,0.638,83.53,0.858
C05280,Small Practice,Psychiatry,5,590,0.781,0.449,0.705,0.379,0.293,123.97,0.725
C05281,Large Practice,Psychology,39,4371,0.647,0.472,0.971,0.989,1.0,336.4,0.197
C05282,Solo Provider,Psychology,1,164,0.896,0.989,0.216,0.375,0.406,61.21,0.8
C05283,Large Practice,Psychology,17,4288,0.55,1.0,0.491,0.439,0.478,253.21,0.319
C05284,Solo Provider,Psychology,1,101,0.594,0.666,0.478,0.78,0.635,85.53,0.785
C05285,Solo Provider,Psychology,1,96,0.724,0.789,0.523,0.637,0.496,74.71,0.842
C05286,Solo Provider,Psychiatry,1,107,0.68,0.546,0.232,0.584,0.472,58.94,0.628
C05287,Small Practice,Psychology,4,494,0.678,0.66,0.647,0.53,0.48,111.61,0.542
C05288,Small Practice,Psychiatry,5,439,0.505,0.559,0.607,0.569,0.322,108.4,0.738
C05289,Solo Provider,Psychiatry,1,176,0.857,0.49,0.68,0.781,0.505,82.2,0.849
C05290,Small Practice,Psychiatry,3,270,0.494,0.542,0.479,0.361,0.619,122.45,0.7
C05291,Solo Provider,Psychology,1,174,0.49,0.885,0.397,0.744,0.594,86.63,0.935
C05292,Solo Provider,Counseling,1,114,0.765,0.648,0.748,0.558,0.31,84.37,0.844
C05293,Group Practice,Psychology,7,578,0.537,0.844,0.658,0.525,0.352,184.68,0.593
C05294,Small Practice,Therapy,2,477,0.504,0.612,0.489,0.779,0.507,105.94,0.628
C05295,Small Practice,Psychology,4,587,0.812,0.952,0.728,0.76,0.307,99.95,0.58
C05296,Small Practice,Psychiatry,3,336,0.63,0.757,0.606,0.578,0.54,89.62,0.588
C05297,Large Practice,Therapy,39,3060,0.83,0.987,1.0,0.94,1.0,344.66,0.165
C05298,Solo Provider,Therapy,1,73,0.825,0.313,0.541,0.833,0.419,69.82,0.796
C05299,Solo Provider,Counseling,1,81,0.599,0.675,0.29,0.597,0.542,73.91,0.762
C05300,Solo Provider,Psychiatry,1,126,0.736,0.647,0.532,0.675,0.438,78.67,0.891
C05301,Small Practice,Therapy,3,181,0.755,0.719,0.606,0.532,0.479,84.8,0.566
C05302,Small Practice,Therapy,3,253,0.588,1.0,0.382,0.674,0.304,90.0,0.652
C05303,Small Practice,Psychology,5,541,0.749,0.586,0.643,0.78,0.207,96.71,0.759
C05304,Solo Provider,Counseling,1,173,0.65,0.398,0.259,0.181,0.307,51.89,0.806
C05305,Solo Provider,Psychiatry,1,87,0.406,0.652,0.583,0.554,0.648,75.58,0.796
C05306,Small Practice,Therapy,5,194,0.583,0.62,0.651,0.709,0.494,116.83,0.808
C05307,Large Practice,Psychiatry,19,2596,0.925,0.521,0.949,0.562,0.652,273.63,0.116
C05308,Solo Provider,Psychology,1,67,0.899,0.481,0.423,0.474,0.336,66.24,0.695
C05309,Solo Provider,Therapy,1,148,0.625,0.691,0.498,0.445,0.41,71.88,0.762
C05310,Solo Provider,Psychiatry,1,134,0.689,0.397,0.195,0.149,0.306,46.62,0.883
C05311,Solo Provider,Therapy,1,97,0.602,0.5,0.795,0.376,0.165,64.37,0.711
C05312,Solo Provider,Psychiatry,1,122,0.614,0.701,0.355,0.412,0.262,70.54,0.791
C05313,Solo Provider,Therapy,1,123,0.911,0.414,0.309,0.356,0.367,54.58,0.692
C05314,Small Practice,Therapy,4,507,0.861,0.775,0.558,0.435,0.425,114.13,0.764
C05315,Solo Provider,Therapy,1,110,0.833,0.821,0.416,0.62,0.311,84.01,0.86
C05316,Solo Provider,Psychology,1,60,0.789,0.721,0.673,0.365,0.585,74.1,0.813
C05317,Solo Provider,Psychiatry,1,101,0.632,0.439,0.686,0.581,0.313,63.66,0.835
C05318,Group Practice,Counseling,7,1081,0.673,0.397,0.591,0.854,0.38,161.21,0.529
C05319,Solo Provider,Psychiatry,1,158,0.568,0.761,0.667,0.545,0.448,68.14,0.853
C05320,Solo Provider,Therapy,1,75,0.896,0.557,0.229,0.355,0.46,65.55,0.761
C05321,Solo Provider,Therapy,1,103,0.727,0.847,0.694,0.347,0.508,56.74,0.82
C05322,Small Practice,Counseling,2,594,0.977,0.517,0.446,0.251,0.368,119.87,0.666
C05323,Group Practice,Psychology,7,1382,0.845,0.704,0.89,0.614,0.468,179.87,0.535
C05324,Solo Provider,Psychiatry,1,86,0.84,0.751,0.244,0.601,0.443,72.36,0.726
C05325,Solo Provider,Psychology,1,156,0.738,0.773,0.609,0.631,0.235,80.62,0.653
C05326,Solo Provider,Psychology,1,119,0.761,0.739,0.717,0.239,0.638,81.84,0.744
C05327,Small Practice,Therapy,4,488,0.648,0.378,0.409,0.627,0.475,95.41,0.745
C05328,Group Practice,Psychology,8,1608,0.71,0.764,0.647,0.516,0.532,181.54,0.496
C05329,Solo Provider,Therapy,1,84,0.605,0.44,0.658,0.293,0.523,59.07,0.709
C05330,Solo Provider,Therapy,1,65,0.688,0.389,0.319,0.228,0.468,61.08,0.799
C05331,Small Practice,Psychology,4,264,0.697,0.563,0.653,0.248,0.206,100.99,0.786
C05332,Small Practice,Psychiatry,3,413,0.748,0.364,0.69,0.692,0.719,96.53,0.62
C05333,Solo Provider,Therapy,1,127,0.622,0.719,0.19,0.511,0.216,77.44,0.749
C05334,Solo Provider,Therapy,1,172,0.85,0.781,0.56,0.467,0.361,54.69,0.643
C05335,Solo Provider,Psychology,1,176,0.532,0.774,0.458,0.461,0.277,72.21,0.845
C05336,Small Practice,Psychology,3,255,0.832,0.492,0.416,0.504,0.452,100.57,0.681
C05337,Small Practice,Therapy,2,277,0.68,0.399,0.681,0.691,0.179,114.59,0.668
C05338,Small Practice,Psychiatry,2,375,0.816,0.85,0.52,0.888,0.483,107.74,0.66
C05339,Group Practice,Psychiatry,6,684,0.615,0.45,0.405,0.548,0.578,165.59,0.483
C05340,Solo Provider,Counseling,1,105,1.0,0.953,0.328,0.632,0.19,52.03,0.827
C05341,Solo Provider,Counseling,1,115,0.794,0.568,0.303,0.395,0.226,75.4,0.841
C05342,Solo Provider,Psychiatry,1,178,0.67,0.835,0.379,0.495,0.636,84.46,0.782
C05343,Group Practice,Psychology,10,1357,0.697,0.496,0.61,0.661,0.643,175.85,0.392
C05344,Small Practice,Counseling,3,430,0.519,0.204,0.397,0.64,0.416,99.29,0.554
C05345,Solo Provider,Psychiatry,1,111,0.465,0.589,0.577,0.465,0.141,49.35,0.973
C05346,Solo Provider,Therapy,1,107,0.756,0.8,0.528,0.472,0.096,49.8,0.917
C05347,Small Practice,Psychiatry,4,408,0.867,0.43,0.325,0.481,0.56,105.26,0.59
C05348,Small Practice,Psychology,3,342,0.818,0.536,0.387,0.36,0.245,91.45,0.756
C05349,Small Practice,Counseling,4,260,0.449,0.601,0.387,0.376,0.306,82.66,0.662
C05350,Solo Provider,Psychiatry,1,75,0.833,0.55,0.305,0.691,0.355,74.19,0.783
C05351,Group Practice,Therapy,7,673,0.71,0.367,0.429,0.901,0.32,187.58,0.457
C05352,Small Practice,Therapy,2,388,0.744,0.506,0.387,0.471,0.437,99.47,0.777
C05353,Small Practice,Psychiatry,2,558,0.686,0.744,0.531,0.482,0.218,94.06,0.758
C05354,Small Practice,Therapy,3,396,0.599,0.524,0.57,0.321,0.229,105.14,0.801
C05355,Group Practice,Therapy,10,1348,0.539,0.69,0.589,0.545,0.517,148.85,0.307
C05356,Group Practice,Psychology,11,1620,0.724,0.695,0.73,0.719,0.771,186.79,0.568
C05357,Small Practice,Counseling,5,349,0.734,0.374,0.663,0.66,0.191,99.64,0.805
C05358,Solo Provider,Therapy,1,106,0.681,0.624,0.439,0.919,0.329,72.03,0.768
C05359,Solo Provider,Psychology,1,76,0.744,0.502,0.54,0.335,0.28,56.62,0.7
C05360,Group Practice,Psychology,9,1043,0.333,0.592,0.355,0.903,0.458,174.56,0.521
C05361,Small Practice,Psychology,5,529,0.637,0.783,0.626,0.707,0.342,102.59,0.708
C05362,Solo Provider,Counseling,1,102,0.852,0.826,0.259,0.559,0.204,51.22,0.883
C05363,Solo Provider,Counseling,1,161,0.811,0.662,0.594,0.562,0.603,69.93,0.69
C05364,Group Practice,Psychiatry,7,1178,0.656,0.436,0.347,0.32,0.405,164.28,0.475
C05365,Group Practice,Counseling,15,1492,0.842,0.447,0.564,0.713,0.651,185.58,0.588
C05366,Large Practice,Therapy,18,4549,0.679,0.714,0.778,0.712,0.528,273.67,0.328
C05367,Solo Provider,Counseling,1,103,0.716,0.153,0.439,0.627,0.221,55.1,0.907
C05368,Small Practice,Therapy,2,339,0.731,0.484,0.617,0.739,0.221,123.42,0.631
C05369,Group Practice,Therapy,6,926,0.458,0.86,0.027,0.676,0.329,161.05,0.496
C05370,Solo Provider,Therapy,1,154,0.788,0.561,0.375,0.67,0.369,66.29,0.743
C05371,Solo Provider,Therapy,1,75,0.66,0.588,0.531,0.364,0.596,46.93,0.822
C05372,Large Practice,Psychiatry,28,1626,0.56,0.645,0.847,0.951,0.954,319.52,0.322
C05373,Solo Provider,Psychology,1,150,0.905,0.901,0.516,0.59,0.511,68.7,0.768
C05374,Small Practice,Psychology,3,549,0.744,0.566,0.387,0.36,0.256,88.16,0.586
C05375,Small Practice,Therapy,3,310,0.584,0.739,0.79,0.748,0.245,90.71,0.62
C05376,Small Practice,Psychiatry,5,301,0.738,0.681,0.368,0.45,0.583,96.91,0.69
C05377,Solo Provider,Therapy,1,96,0.507,0.637,0.447,0.293,0.322,54.02,0.752
C05378,Small Practice,Therapy,2,385,0.741,0.666,0.668,0.558,0.507,106.92,0.518
C05379,Solo Provider,Psychology,1,129,0.809,0.696,0.701,0.354,0.261,65.2,0.834
C05380,Group Practice,Psychology,7,668,0.756,0.561,0.623,0.295,0.432,165.68,0.466
C05381,Solo Provider,Therapy,1,113,0.805,0.606,0.532,0.5,0.478,38.92,0.646
C05382,Small Practice,Psychiatry,3,520,0.615,0.343,0.471,0.448,0.459,93.95,0.699
C05383,Small Practice,Counseling,4,179,0.518,0.227,0.532,0.504,0.138,74.78,0.711
C05384,Solo Provider,Psychology,1,110,0.815,0.696,0.495,0.431,0.393,60.15,0.851
C05385,Solo Provider,Therapy,1,93,0.53,0.792,0.743,0.766,0.0,59.58,0.925
C05386,Small Practice,Counseling,3,581,0.544,0.447,0.487,0.468,0.351,112.51,0.744
C05387,Solo Provider,Therapy,1,72,0.946,0.428,0.374,0.943,0.423,76.99,0.734
C05388,Solo Provider,Psychiatry,1,89,0.806,0.711,0.657,0.365,0.27,56.67,0.711
C05389,Solo Provider,Psychology,1,64,0.54,0.702,0.56,0.304,0.273,59.81,0.749
C05390,Group Practice,Psychology,9,1331,0.836,0.826,0.464,0.726,0.718,182.31,0.571
C05391,Small Practice,Therapy,5,509,0.489,0.576,0.301,0.754,0.4,97.66,0.641
C05392,Solo Provider,Counseling,1,75,0.488,0.778,0.54,0.671,0.105,63.29,0.932
C05393,Large Practice,Therapy,20,2671,0.305,0.724,0.739,0.702,0.695,252.48,0.24
C05394,Solo Provider,Psychology,1,124,0.704,0.886,0.631,0.551,0.295,78.15,1.0
C05395,Solo Provider,Psychiatry,1,178,0.789,0.41,0.503,0.302,0.68,61.71,0.716
C05396,Solo Provider,Counseling,1,80,0.644,0.771,0.465,0.519,0.476,78.47,0.648
C05397,Solo Provider,Counseling,1,85,0.72,0.523,0.485,0.531,0.0,74.72,0.937
C05398,Solo Provider,Counseling,1,73,0.587,0.894,0.565,0.578,0.433,58.42,0.837
C05399,Small Practice,Counseling,5,496,0.85,0.768,0.568,0.45,0.588,129.09,0.553
C05400,Solo Provider,Psychology,1,85,0.591,0.493,0.47,0.548,0.383,70.98,0.668
C05401,Small Practice,Therapy,3,253,0.688,0.372,0.463,0.343,0.114,111.36,0.595
C05402,Solo Provider,Psychology,1,178,0.659,0.778,0.557,0.263,0.648,80.89,0.82
C05403,Solo Provider,Psychiatry,1,105,0.611,0.298,0.447,0.325,0.544,64.32,0.658
C05404,Solo Provider,Psychology,1,148,0.764,0.56,0.198,0.256,0.254,56.92,0.659
C05405,Small Practice,Therapy,5,229,0.506,0.394,0.286,0.55,0.33,98.51,0.653
C05406,Small Practice,Psychology,3,172,0.797,0.385,0.593,0.603,0.374,103.44,0.569
C05407,Solo Provider,Psychiatry,1,107,0.767,0.398,0.556,0.808,0.358,76.86,0.93
C05408,Solo Provider,Psychology,1,114,0.595,0.589,0.318,0.672,0.256,69.65,0.976
C05409,Solo Provider,Psychiatry,1,92,0.759,0.412,0.565,0.475,0.283,50.06,0.734
C05410,Group Practice,Psychiatry,10,1638,0.675,0.414,0.677,0.982,0.316,196.74,0.439
C05411,Solo Provider,Therapy,1,87,0.766,0.721,0.564,0.824,0.1,63.07,0.819
C05412,Small Practice,Counseling,4,177,0.707,0.597,0.347,0.375,0.741,120.67,0.512
C05413,Solo Provider,Therapy,1,135,0.545,0.667,0.76,0.647,0.152,67.29,0.766
C05414,Solo Provider,Therapy,1,102,0.707,0.621,0.723,0.781,0.473,44.09,0.737
C05415,Small Practice,Psychiatry,2,384,0.468,0.639,0.621,0.86,0.577,111.0,0.579
C05416,Solo Provider,Therapy,1,112,0.76,0.369,0.334,0.439,0.687,52.86,0.839
C05417,Solo Provider,Counseling,1,133,0.767,0.605,0.412,0.636,0.578,68.66,0.922
C05418,Large Practice,Psychiatry,40,2532,0.654,0.84,0.992,0.653,1.0,315.94,0.353
C05419,Solo Provider,Therapy,1,121,0.978,0.552,0.678,0.284,0.409,67.58,0.719
C05420,Solo Provider,Psychiatry,1,80,0.615,0.524,0.432,1.0,0.398,78.15,0.814
C05421,Solo Provider,Therapy,1,85,0.443,0.816,0.572,0.209,0.729,55.96,0.8
C05422,Solo Provider,Psychology,1,170,0.564,0.36,0.424,0.473,0.132,46.2,0.722
C05423,Small Practice,Psychiatry,3,380,0.797,0.675,0.49,0.226,0.4,77.95,0.541
C05424,Solo Provider,Therapy,1,92,0.832,0.41,0.479,0.429,0.225,55.56,0.922
C05425,Group Practice,Counseling,6,726,0.59,0.682,0.516,0.453,0.32,152.42,0.446
C05426,Small Practice,Psychology,3,192,0.621,0.71,0.481,0.487,0.539,110.45,0.708
C05427,Large Practice,Psychiatry,37,4037,0.458,0.729,0.968,0.857,1.0,314.15,0.153
C05428,Group Practice,Psychology,10,527,0.688,0.467,0.634,0.429,0.573,170.19,0.466
C05429,Group Practice,Psychology,12,666,0.938,0.754,0.656,0.716,0.572,178.42,0.505
C05430,Small Practice,Therapy,4,250,0.728,1.0,0.843,0.462,0.458,122.32,0.687
C05431,Solo Provider,Counseling,1,162,0.881,0.333,0.374,0.48,0.268,73.49,0.627
C05432,Solo Provider,Psychiatry,1,93,0.534,0.529,0.578,0.72,0.283,58.05,0.696
C05433,Small Practice,Therapy,4,407,0.876,0.711,0.547,0.324,0.492,107.24,0.729
C05434,Solo Provider,Psychology,1,136,0.545,0.86,0.261,0.509,0.437,78.66,0.914
C05435,Small Practice,Counseling,3,399,0.655,1.0,0.658,0.476,0.361,99.16,0.726
C05436,Solo Provider,Psychology,1,119,0.508,0.665,0.124,0.573,0.464,77.95,0.773
C05437,Group Practice,Psychiatry,14,1402,0.547,0.658,0.582,0.613,0.774,178.48,0.513
C05438,Solo Provider,Psychiatry,1,107,0.587,0.563,0.696,0.945,0.635,81.79,0.828
C05439,Group Practice,Psychology,8,595,0.715,0.393,0.843,0.394,0.675,194.97,0.526
C05440,Solo Provider,Therapy,1,87,0.829,0.544,0.628,0.45,0.221,64.23,0.617
C05441,Solo Provider,Counseling,1,69,0.915,0.367,0.408,0.455,0.394,79.32,0.713
C05442,Group Practice,Psychiatry,11,696,0.697,0.533,0.697,0.87,0.952,188.22,0.356
C05443,Group Practice,Therapy,6,1374,0.802,0.404,0.581,0.782,0.396,182.9,0.357
C05444,Small Practice,Therapy,3,171,0.531,0.675,0.367,0.716,0.422,91.54,0.803
C05445,Large Practice,Psychology,23,1644,0.698,0.696,0.71,0.393,0.866,266.49,0.305
C05446,Solo Provider,Therapy,1,109,0.625,0.44,0.186,0.689,0.454,96.1,0.665
C05447,Group Practice,Counseling,6,1796,0.807,0.651,0.351,0.631,0.43,180.27,0.386
C05448,Solo Provider,Counseling,1,68,0.808,0.611,0.518,0.507,0.443,41.05,0.703
C05449,Small Practice,Therapy,5,524,0.698,0.753,0.422,0.522,0.668,137.23,0.686
C05450,Solo Provider,Therapy,1,84,0.834,0.53,0.531,0.798,0.401,89.89,0.865
C05451,Solo Provider,Counseling,1,66,0.805,0.892,0.35,0.69,0.367,80.33,0.631
C05452,Small Practice,Therapy,2,578,0.689,0.766,0.338,0.655,0.249,111.91,0.801
C05453,Small Practice,Psychiatry,3,431,0.77,0.574,0.387,0.403,0.378,102.57,0.581
C05454,Solo Provider,Counseling,1,161,0.579,0.538,0.408,0.38,0.317,51.09,0.858
C05455,Group Practice,Therapy,15,1131,0.673,0.445,0.875,0.561,0.627,173.57,0.495
C05456,Small Practice,Psychology,5,287,0.605,0.791,0.8,0.876,0.631,108.95,0.526
C05457,Solo Provider,Psychiatry,1,120,0.929,0.793,0.586,0.439,0.625,55.53,0.727
C05458,Small Practice,Psychiatry,2,347,0.613,0.416,0.612,0.213,0.454,114.74,0.605
C05459,Solo Provider,Counseling,1,68,0.769,0.843,0.302,0.224,0.314,62.54,0.861
C05460,Solo Provider,Psychology,1,133,0.782,0.461,0.535,0.541,0.559,63.11,0.707
C05461,Small Practice,Psychiatry,5,278,0.912,0.614,0.614,0.566,0.434,111.58,0.765
C05462,Solo Provider,Counseling,1,123,0.634,0.56,0.419,0.394,0.332,66.35,0.806
C05463,Solo Provider,Psychology,1,171,0.637,0.583,0.35,0.414,0.503,61.89,0.936
C05464,Small Practice,Therapy,3,235,0.688,0.665,0.599,0.469,0.323,85.66,0.895
C05465,Solo Provider,Psychiatry,1,125,0.835,0.918,0.427,0.587,0.116,80.04,0.802
C05466,Group Practice,Therapy,13,1491,0.706,0.962,0.768,0.776,0.462,192.04,0.206
C05467,Small Practice,Psychology,2,318,0.814,0.672,0.487,0.529,0.22,87.32,0.465
C05468,Solo Provider,Counseling,1,91,0.693,0.356,0.394,0.84,0.357,68.97,0.805
C05469,Small Practice,Therapy,4,405,0.621,0.62,0.429,0.294,0.598,121.84,0.562
C05470,Solo Provider,Counseling,1,93,0.585,0.405,0.755,0.26,0.028,56.35,0.655
C05471,Small Practice,Counseling,3,195,0.616,0.284,0.658,0.607,0.214,87.93,0.418
C05472,Solo Provider,Counseling,1,60,0.862,0.608,0.39,0.414,0.414,64.76,0.888
C05473,Group Practice,Psychology,8,1003,0.817,0.919,0.527,0.61,0.381,160.2,0.458
C05474,Solo Provider,Psychiatry,1,169,0.913,0.81,0.726,0.417,0.679,75.54,0.824
C05475,Small Practice,Therapy,4,424,0.547,0.656,0.487,0.619,0.355,98.92,0.596
C05476,Solo Provider,Counseling,1,175,0.712,0.882,0.142,0.642,0.297,52.51,0.782
C05477,Solo Provider,Psychiatry,1,77,0.707,0.58,0.431,0.611,0.463,62.29,0.942
C05478,Solo Provider,Psychiatry,1,156,0.795,0.666,0.718,0.403,0.391,55.34,0.83
C05479,Small Practice,Psychology,4,349,0.684,0.729,0.747,0.585,0.428,96.95,0.657
C05480,Large Practice,Psychology,40,1787,0.677,0.668,1.0,1.0,0.982,341.57,0.298
C05481,Solo Provider,Counseling,1,157,0.441,0.609,0.269,0.927,0.484,70.21,0.75
C05482,Solo Provider,Counseling,1,133,0.999,0.237,0.514,0.5,0.214,44.72,0.775
C05483,Solo Provider,Counseling,1,154,0.935,0.655,0.602,0.43,0.57,85.87,0.803
C05484,Solo Provider,Therapy,1,149,0.695,0.83,1.0,0.32,0.35,76.44,0.671
C05485,Group Practice,Therapy,8,759,0.991,0.604,0.713,0.242,0.517,176.76,0.363
C05486,Group Practice,Therapy,7,693,0.61,0.747,0.501,0.592,0.538,156.7,0.35
C05487,Group Practice,Psychology,10,1281,0.598,0.88,0.334,0.779,0.531,177.97,0.441
C05488,Solo Provider,Psychology,1,128,0.483,0.852,0.4,0.37,0.693,59.29,0.765
C05489,Solo Provider,Counseling,1,85,0.74,0.832,0.478,0.674,0.676,71.24,0.724
C05490,Small Practice,Counseling,3,438,0.757,0.673,0.684,0.531,0.391,102.18,0.67
C05491,Solo Provider,Counseling,1,103,0.755,0.691,0.546,0.473,0.451,65.72,0.862
C05492,Small Practice,Therapy,4,378,0.674,0.429,0.437,0.677,0.549,94.52,0.684
C05493,Solo Provider,Psychology,1,163,0.978,0.757,0.465,0.365,0.366,65.37,0.751
C05494,Solo Provider,Counseling,1,84,0.893,0.809,0.414,0.527,0.367,53.17,0.757
C05495,Group Practice,Counseling,9,1580,0.877,0.541,0.487,0.762,0.412,168.17,0.311
C05496,Solo Provider,Psychiatry,1,128,0.621,0.533,0.394,0.316,0.17,41.42,0.774
C05497,Large Practice,Counseling,40,2163,0.74,0.718,1.0,0.776,1.0,330.03,0.335
C05498,Solo Provider,Psychiatry,1,94,0.659,0.523,0.477,0.452,0.215,62.54,0.831
C05499,Solo Provider,Therapy,1,167,0.605,0.616,0.236,0.388,0.463,53.56,0.751
C05500,Solo Provider,Psychiatry,1,132,0.862,0.713,0.569,0.379,0.325,69.98,0.799
C05501,Solo Provider,Psychiatry,1,68,0.713,0.845,0.808,0.804,0.392,78.95,0.915
C05502,Small Practice,Counseling,2,331,0.826,0.809,0.556,0.496,0.314,102.97,0.529
C05503,Solo Provider,Therapy,1,120,0.735,0.799,0.246,0.53,0.338,80.4,0.794
C05504,Small Practice,Therapy,4,587,0.852,0.667,0.482,0.753,0.679,119.64,0.81
C05505,Group Practice,Psychology,15,1642,0.804,0.786,0.615,0.647,1.0,207.24,0.41
C05506,Solo Provider,Psychology,1,154,0.681,0.484,0.327,0.617,0.443,67.3,0.984
C05507,Solo Provider,Psychology,1,109,0.723,0.642,0.319,0.612,0.343,79.75,0.656
C05508,Solo Provider,Therapy,1,171,0.75,0.716,0.497,0.341,0.577,40.0,0.727
C05509,Small Practice,Psychiatry,4,291,0.822,0.435,0.509,0.732,0.634,121.04,0.711
C05510,Small Practice,Counseling,4,591,0.679,0.454,0.471,0.739,0.589,104.95,0.67
C05511,Solo Provider,Therapy,1,124,0.96,0.672,0.561,0.307,0.36,50.76,0.909
C05512,Small Practice,Counseling,2,492,0.761,0.907,0.626,0.812,0.511,98.86,0.739
C05513,Solo Provider,Therapy,1,94,0.952,0.568,0.384,0.12,0.527,54.64,0.688
C05514,Solo Provider,Therapy,1,99,0.864,0.252,0.669,0.371,0.346,49.54,0.722
C05515,Solo Provider,Counseling,1,93,0.576,0.428,0.696,0.347,0.085,64.93,0.594
C05516,Large Practice,Psychiatry,36,2690,0.673,1.0,1.0,0.987,0.919,315.14,0.299
C05517,Solo Provider,Psychology,1,159,0.746,0.948,0.401,0.378,0.357,62.45,0.896
C05518,Solo Provider,Psychiatry,1,66,0.777,1.0,0.603,0.364,0.039,55.15,0.815
C05519,Solo Provider,Psychology,1,139,0.627,0.471,0.389,0.423,0.351,54.03,0.733
C05520,Small Practice,Psychiatry,4,461,0.7,0.651,0.503,0.396,0.638,121.46,0.853
C05521,Solo Provider,Psychiatry,1,61,0.601,0.777,0.352,0.393,0.162,50.43,0.764
C05522,Solo Provider,Counseling,1,102,0.341,0.857,0.528,0.285,0.498,79.21,0.813
C05523,Solo Provider,Psychology,1,144,0.584,0.77,0.572,0.691,0.518,85.04,1.0
C05524,Small Practice,Psychology,4,516,0.727,0.461,0.691,0.402,0.757,109.47,0.621
C05525,Solo Provider,Counseling,1,99,0.63,0.521,0.385,0.551,0.371,68.93,0.757
C05526,Group Practice,Psychiatry,14,742,0.699,0.968,0.574,0.616,0.429,188.72,0.416
C05527,Solo Provider,Counseling,1,84,0.53,0.715,0.535,0.616,0.182,59.34,0.937
C05528,Solo Provider,Psychology,1,86,0.549,0.834,0.665,0.458,0.243,50.48,0.844
C05529,Large Practice,Counseling,23,4971,0.545,0.714,0.771,0.62,0.624,279.54,0.413
C05530,Group Practice,Psychiatry,7,786,0.616,0.504,0.687,0.741,0.555,179.32,0.475
C05531,Solo Provider,Psychology,1,101,0.741,0.842,0.5,0.521,0.273,61.26,0.743
C05532,Group Practice,Therapy,13,1112,0.627,0.322,0.765,0.745,0.637,179.18,0.356
C05533,Small Practice,Therapy,2,311,0.704,0.524,0.675,0.38,0.0,93.66,0.659
C05534,Solo Provider,Therapy,1,145,0.709,0.722,0.381,0.686,0.163,58.03,0.798
C05535,Group Practice,Psychology,14,1624,0.581,0.663,0.673,0.701,0.493,185.09,0.487
C05536,Small Practice,Psychiatry,4,497,0.936,0.671,0.361,0.881,0.569,110.78,0.715
C05537,Solo Provider,Psychiatry,1,178,0.391,0.928,0.599,0.482,0.499,57.91,0.862
C05538,Small Practice,Psychology,2,153,0.756,0.626,0.447,0.677,0.412,94.54,0.838
C05539,Solo Provider,Psychiatry,1,91,0.761,0.484,0.567,0.323,0.411,66.15,0.918
C05540,Solo Provider,Therapy,1,142,0.842,0.715,0.452,0.347,0.126,54.77,1.0
C05541,Large Practice,Psychology,24,4270,0.747,0.467,0.885,1.0,0.623,289.25,0.27
C05542,Small Practice,Psychology,2,515,0.563,0.629,0.774,0.379,0.344,108.61,0.898
C05543,Small Practice,Therapy,4,559,0.665,0.755,0.727,0.785,0.506,97.62,0.722
C05544,Small Practice,Psychiatry,3,502,0.505,0.835,0.551,0.554,0.636,120.92,0.704
C05545,Small Practice,Therapy,5,363,0.828,0.462,0.671,0.64,0.379,124.77,0.718
C05546,Solo Provider,Psychology,1,158,0.685,0.515,0.359,0.275,0.343,81.5,0.859
C05547,Large Practice,Therapy,30,4791,0.754,0.654,0.899,0.6,0.738,305.8,0.481
C05548,Small Practice,Therapy,4,161,0.769,0.784,0.443,0.479,0.33,89.26,0.667
C05549,Small Practice,Psychiatry,3,231,0.776,0.586,0.232,0.472,0.486,79.64,0.662
C05550,Solo Provider,Psychiatry,1,163,0.663,0.711,0.622,0.491,0.082,37.08,0.976
C05551,Solo Provider,Counseling,1,141,0.65,0.883,0.36,0.404,0.335,54.48,0.782
C05552,Solo Provider,Therapy,1,149,0.861,0.554,0.54,0.357,0.576,68.89,0.894
C05553,Solo Provider,Counseling,1,154,0.796,0.924,0.315,0.332,0.424,47.61,0.671
C05554,Solo Provider,Psychiatry,1,170,0.722,0.284,0.404,0.0,0.434,54.87,0.85
C05555,Small Practice,Psychiatry,5,535,0.819,0.508,0.393,0.71,0.543,89.14,0.623
C05556,Group Practice,Therapy,14,1034,0.71,0.64,0.234,0.759,0.593,172.98,0.396
C05557,Solo Provider,Psychiatry,1,85,0.717,0.734,0.408,0.607,0.195,73.62,0.735
C05558,Solo Provider,Psychiatry,1,159,0.958,0.7,0.29,0.245,0.486,76.46,0.739
C05559,Small Practice,Psychology,4,307,0.736,0.59,0.548,0.672,0.425,86.94,0.716
C05560,Solo Provider,Counseling,1,93,0.762,0.654,0.426,0.106,0.118,60.73,0.823
C05561,Group Practice,Psychology,7,1554,0.699,0.434,0.401,0.225,0.495,158.62,0.641
C05562,Solo Provider,Therapy,1,133,0.704,0.626,0.205,0.555,0.352,87.98,0.783
C05563,Solo Provider,Psychiatry,1,144,0.685,0.978,0.341,0.255,0.247,52.58,0.917
C05564,Solo Provider,Psychology,1,64,0.751,0.581,0.551,0.398,0.23,53.8,0.966
C05565,Group Practice,Psychology,15,813,0.769,0.148,0.785,0.984,0.75,186.19,0.346
C05566,Solo Provider,Psychology,1,125,0.71,0.716,0.707,0.779,0.336,64.52,0.747
C05567,Small Practice,Psychology,2,445,0.862,0.662,0.48,0.883,0.488,107.91,0.445
C05568,Solo Provider,Psychology,1,84,0.66,0.877,0.416,0.345,0.261,47.02,0.867
C05569,Solo Provider,Counseling,1,174,0.626,0.802,0.261,0.336,0.114,51.57,0.71
C05570,Group Practice,Psychology,7,1517,0.562,0.581,0.702,0.641,0.796,169.54,0.383
C05571,Solo Provider,Psychology,1,60,0.623,0.645,0.177,0.449,0.5,81.74,0.99
C05572,Solo Provider,Psychiatry,1,106,0.719,0.737,0.515,0.418,0.224,63.06,0.825
C05573,Small Practice,Psychiatry,4,345,0.343,0.619,0.691,0.646,0.275,102.45,0.519
C05574,Group Practice,Psychology,11,741,0.777,0.671,0.711,0.676,0.638,177.73,0.544
C05575,Solo Provider,Counseling,1,112,0.809,0.558,0.173,0.755,0.406,65.87,0.821
C05576,Solo Provider,Counseling,1,96,0.826,0.419,0.466,0.56,0.451,75.76,0.629
C05577,Large Practice,Psychology,40,4369,0.602,0.369,1.0,0.958,1.0,303.42,0.195
C05578,Small Practice,Counseling,4,386,0.498,0.885,0.78,0.416,0.353,84.21,0.396
C05579,Group Practice,Therapy,8,1608,0.888,0.509,0.475,0.327,0.324,166.84,0.583
C05580,Small Practice,Psychiatry,5,195,0.785,1.0,0.466,0.447,0.527,119.92,0.751
C05581,Small Practice,Therapy,2,275,0.637,0.34,0.296,0.585,0.306,91.44,0.675
C05582,Solo Provider,Psychology,1,90,0.703,0.784,0.592,0.509,0.337,59.52,0.796
C05583,Solo Provider,Counseling,1,135,0.863,0.549,0.441,0.542,0.415,66.99,0.827
C05584,Small Practice,Therapy,4,484,0.711,0.605,0.78,0.416,0.691,106.14,0.45
C05585,Small Practice,Therapy,3,200,0.496,0.732,0.538,0.433,0.649,104.09,0.763
C05586,Large Practice,Psychiatry,35,3932,0.844,0.563,1.0,1.0,0.92,309.7,0.428
C05587,Small Practice,Counseling,3,221,0.813,0.814,0.757,0.396,0.234,138.97,0.618
C05588,Solo Provider,Therapy,1,132,0.617,0.587,0.463,0.558,0.464,82.7,0.868
C05589,Solo Provider,Counseling,1,156,1.0,0.626,0.433,0.45,0.326,74.83,0.837
C05590,Small Practice,Therapy,2,317,0.594,0.715,0.354,0.593,0.787,135.48,0.636
C05591,Solo Provider,Psychiatry,1,174,0.631,0.588,0.491,0.486,0.483,56.28,0.525
C05592,Small Practice,Psychology,5,310,0.611,0.991,0.314,0.499,0.532,97.45,0.645
C05593,Small Practice,Psychology,2,284,0.825,0.543,0.541,0.67,0.548,126.33,0.687
C05594,Solo Provider,Counseling,1,140,0.707,0.473,0.432,0.718,0.234,71.65,0.576
C05595,Small Practice,Therapy,3,510,1.0,0.698,0.681,0.453,0.493,124.27,0.687
C05596,Small Practice,Therapy,2,552,0.621,0.837,0.373,0.385,0.379,97.11,0.617
C05597,Group Practice,Psychiatry,12,1195,0.868,0.849,0.755,0.768,0.289,192.96,0.462
C05598,Solo Provider,Psychology,1,107,0.669,0.885,0.511,0.073,0.353,54.78,0.716
C05599,Small Practice,Psychiatry,2,431,0.745,0.557,0.379,0.598,0.358,88.91,0.72
C05600,Solo Provider,Psychology,1,67,0.643,0.448,0.382,0.882,0.258,57.85,0.753
C05601,Small Practice,Psychiatry,5,440,0.689,0.869,0.464,0.579,0.159,116.75,0.564
C05602,Solo Provider,Counseling,1,107,0.815,0.483,0.439,0.804,0.48,111.52,0.605
C05603,Group Practice,Therapy,11,771,0.98,0.57,0.431,0.555,0.45,176.14,0.395
C05604,Group Practice,Psychology,7,1056,0.913,0.689,0.567,0.461,0.434,151.17,0.4
C05605,Small Practice,Psychology,2,395,0.736,0.696,0.663,0.085,0.722,91.38,0.564
C05606,Small Practice,Therapy,3,373,0.848,1.0,0.741,0.454,0.134,95.23,0.609
C05607,Solo Provider,Psychology,1,93,0.453,0.755,0.466,0.597,0.478,68.28,0.868
C05608,Small Practice,Therapy,5,481,0.626,0.535,0.49,0.651,0.542,105.34,0.616
C05609,Solo Provider,Psychology,1,111,0.504,1.0,0.42,0.477,0.423,59.99,0.853
C05610,Small Practice,Psychology,4,386,0.56,0.542,0.269,0.572,0.396,92.03,0.449
C05611,Solo Provider,Therapy,1,152,0.696,0.805,0.273,0.461,0.203,54.02,0.873
C05612,Small Practice,Therapy,2,271,0.646,0.343,0.47,0.323,0.554,104.67,0.832
C05613,Solo Provider,Psychiatry,1,88,0.703,0.702,0.628,0.48,0.429,72.9,0.632
C05614,Small Practice,Counseling,5,559,0.706,0.463,0.587,0.668,0.405,115.14,0.563
C05615,Small Practice,Therapy,4,494,0.988,0.721,0.552,0.324,0.619,122.88,0.418
C05616,Solo Provider,Counseling,1,144,0.704,0.212,0.515,0.485,0.301,62.77,0.773
C05617,Solo Provider,Psychology,1,97,0.479,0.723,0.408,0.782,0.497,93.8,0.897
C05618,Group Practice,Counseling,11,1378,0.678,0.189,0.651,0.926,0.682,183.46,0.399
C05619,Small Practice,Counseling,3,535,0.746,0.558,0.711,0.556,0.443,100.71,0.567
C05620,Solo Provider,Psychiatry,1,158,0.527,0.905,0.388,0.539,0.136,59.73,0.677
C05621,Solo Provider,Psychology,1,142,0.737,1.0,0.162,0.678,0.443,64.78,0.738
C05622,Solo Provider,Psychology,1,110,0.868,0.639,0.417,0.334,0.243,73.4,0.678
C05623,Small Practice,Therapy,2,237,0.521,0.681,0.358,0.787,0.392,103.58,0.671
C05624,Small Practice,Psychology,2,281,0.807,0.655,0.328,0.498,0.395,73.29,0.487
C05625,Solo Provider,Psychiatry,1,82,0.407,0.562,0.349,0.527,0.474,70.04,0.829
C05626,Small Practice,Therapy,3,201,0.651,0.181,0.233,0.621,0.433,131.5,0.72
C05627,Small Practice,Counseling,3,324,0.686,0.712,0.316,0.664,0.378,82.84,0.818
C05628,Small Practice,Psychiatry,4,223,0.606,0.458,0.603,0.494,0.622,102.18,0.597
C05629,Solo Provider,Counseling,1,105,1.0,0.407,0.347,0.0,0.301,62.35,0.869
C05630,Solo Provider,Therapy,1,108,0.569,0.616,0.405,0.511,0.394,65.77,0.765
C05631,Solo Provider,Psychology,1,169,0.685,0.529,0.477,0.295,0.395,63.14,0.689
C05632,Solo Provider,Psychiatry,1,177,0.561,0.836,0.733,0.401,0.346,46.82,0.921
C05633,Solo Provider,Counseling,1,124,0.705,0.596,0.6,0.47,0.436,80.33,0.718
C05634,Solo Provider,Counseling,1,115,0.831,0.664,0.112,0.523,0.459,55.57,0.677
C05635,Solo Provider,Counseling,1,148,0.713,0.558,0.514,0.476,0.17,58.91,1.0
C05636,Small Practice,Counseling,4,266,0.966,0.805,0.592,0.728,0.505,120.28,0.705
C05637,Solo Provider,Counseling,1,159,0.861,0.771,0.12,0.657,0.249,44.99,0.824
C05638,Small Practice,Psychiatry,4,159,0.645,0.747,0.422,0.18,0.348,105.02,0.612
C05639,Solo Provider,Counseling,1,112,0.722,0.512,0.507,0.824,0.544,104.28,0.609
C05640,Small Practice,Psychology,5,469,0.938,0.376,0.463,0.66,0.272,125.08,0.703
C05641,Solo Provider,Psychiatry,1,105,0.956,0.776,0.186,0.364,0.534,80.34,0.697
C05642,Small Practice,Therapy,3,558,0.747,0.546,0.54,0.822,0.345,129.9,0.711
C05643,Small Practice,Psychology,2,340,0.626,0.56,0.167,0.318,0.437,87.46,0.747
C05644,Solo Provider,Psychiatry,1,123,0.844,0.811,0.349,0.411,0.166,62.81,0.874
C05645,Small Practice,Psychology,2,203,0.691,0.481,0.597,0.187,0.335,112.21,0.573
C05646,Solo Provider,Therapy,1,159,0.763,0.546,0.723,0.393,0.16,65.62,0.601
C05647,Small Practice,Psychology,5,215,0.913,0.546,0.332,0.75,0.571,91.24,0.816
C05648,Solo Provider,Psychology,1,70,0.413,0.931,0.044,0.305,0.376,61.24,0.667
C05649,Solo Provider,Psychology,1,121,0.894,0.779,0.506,0.452,0.213,51.5,0.787
C05650,Solo Provider,Psychology,1,71,0.988,0.707,0.334,0.778,0.361,88.46,0.94
C05651,Group Practice,Counseling,11,954,0.51,0.546,1.0,0.538,0.509,167.86,0.403
C05652,Solo Provider,Counseling,1,114,0.499,0.5,0.511,0.469,0.392,50.67,0.797
C05653,Small Practice,Psychiatry,4,168,0.871,0.478,0.582,0.465,0.585,122.86,0.736
C05654,Solo Provider,Counseling,1,116,0.558,0.406,0.186,0.967,0.504,52.91,0.924
C05655,Solo Provider,Counseling,1,64,0.442,0.732,0.468,0.461,0.287,57.08,0.918
C05656,Solo Provider,Therapy,1,96,0.903,0.641,0.521,0.606,0.437,97.75,0.823
C05657,Group Practice,Psychiatry,8,743,0.316,0.613,0.793,0.458,0.495,187.21,0.458
C05658,Small Practice,Psychology,4,469,0.565,0.741,0.562,0.637,0.47,114.18,0.638
C05659,Solo Provider,Psychology,1,139,0.663,0.639,0.384,0.392,0.452,73.65,0.669
C05660,Small Practice,Therapy,5,241,0.685,0.618,0.6,0.812,0.711,117.92,0.755
C05661,Solo Provider,Psychiatry,1,122,0.82,0.286,0.556,0.578,0.136,66.69,0.742
C05662,Solo Provider,Psychiatry,1,132,0.844,0.951,0.443,0.319,0.491,84.55,0.929
C05663,Small Practice,Psychology,5,526,1.0,0.601,0.765,0.363,0.1,96.73,0.532
C05664,Solo Provider,Psychology,1,66,0.7,0.482,0.484,0.622,0.421,83.12,0.786
C05665,Solo Provider,Therapy,1,142,0.664,0.551,0.563,0.44,0.428,61.14,0.882
C05666,Small Practice,Therapy,2,455,0.666,0.507,0.384,0.104,0.143,75.36,0.73
C05667,Solo Provider,Psychiatry,1,160,0.873,0.521,0.538,0.469,0.465,72.06,0.775
C05668,Group Practice,Therapy,15,754,0.771,0.526,0.394,0.661,0.685,176.29,0.465
C05669,Small Practice,Counseling,3,271,0.799,0.901,0.461,0.954,0.622,117.87,0.667
C05670,Group Practice,Psychiatry,13,1138,0.556,0.506,0.452,0.613,0.455,176.37,0.415
C05671,Small Practice,Psychology,2,429,0.905,0.865,0.411,0.776,0.444,90.58,0.76
C05672,Group Practice,Therapy,13,1028,0.794,0.62,0.619,0.637,0.64,203.9,0.461
C05673,Solo Provider,Psychiatry,1,144,0.714,0.777,0.278,0.454,0.394,67.03,0.95
C05674,Small Practice,Counseling,4,215,0.824,0.154,0.522,0.474,0.647,116.19,0.72
C05675,Small Practice,Psychology,5,551,0.716,0.8,0.522,0.778,0.28,104.95,0.754
C05676,Group Practice,Psychiatry,14,1545,0.464,0.699,0.637,0.66,0.337,181.78,0.453
C05677,Solo Provider,Psychology,1,113,0.433,0.443,0.489,0.581,0.36,64.95,0.804
C05678,Small Practice,Psychology,5,556,0.673,0.398,0.437,0.553,0.625,132.7,0.638
C05679,Small Practice,Therapy,4,361,0.71,0.576,0.85,0.675,0.488,106.68,0.578
C05680,Solo Provider,Counseling,1,74,0.923,0.74,0.418,0.432,0.219,67.06,0.793
C05681,Group Practice,Counseling,6,1112,0.555,0.528,0.703,0.478,0.189,179.83,0.34
C05682,Solo Provider,Psychology,1,164,0.644,0.463,0.214,0.516,0.387,95.4,0.844
C05683,Solo Provider,Therapy,1,169,0.645,0.703,0.399,0.161,0.445,49.52,0.737
C05684,Small Practice,Psychiatry,5,470,0.933,0.884,0.361,0.266,0.575,135.31,0.856
C05685,Solo Provider,Psychology,1,146,0.488,0.894,0.464,0.184,0.239,65.5,0.721
C05686,Solo Provider,Counseling,1,128,0.842,0.736,0.618,0.4,0.427,78.11,0.696
C05687,Solo Provider,Psychology,1,74,0.664,0.625,0.46,0.216,0.546,79.61,0.808
C05688,Solo Provider,Therapy,1,79,0.578,0.601,0.232,0.72,0.417,63.62,0.82
C05689,Small Practice,Psychology,3,150,0.892,1.0,0.693,0.508,0.463,110.53,0.757
C05690,Group Practice,Therapy,14,746,0.887,1.0,0.689,0.257,0.613,187.33,0.412
C05691,Small Practice,Psychiatry,3,150,0.619,0.5,0.398,0.902,0.335,125.95,0.676
C05692,Solo Provider,Psychology,1,145,0.8,0.244,0.393,0.401,0.107,25.08,0.752
C05693,Small Practice,Psychology,3,174,0.701,0.523,0.224,0.773,0.319,98.77,0.76
C05694,Group Practice,Psychiatry,14,634,0.788,0.67,0.534,0.889,0.571,187.13,0.369
C05695,Small Practice,Psychiatry,2,268,0.831,0.311,0.837,0.603,0.384,85.45,0.694
C05696,Solo Provider,Counseling,1,155,0.798,0.597,0.544,0.647,0.259,67.72,0.925
C05697,Solo Provider,Psychology,1,135,0.986,0.886,0.526,0.374,0.351,62.62,0.901
C05698,Group Practice,Therapy,10,1033,0.782,0.63,0.477,0.892,0.601,171.1,0.42
C05699,Group Practice,Psychology,7,1538,0.69,0.826,0.417,0.635,0.404,171.52,0.624
C05700,Solo Provider,Psychology,1,132,0.84,0.872,0.414,0.374,0.038,40.06,0.91
C05701,Group Practice,Psychology,11,1399,0.441,0.974,0.815,0.683,0.705,175.17,0.437
C05702,Solo Provider,Psychology,1,151,0.449,0.793,0.314,0.942,0.201,82.95,0.901
C05703,Solo Provider,Therapy,1,86,0.633,0.609,0.987,0.47,0.197,56.2,0.849
C05704,Small Practice,Counseling,3,250,0.632,0.743,0.411,0.418,0.566,102.98,0.679
C05705,Small Practice,Counseling,4,206,0.793,0.565,0.552,0.234,0.464,99.03,0.669
C05706,Solo Provider,Therapy,1,115,0.567,0.86,0.353,0.667,0.525,80.22,0.717
C05707,Group Practice,Therapy,13,1048,0.796,0.482,0.628,0.669,0.58,174.03,0.488
C05708,Group Practice,Therapy,15,1702,0.807,0.576,0.6,0.537,0.551,194.41,0.347
C05709,Solo Provider,Counseling,1,176,0.537,0.613,0.256,0.367,0.571,62.72,0.691
C05710,Small Practice,Counseling,2,546,0.737,0.558,0.182,0.552,0.271,86.03,0.706
C05711,Small Practice,Psychiatry,3,410,0.917,0.771,0.297,0.551,0.549,125.69,0.498
C05712,Small Practice,Psychology,2,261,0.786,0.588,0.487,0.372,0.618,127.72,0.829
C05713,Large Practice,Therapy,35,4177,0.749,0.728,0.869,0.983,0.765,291.63,0.447
C05714,Small Practice,Therapy,3,362,0.818,0.542,0.701,0.226,0.399,91.05,0.481
C05715,Solo Provider,Therapy,1,62,0.626,0.55,0.656,0.313,0.135,62.2,0.757
C05716,Solo Provider,Therapy,1,165,0.873,0.263,0.718,0.373,0.326,39.87,0.802
C05717,Group Practice,Counseling,12,1327,0.849,0.764,0.555,0.68,0.635,190.34,0.424
C05718,Large Practice,Counseling,35,4835,0.558,0.597,0.613,1.0,0.992,318.42,0.278
C05719,Solo Provider,Therapy,1,84,0.758,0.841,0.702,0.568,0.26,61.99,0.872
C05720,Solo Provider,Psychology,1,172,0.656,0.858,0.578,0.663,0.386,79.29,0.857
C05721,Small Practice,Therapy,2,445,0.788,0.649,0.419,0.463,0.303,97.19,0.622
C05722,Solo Provider,Psychology,1,81,0.8,0.922,0.55,0.532,0.068,57.16,1.0
C05723,Solo Provider,Counseling,1,85,0.89,0.452,0.521,0.433,0.33,51.65,0.805
C05724,Group Practice,Counseling,11,1458,0.854,0.637,1.0,0.648,0.369,158.42,0.398
C05725,Group Practice,Counseling,12,1526,0.941,0.802,0.504,0.496,0.676,172.47,0.398
C05726,Group Practice,Therapy,10,526,0.98,0.566,0.725,0.713,0.403,166.44,0.454
C05727,Small Practice,Therapy,5,355,0.563,0.716,0.451,0.403,0.602,84.84,0.598
C05728,Solo Provider,Therapy,1,159,0.764,0.523,0.489,0.658,0.421,54.5,0.889
C05729,Group Practice,Therapy,13,1118,0.655,0.393,0.277,0.604,0.466,178.77,0.373
C05730,Solo Provider,Psychology,1,133,0.565,0.667,0.38,0.344,0.216,59.95,0.964
C05731,Solo Provider,Psychology,1,161,0.671,0.527,0.475,0.404,0.658,71.32,0.825
C05732,Group Practice,Counseling,7,1006,0.896,0.646,0.484,0.611,0.595,173.95,0.568
C05733,Small Practice,Therapy,5,219,0.849,0.158,0.538,0.461,0.449,119.28,0.686
C05734,Group Practice,Psychiatry,14,1260,0.592,0.49,0.569,0.435,0.923,176.82,0.537
C05735,Solo Provider,Psychology,1,157,0.635,0.678,0.35,0.253,0.282,42.08,0.938
C05736,Large Practice,Psychology,37,3355,0.784,0.578,1.0,0.979,0.695,309.02,0.26
C05737,Small Practice,Psychiatry,3,365,0.64,0.612,0.321,0.525,0.226,91.15,0.759
C05738,Small Practice,Therapy,5,406,0.884,0.415,0.563,0.307,0.484,97.27,0.757
C05739,Group Practice,Psychiatry,6,533,0.528,0.64,0.829,0.754,0.634,186.52,0.343
C05740,Solo Provider,Therapy,1,149,0.848,0.705,0.37,0.677,0.266,63.55,0.866
C05741,Small Practice,Psychology,3,175,0.639,1.0,0.32,0.705,0.53,100.44,0.632
C05742,Small Practice,Counseling,5,369,0.893,0.436,0.107,0.612,0.237,83.81,0.639
C05743,Small Practice,Therapy,4,184,0.71,0.699,0.711,0.548,0.438,119.3,0.626
C05744,Group Practice,Therapy,15,974,0.634,0.65,0.539,0.917,0.668,196.77,0.327
C05745,Small Practice,Psychology,3,242,0.592,0.895,0.534,0.57,0.584,112.15,0.67
C05746,Solo Provider,Therapy,1,107,0.437,0.724,0.503,0.447,0.0,47.98,0.862
C05747,Solo Provider,Counseling,1,121,0.531,0.43,0.171,0.59,0.721,78.01,0.742
C05748,Large Practice,Counseling,29,1956,0.741,0.638,1.0,0.643,0.887,304.41,0.413
C05749,Large Practice,Psychiatry,35,2522,0.715,0.585,0.922,0.656,1.0,312.24,0.436
C05750,Large Practice,Psychiatry,29,1512,0.79,0.269,0.809,0.835,0.616,267.32,0.316
C05751,Solo Provider,Psychiatry,1,117,0.734,0.616,0.579,0.537,0.439,59.77,0.828
C05752,Solo Provider,Psychiatry,1,177,0.935,0.874,0.529,0.538,0.481,96.52,0.926
C05753,Small Practice,Counseling,4,391,0.857,0.634,0.269,0.69,0.642,107.4,0.747
C05754,Small Practice,Counseling,3,332,0.805,0.753,0.68,0.696,0.317,100.96,0.653
C05755,Solo Provider,Therapy,1,145,0.42,0.997,0.348,0.425,0.38,60.71,0.662
C05756,Small Practice,Therapy,4,379,0.947,0.676,0.449,0.357,0.743,110.41,0.658
C05757,Solo Provider,Psychology,1,77,0.494,0.744,0.377,0.762,0.438,54.12,0.813
C05758,Solo Provider,Psychology,1,124,0.668,0.672,0.169,0.357,0.294,36.56,0.85
C05759,Solo Provider,Psychology,1,105,0.907,0.874,0.316,0.932,0.404,82.54,0.789
C05760,Solo Provider,Psychiatry,1,112,0.718,0.455,0.399,0.573,0.493,62.7,0.944
C05761,Solo Provider,Psychiatry,1,80,0.712,0.531,0.629,0.459,0.28,45.81,0.806
C05762,Group Practice,Therapy,8,725,0.654,1.0,0.477,0.551,0.647,186.28,0.528
C05763,Small Practice,Psychiatry,5,270,0.528,1.0,0.602,0.598,0.561,107.05,0.52
C05764,Group Practice,Psychology,15,1635,0.725,0.402,0.776,0.881,0.792,197.71,0.494
C05765,Solo Provider,Psychiatry,1,84,0.767,0.63,0.185,0.407,0.487,50.89,0.687
C05766,Solo Provider,Psychiatry,1,108,0.67,0.26,0.574,0.621,0.51,59.33,0.822
C05767,Solo Provider,Psychiatry,1,73,0.783,0.779,0.297,0.299,0.365,74.56,0.814
C05768,Small Practice,Counseling,2,168,0.688,0.836,0.428,0.472,0.513,113.61,0.746
C05769,Solo Provider,Psychology,1,145,0.673,0.663,0.335,0.665,0.279,60.76,0.6
C05770,Small Practice,Counseling,2,173,0.294,0.547,0.597,0.594,0.448,92.38,0.793
C05771,Group Practice,Therapy,12,1122,0.774,0.714,0.44,0.614,0.647,190.11,0.477
C05772,Group Practice,Counseling,8,1411,0.487,0.486,0.7,0.772,0.469,169.77,0.601
C05773,Solo Provider,Therapy,1,127,0.488,0.636,0.624,0.728,0.528,92.44,0.85
C05774,Small Practice,Psychiatry,2,590,0.878,0.701,0.512,0.282,0.437,73.62,0.765
C05775,Solo Provider,Psychiatry,1,128,0.819,0.239,0.252,0.496,0.605,72.23,0.787
C05776,Solo Provider,Therapy,1,89,0.671,0.64,0.709,0.385,0.269,63.02,0.908
C05777,Small Practice,Counseling,4,185,0.534,0.728,0.415,0.199,0.583,85.5,0.662
C05778,Small Practice,Counseling,5,496,1.0,0.865,0.837,0.351,0.477,111.56,0.685
C05779,Small Practice,Psychology,3,252,0.256,0.955,0.252,0.69,0.406,97.94,0.647
C05780,Solo Provider,Psychiatry,1,92,0.73,0.765,0.608,0.491,0.187,78.68,0.676
C05781,Large Practice,Counseling,39,3848,0.546,0.516,1.0,0.75,1.0,315.81,0.425
C05782,Large Practice,Psychology,30,3139,0.83,0.85,1.0,0.87,1.0,341.52,0.374
C05783,Solo Provider,Psychiatry,1,109,0.88,0.538,0.323,0.532,0.339,64.19,0.746
C05784,Group Practice,Counseling,6,1423,0.604,0.768,0.427,0.565,0.276,163.19,0.46
C05785,Solo Provider,Therapy,1,152,0.556,0.663,0.45,0.434,0.3,63.74,0.845
C05786,Small Practice,Psychiatry,4,406,0.545,0.616,0.418,0.558,0.462,110.5,0.532
C05787,Group Practice,Therapy,10,1787,0.726,0.494,0.556,0.565,0.43,150.27,0.522
C05788,Group Practice,Therapy,9,1192,0.894,0.871,0.739,0.496,0.731,197.77,0.487
C05789,Group Practice,Therapy,7,1243,0.747,0.606,0.91,0.281,0.45,168.86,0.309
C05790,Solo Provider,Psychology,1,69,0.604,0.548,0.267,0.589,0.298,56.78,0.842
C05791,Group Practice,Counseling,15,1755,0.811,0.736,0.707,0.662,0.692,190.16,0.39
C05792,Small Practice,Psychology,5,564,0.931,0.54,0.392,0.608,0.621,111.5,0.731
C05793,Solo Provider,Psychiatry,1,82,0.884,0.324,0.617,0.459,0.462,71.27,0.901
C05794,Solo Provider,Psychiatry,1,109,0.641,0.954,0.517,0.55,0.594,70.96,0.75
C05795,Small Practice,Therapy,2,219,0.966,0.658,0.538,0.254,0.578,95.54,0.542
C05796,Small Practice,Psychology,5,231,0.603,0.301,0.34,0.577,0.664,111.2,0.792
C05797,Small Practice,Therapy,2,550,0.82,0.889,0.498,0.55,0.417,87.07,0.751
C05798,Group Practice,Counseling,13,674,0.76,0.309,0.783,0.839,0.292,176.92,0.409
C05799,Small Practice,Psychiatry,5,287,0.587,0.556,0.616,0.772,0.523,121.47,0.559
C05800,Solo Provider,Psychiatry,1,142,0.791,0.122,0.651,0.535,0.394,86.46,0.626
C05801,Solo Provider,Therapy,1,86,0.816,0.412,0.542,0.602,0.345,67.42,0.671
C05802,Small Practice,Therapy,2,430,0.595,0.859,0.493,0.51,0.21,95.32,0.645
C05803,Small Practice,Therapy,3,222,0.863,0.837,0.379,0.603,0.126,109.0,0.682
C05804,Small Practice,Psychology,5,533,0.702,0.673,0.958,0.999,0.488,123.53,0.584
C05805,Small Practice,Psychiatry,5,458,0.449,0.274,0.353,0.69,0.563,118.55,0.694
C05806,Small Practice,Counseling,4,199,0.659,0.719,0.767,0.618,0.408,126.19,0.69
C05807,Small Practice,Psychology,2,519,0.633,0.565,0.602,0.392,0.482,96.68,0.503
C05808,Group Practice,Counseling,12,646,0.968,0.825,0.577,0.556,0.465,200.53,0.338
C05809,Solo Provider,Counseling,1,121,0.587,0.96,0.48,0.498,0.383,58.27,0.921
C05810,Small Practice,Therapy,4,458,0.694,0.723,0.479,0.487,0.501,122.4,0.512
C05811,Small Practice,Therapy,2,376,0.618,0.716,0.376,0.537,0.399,102.05,0.776
C05812,Solo Provider,Counseling,1,148,0.787,0.78,0.223,0.31,0.669,64.44,0.767
C05813,Small Practice,Psychiatry,3,418,0.604,0.331,0.327,0.427,0.329,76.49,0.573
C05814,Small Practice,Counseling,2,210,0.867,0.529,0.453,0.769,0.283,112.41,0.956
C05815,Small Practice,Psychology,3,431,0.663,0.892,0.391,0.462,0.645,100.18,0.612
C05816,Small Practice,Psychology,2,158,0.41,0.833,0.474,0.706,0.361,92.91,0.608
C05817,Solo Provider,Psychiatry,1,93,0.803,0.505,0.523,0.518,0.212,64.94,0.755
C05818,Solo Provider,Psychiatry,1,131,0.984,0.692,0.436,0.45,0.334,57.83,0.739
C05819,Solo Provider,Psychology,1,124,0.79,0.927,0.397,0.585,0.268,52.48,0.81
C05820,Solo Provider,Therapy,1,148,0.567,0.624,0.29,0.131,0.162,44.76,0.783
C05821,Small Practice,Psychiatry,2,338,0.74,0.502,0.468,0.887,0.329,107.84,0.629
C05822,Group Practice,Psychology,9,848,0.611,0.633,0.614,0.45,0.596,149.2,0.605
C05823,Small Practice,Therapy,3,561,0.686,0.597,0.544,0.77,0.443,106.25,0.746
C05824,Solo Provider,Psychiatry,1,85,0.755,0.552,0.471,0.466,0.384,53.07,0.634
C05825,Solo Provider,Counseling,1,130,0.909,0.338,0.38,0.385,0.406,72.44,0.792
C05826,Solo Provider,Psychiatry,1,175,0.497,0.713,0.415,0.387,0.434,63.36,0.775
C05827,Small Practice,Counseling,4,244,0.711,1.0,0.161,0.546,0.255,92.53,0.557
C05828,Solo Provider,Counseling,1,146,0.639,0.445,0.564,0.311,0.619,64.35,0.671
C05829,Small Practice,Psychology,3,524,0.651,0.726,0.479,0.536,0.281,116.06,0.695
C05830,Small Practice,Therapy,4,388,0.561,0.551,0.377,0.657,0.331,119.58,0.658
C05831,Small Practice,Therapy,5,376,0.748,0.628,0.507,0.406,0.383,102.24,0.649
C05832,Solo Provider,Counseling,1,117,0.805,0.453,0.255,0.171,0.389,45.16,0.876
C05833,Solo Provider,Therapy,1,130,0.983,0.88,0.665,0.571,0.474,59.02,0.771
C05834,Small Practice,Psychology,5,294,0.7,0.817,0.5,0.664,0.427,119.2,0.68
C05835,Small Practice,Psychology,2,303,0.743,0.999,0.445,0.749,0.473,124.0,0.467
C05836,Solo Provider,Counseling,1,72,0.562,0.605,0.596,0.385,0.357,55.23,0.866
C05837,Group Practice,Counseling,14,1019,0.647,0.824,0.895,0.481,0.614,188.32,0.398
C05838,Small Practice,Psychiatry,2,466,0.757,0.549,0.275,0.694,0.317,101.96,0.572
C05839,Solo Provider,Psychology,1,74,0.645,0.48,0.67,0.628,0.516,62.32,0.764
C05840,Solo Provider,Psychology,1,115,0.62,0.376,0.415,0.397,0.356,63.03,0.805
C05841,Solo Provider,Counseling,1,61,0.522,0.39,0.494,0.535,0.159,70.75,0.943
C05842,Solo Provider,Psychology,1,140,0.547,0.698,0.444,0.557,0.394,84.78,0.867
C05843,Solo Provider,Therapy,1,72,0.78,0.914,0.384,0.353,0.469,58.29,0.678
C05844,Small Practice,Counseling,3,459,0.442,0.705,0.279,0.606,0.679,78.88,0.549
C05845,Solo Provider,Psychology,1,103,0.753,0.537,0.437,0.574,0.452,68.46,0.857
C05846,Group Practice,Therapy,7,937,0.672,0.591,0.553,0.682,0.379,161.69,0.471
C05847,Group Practice,Therapy,12,936,0.858,0.717,0.687,0.483,0.529,185.36,0.51
C05848,Solo Provider,Therapy,1,142,0.733,0.53,0.4,0.366,0.271,56.18,0.81
C05849,Solo Provider,Psychology,1,148,0.9,0.809,0.595,0.469,0.505,92.28,0.902
C05850,Small Practice,Counseling,2,401,0.702,0.515,0.876,0.49,0.577,117.02,0.666
C05851,Large Practice,Psychiatry,20,4566,0.838,0.7,1.0,0.792,0.602,276.43,0.352
C05852,Group Practice,Therapy,14,603,0.757,0.539,0.625,0.675,0.298,191.9,0.407
C05853,Solo Provider,Counseling,1,79,0.415,0.635,0.537,0.461,0.328,71.49,0.755
C05854,Solo Provider,Psychology,1,171,0.577,0.748,0.425,0.725,0.295,75.56,0.689
C05855,Solo Provider,Psychology,1,100,0.762,0.802,0.315,0.378,0.566,62.88,0.844
C05856,Group Practice,Therapy,11,1599,0.513,0.478,0.531,0.684,0.343,157.09,0.397
C05857,Small Practice,Counseling,3,267,1.0,0.864,0.581,0.447,0.242,84.45,0.641
C05858,Small Practice,Therapy,4,229,0.67,0.645,0.26,0.556,0.386,103.99,0.554
C05859,Small Practice,Psychology,2,417,0.744,0.761,0.317,0.542,0.399,109.5,0.774
C05860,Solo Provider,Psychology,1,64,0.648,0.573,0.487,0.321,0.222,32.28,0.753
C05861,Small Practice,Psychology,2,295,0.65,1.0,0.383,0.636,0.356,88.77,0.694
C05862,Solo Provider,Psychology,1,106,0.907,0.411,0.688,0.449,0.244,85.73,0.748
C05863,Small Practice,Psychiatry,5,488,0.643,0.826,0.596,0.913,0.615,133.47,0.58
C05864,Small Practice,Psychology,3,358,0.816,0.532,0.584,0.87,0.153,114.15,0.742
C05865,Small Practice,Psychiatry,5,346,0.553,0.634,0.381,0.633,0.244,109.88,0.606
C05866,Solo Provider,Psychiatry,1,159,0.59,0.579,0.329,0.556,0.347,56.74,0.727
C05867,Group Practice,Psychology,10,1502,0.541,0.642,0.605,0.647,0.45,185.43,0.511
C05868,Small Practice,Psychology,4,529,0.731,0.393,0.761,0.558,0.469,104.97,0.579
C05869,Solo Provider,Therapy,1,101,0.817,0.594,0.694,0.34,0.116,72.76,0.607
C05870,Solo Provider,Counseling,1,177,0.596,0.625,0.629,0.568,0.19,62.14,0.962
C05871,Small Practice,Therapy,2,492,0.593,0.449,0.515,0.279,0.374,102.99,0.809
C05872,Solo Provider,Psychiatry,1,158,0.535,0.639,0.346,0.757,0.297,63.99,0.721
C05873,Solo Provider,Psychiatry,1,109,0.583,0.692,0.738,0.513,0.23,51.95,0.784
C05874,Solo Provider,Psychiatry,1,134,0.97,0.874,0.578,0.484,0.346,99.83,0.778
C05875,Solo Provider,Psychiatry,1,88,0.671,0.548,0.449,0.6,0.0,30.09,0.839
C05876,Solo Provider,Psychiatry,1,159,0.441,0.505,0.177,0.818,0.366,88.92,1.0
C05877,Small Practice,Psychiatry,3,552,0.49,0.68,0.7,0.602,0.349,108.75,0.685
C05878,Solo Provider,Counseling,1,118,0.478,0.548,0.563,0.661,0.405,66.31,0.759
C05879,Small Practice,Counseling,4,452,0.684,0.803,0.874,0.343,0.612,91.54,0.688
C05880,Solo Provider,Psychiatry,1,101,0.673,0.65,0.622,0.848,0.562,81.12,0.821
C05881,Solo Provider,Psychiatry,1,136,1.0,0.459,0.651,0.317,0.139,43.4,0.863
C05882,Solo Provider,Psychology,1,149,0.906,0.486,0.735,0.128,0.525,65.5,0.662
C05883,Small Practice,Therapy,4,353,0.658,0.604,0.292,0.789,0.238,100.93,0.527
C05884,Large Practice,Psychiatry,16,3855,0.826,0.554,0.69,0.711,0.784,245.49,0.247
C05885,Solo Provider,Therapy,1,100,0.579,0.855,0.517,0.449,0.377,76.79,0.773
C05886,Solo Provider,Psychology,1,173,0.658,0.815,0.642,0.356,0.233,72.71,1.0
C05887,Solo Provider,Therapy,1,112,0.95,0.811,0.534,0.149,0.185,51.38,0.865
C05888,Solo Provider,Counseling,1,155,0.837,0.674,0.525,0.748,0.591,91.86,0.794
C05889,Group Practice,Psychiatry,14,1640,0.734,0.752,0.644,0.63,0.434,164.83,0.446
C05890,Solo Provider,Psychology,1,128,0.68,0.661,0.577,0.312,0.419,65.94,0.857
C05891,Large Practice,Psychology,28,3930,0.74,0.182,0.732,1.0,0.952,298.52,0.24
C05892,Small Practice,Psychiatry,2,511,0.931,0.58,0.391,0.439,0.3,99.44,0.589
C05893,Small Practice,Psychiatry,4,217,0.691,0.987,0.366,0.605,0.252,116.87,0.743
C05894,Group Practice,Psychiatry,7,1568,0.596,0.77,0.514,0.825,0.296,194.87,0.558
C05895,Solo Provider,Counseling,1,91,0.604,0.51,0.441,0.627,0.144,64.27,0.769
C05896,Small Practice,Psychology,4,533,0.979,0.626,0.344,0.572,0.448,100.67,0.769
C05897,Solo Provider,Therapy,1,129,0.552,0.648,0.414,0.45,0.238,69.27,0.674
C05898,Group Practice,Psychiatry,15,760,0.579,0.798,0.399,0.611,0.652,179.24,0.561
C05899,Small Practice,Psychiatry,4,571,0.602,0.798,0.762,0.378,0.445,91.29,0.704
C05900,Solo Provider,Counseling,1,151,0.615,0.498,0.402,0.428,0.488,93.16,0.8
C05901,Group Practice,Counseling,9,858,0.771,0.623,0.394,0.878,0.53,180.76,0.372
C05902,Solo Provider,Psychiatry,1,80,0.855,0.497,0.473,0.689,0.393,67.23,0.855
C05903,Solo Provider,Psychiatry,1,173,0.662,0.549,0.449,0.419,0.394,74.59,0.765
C05904,Small Practice,Therapy,5,236,0.561,0.876,0.417,0.369,0.598,108.1,0.591
C05905,Solo Provider,Psychology,1,111,0.507,0.584,0.448,0.445,0.291,74.31,0.804
C05906,Group Practice,Therapy,8,1711,0.321,0.873,0.471,0.499,0.412,160.49,0.317
C05907,Small Practice,Counseling,3,441,0.765,0.551,0.129,0.309,0.571,103.99,0.566
C05908,Small Practice,Psychology,5,176,0.822,0.668,0.307,0.361,0.217,84.14,0.741
C05909,Solo Provider,Therapy,1,102,0.688,0.69,0.396,0.244,0.187,27.33,0.695
C05910,Solo Provider,Counseling,1,96,0.765,0.741,0.304,0.734,0.352,78.61,0.885
C05911,Large Practice,Counseling,25,3719,0.396,0.686,0.904,0.689,0.824,272.54,0.297
C05912,Solo Provider,Psychiatry,1,167,0.624,0.718,0.376,0.391,0.122,54.17,1.0
C05913,Small Practice,Therapy,3,384,0.791,0.684,0.577,0.647,0.569,110.74,0.544
C05914,Solo Provider,Psychiatry,1,147,0.463,0.595,0.566,0.36,0.703,47.98,0.802
C05915,Solo Provider,Psychiatry,1,167,1.0,0.247,0.572,0.344,0.36,75.48,0.669
C05916,Small Practice,Psychiatry,2,176,0.874,0.465,0.449,0.131,0.776,126.71,0.842
C05917,Small Practice,Counseling,5,168,0.611,0.642,0.569,0.624,0.276,89.48,0.535
C05918,Small Practice,Counseling,2,576,0.652,0.569,0.518,0.289,0.258,103.21,0.574
C05919,Group Practice,Psychology,11,1038,0.751,0.482,0.621,0.5,0.437,166.44,0.487
C05920,Solo Provider,Counseling,1,78,0.684,0.601,0.289,0.414,0.284,39.83,0.762
C05921,Solo Provider,Therapy,1,121,0.837,0.729,0.405,0.311,0.383,83.43,0.897
C05922,Solo Provider,Therapy,1,84,0.621,0.459,0.537,0.573,0.37,51.17,0.736
C05923,Small Practice,Counseling,2,390,0.834,0.585,0.737,0.564,0.36,83.14,0.532
C05924,Solo Provider,Psychology,1,175,0.755,1.0,0.475,0.613,0.244,70.26,0.821
C05925,Small Practice,Therapy,5,316,0.901,0.626,0.691,0.562,0.39,106.12,0.572
C05926,Solo Provider,Counseling,1,69,0.92,0.488,0.565,0.459,0.456,53.66,0.821
C05927,Group Practice,Therapy,6,1494,1.0,0.705,0.679,0.623,0.576,171.34,0.378
C05928,Group Practice,Counseling,6,624,0.647,0.843,0.389,0.582,0.419,159.35,0.714
C05929,Group Practice,Counseling,11,1692,0.401,0.44,0.661,0.587,0.511,172.01,0.418
C05930,Solo Provider,Psychiatry,1,124,0.687,0.611,0.625,0.654,0.0,85.7,0.727
C05931,Large Practice,Psychology,34,1628,0.774,0.56,1.0,0.65,0.877,312.94,0.334
C05932,Solo Provider,Psychology,1,65,0.732,0.721,0.49,0.458,0.569,70.29,0.985
C05933,Solo Provider,Counseling,1,61,0.665,0.666,0.134,0.74,0.272,60.5,0.717
C05934,Solo Provider,Psychology,1,104,0.629,0.66,0.583,0.729,0.487,72.04,0.706
C05935,Solo Provider,Psychiatry,1,174,0.746,0.738,0.477,0.497,0.505,81.88,0.787
C05936,Small Practice,Therapy,2,528,0.918,0.689,0.697,0.472,0.438,92.37,0.727
C05937,Solo Provider,Psychiatry,1,173,0.641,0.53,0.456,0.421,0.384,61.19,0.792
C05938,Solo Provider,Therapy,1,147,0.598,0.495,0.286,0.208,0.266,54.21,0.854
C05939,Small Practice,Psychology,4,190,0.639,0.998,0.535,0.451,0.263,86.21,0.821
C05940,Group Practice,Psychiatry,9,1504,0.581,0.644,0.638,0.62,0.457,194.62,0.31
C05941,Small Practice,Psychology,3,394,0.785,0.528,0.45,0.735,0.073,95.77,0.726
C05942,Small Practice,Therapy,4,473,0.95,0.564,0.105,0.362,0.424,94.21,0.815
C05943,Solo Provider,Psychiatry,1,64,0.932,0.232,0.389,0.688,0.51,60.17,0.605
C05944,Group Practice,Psychiatry,14,1503,0.6,0.86,0.662,0.422,0.671,171.4,0.501
C05945,Solo Provider,Therapy,1,139,0.435,0.49,0.358,0.744,0.355,51.32,0.579
C05946,Solo Provider,Counseling,1,145,0.807,0.577,0.281,0.448,0.515,66.16,1.0
C05947,Solo Provider,Psychology,1,119,0.685,0.689,0.326,0.758,0.299,58.74,0.69
C05948,Small Practice,Counseling,2,439,0.595,0.923,0.576,0.67,0.323,103.4,0.588
C05949,Solo Provider,Counseling,1,142,0.522,0.735,0.603,0.394,0.471,81.35,0.825
C05950,Small Practice,Therapy,4,357,0.817,0.64,0.691,0.556,0.382,108.7,0.589
C05951,Solo Provider,Counseling,1,172,0.545,0.427,0.282,0.686,0.428,59.49,0.947
C05952,Solo Provider,Therapy,1,70,0.517,0.93,0.355,0.627,0.168,62.37,0.818
C05953,Solo Provider,Counseling,1,137,0.984,0.49,0.325,0.401,0.041,51.1,0.767
C05954,Solo Provider,Psychology,1,176,0.849,0.707,0.275,0.401,0.691,80.38,0.709
C05955,Solo Provider,Counseling,1,77,0.55,0.552,0.686,0.263,0.466,59.2,0.922
C05956,Small Practice,Psychiatry,4,171,0.826,0.505,0.368,0.522,0.438,110.05,0.613
C05957,Small Practice,Therapy,5,415,0.563,0.651,0.559,0.783,0.508,107.52,0.721
C05958,Solo Provider,Therapy,1,99,0.649,0.536,0.492,0.537,0.383,66.28,0.78
C05959,Small Practice,Therapy,4,347,0.741,0.755,0.58,0.518,0.503,93.0,0.652
C05960,Solo Provider,Counseling,1,160,0.999,0.86,0.42,0.627,0.401,71.11,0.974
C05961,Solo Provider,Psychology,1,158,0.734,0.507,0.445,0.046,0.407,80.08,0.9
C05962,Solo Provider,Therapy,1,143,0.645,0.502,0.394,0.24,0.33,52.78,0.677
C05963,Solo Provider,Therapy,1,111,0.669,0.709,0.217,0.454,0.471,64.32,0.94
C05964,Solo Provider,Therapy,1,163,0.805,0.661,0.652,0.426,0.211,72.44,0.893
C05965,Small Practice,Psychiatry,3,253,0.853,1.0,0.277,0.476,0.361,106.26,0.767
C05966,Solo Provider,Psychology,1,175,0.876,0.701,0.462,0.628,0.407,79.03,0.839
C05967,Small Practice,Counseling,2,566,0.847,0.659,0.505,0.354,0.533,79.74,0.821
C05968,Solo Provider,Psychology,1,75,0.678,0.617,0.559,0.507,0.427,86.8,0.764
C05969,Small Practice,Counseling,5,313,0.586,0.712,0.4,0.6,0.687,94.58,0.646
C05970,Small Practice,Psychiatry,5,517,0.822,0.669,0.63,0.452,0.378,126.75,0.713
C05971,Solo Provider,Psychiatry,1,93,0.642,0.657,0.63,0.534,0.464,70.7,0.726
C05972,Solo Provider,Psychology,1,79,0.447,0.491,0.532,0.606,0.483,65.52,0.851
C05973,Small Practice,Therapy,4,365,0.528,0.849,0.384,0.535,0.431,107.56,0.511
C05974,Large Practice,Counseling,34,2251,0.697,0.602,0.786,0.861,1.0,302.87,0.299
C05975,Large Practice,Counseling,27,4009,0.661,0.573,0.876,1.0,0.813,299.99,0.211
C05976,Solo Provider,Therapy,1,113,0.65,0.75,0.158,0.518,0.331,48.51,0.704
C05977,Small Practice,Therapy,3,440,0.54,0.116,0.319,0.329,0.408,92.23,0.531
C05978,Solo Provider,Psychology,1,162,0.817,0.717,0.42,0.536,0.454,71.52,0.806
C05979,Solo Provider,Psychology,1,100,0.384,0.557,0.348,0.691,0.309,71.05,0.733
C05980,Small Practice,Therapy,2,482,0.687,0.294,0.372,0.445,0.605,87.9,0.635
C05981,Small Practice,Psychology,5,209,0.916,0.28,0.641,0.624,0.423,126.2,0.619
C05982,Small Practice,Psychiatry,4,571,0.544,0.654,0.697,0.639,0.461,135.95,0.52
C05983,Group Practice,Psychology,12,1520,0.968,0.704,0.627,0.534,0.712,197.53,0.6
C05984,Solo Provider,Psychiatry,1,106,0.72,0.538,0.504,0.649,0.329,70.78,0.796
C05985,Small Practice,Psychiatry,5,166,0.72,0.688,0.62,0.691,0.366,97.51,0.466
C05986,Solo Provider,Psychiatry,1,126,0.769,0.518,0.505,0.502,0.378,81.46,0.849
C05987,Solo Provider,Therapy,1,64,0.544,0.706,0.572,0.129,0.26,54.0,0.803
C05988,Solo Provider,Therapy,1,165,0.72,0.538,0.606,0.521,0.098,72.91,0.873
C05989,Large Practice,Therapy,34,3257,0.424,0.812,0.807,0.847,0.876,305.3,0.156
C05990,Solo Provider,Counseling,1,99,0.717,0.612,0.353,0.762,0.396,75.1,0.706
C05991,Solo Provider,Psychiatry,1,92,0.755,0.761,0.46,0.406,0.163,43.03,0.747
C05992,Small Practice,Psychiatry,4,217,0.459,0.586,0.619,0.507,0.413,109.41,0.694
C05993,Large Practice,Counseling,21,2623,0.785,0.714,0.471,0.793,0.977,290.04,0.365
C05994,Group Practice,Counseling,10,1106,0.69,0.752,0.666,0.754,0.36,161.04,0.371
C05995,Small Practice,Therapy,5,548,0.672,0.615,0.423,0.417,0.44,122.74,0.761
C05996,Solo Provider,Psychiatry,1,83,0.63,0.437,0.598,0.729,0.431,63.43,0.798
C05997,Small Practice,Psychiatry,5,563,0.786,0.701,0.359,0.391,0.426,114.95,0.754
C05998,Group Practice,Counseling,14,973,0.426,0.89,0.846,0.689,0.538,198.98,0.419
C05999,Group Practice,Psychology,12,1442,0.636,1.0,0.401,0.542,0.479,191.23,0.461
C06000,Group Practice,Psychology,11,877,0.719,0.411,0.758,0.439,0.488,165.4,0.442
C06001,Solo Provider,Therapy,1,69,0.576,0.81,0.683,0.499,0.101,56.43,0.828
C06002,Solo Provider,Psychiatry,1,108,0.744,0.311,0.406,0.617,0.354,73.51,0.69
C06003,Small Practice,Therapy,2,173,0.735,0.553,0.545,0.485,0.459,109.16,0.786
C06004,Solo Provider,Psychology,1,68,0.801,0.755,0.207,0.526,0.408,65.41,0.855
C06005,Solo Provider,Counseling,1,88,0.556,1.0,0.549,0.356,0.571,70.76,0.688
C06006,Solo Provider,Counseling,1,155,0.717,0.576,0.447,0.523,0.207,63.74,0.827
C06007,Small Practice,Psychiatry,3,529,0.923,0.518,0.474,0.418,0.366,99.32,0.736
C06008,Group Practice,Psychiatry,13,631,0.791,0.301,0.587,0.889,0.797,174.38,0.581
C06009,Small Practice,Counseling,5,201,0.626,0.652,0.415,0.274,0.579,97.0,0.726
C06010,Group Practice,Psychiatry,15,597,0.842,0.222,0.772,0.67,0.243,182.91,0.552
C06011,Small Practice,Counseling,3,247,0.76,0.683,0.576,0.207,0.359,96.38,0.552
C06012,Small Practice,Psychology,4,471,0.532,0.927,0.684,0.713,0.643,113.55,0.463
C06013,Solo Provider,Psychiatry,1,95,0.642,0.315,0.598,0.617,0.275,67.21,0.885
C06014,Small Practice,Psychology,2,549,0.563,0.693,0.517,0.485,0.0,94.71,0.667
C06015,Solo Provider,Therapy,1,69,0.558,0.753,0.502,0.582,0.311,46.85,0.629
C06016,Solo Provider,Psychiatry,1,172,0.536,0.506,0.591,0.149,0.127,57.45,0.879
C06017,Solo Provider,Psychiatry,1,86,0.401,0.571,0.491,0.325,0.151,67.85,0.631
C06018,Group Practice,Counseling,7,732,0.813,0.872,0.747,0.326,0.626,194.53,0.461
C06019,Small Practice,Psychology,2,318,0.552,1.0,0.451,0.472,0.328,101.6,0.657
C06020,Group Practice,Psychiatry,15,1607,0.721,0.573,0.677,0.54,0.368,210.63,0.435
C06021,Large Practice,Counseling,32,2199,0.628,0.713,1.0,0.918,0.792,311.75,0.307
C06022,Group Practice,Psychiatry,11,1531,0.918,0.668,0.264,0.712,0.609,168.64,0.484
C06023,Solo Provider,Counseling,1,118,0.537,0.473,0.431,0.737,0.573,81.88,0.864
C06024,Group Practice,Psychology,9,1285,0.445,0.583,0.718,0.763,0.382,186.59,0.352
C06025,Group Practice,Counseling,8,1655,0.389,0.448,0.643,0.394,0.346,172.61,0.355
C06026,Group Practice,Counseling,13,1514,0.951,0.573,0.613,0.713,0.49,180.27,0.29
C06027,Solo Provider,Psychiatry,1,120,0.588,0.627,0.375,0.589,0.315,57.63,0.638
C06028,Solo Provider,Psychiatry,1,98,0.988,0.658,0.565,0.496,0.643,65.81,0.674
C06029,Group Practice,Counseling,7,1661,0.622,0.515,0.471,0.912,0.783,178.37,0.491
C06030,Solo Provider,Therapy,1,103,0.818,0.721,0.491,0.435,0.276,67.64,0.85
C06031,Solo Provider,Counseling,1,90,0.661,0.483,0.246,0.381,0.152,51.98,0.915
C06032,Solo Provider,Therapy,1,131,0.585,0.736,0.757,0.439,0.198,43.77,0.76
C06033,Solo Provider,Counseling,1,91,0.787,0.571,0.297,0.92,0.184,68.37,0.725
C06034,Solo Provider,Psychology,1,115,0.829,0.623,0.47,0.616,0.849,72.04,0.742
C06035,Large Practice,Psychology,24,3755,0.802,1.0,0.793,0.882,0.458,282.25,0.306
C06036,Group Practice,Psychiatry,6,590,0.622,0.43,0.574,0.307,0.337,128.8,0.455
C06037,Group Practice,Psychology,10,1239,0.937,0.36,0.497,0.72,0.652,176.29,0.456
C06038,Solo Provider,Psychiatry,1,111,0.732,0.46,0.483,0.489,0.302,64.56,0.632
C06039,Solo Provider,Psychiatry,1,72,0.787,0.785,0.467,0.518,0.284,53.01,0.897
C06040,Solo Provider,Therapy,1,102,0.579,0.63,0.662,0.31,0.41,54.45,0.83
C06041,Solo Provider,Therapy,1,64,0.671,0.489,0.48,0.492,0.594,67.55,0.723
C06042,Solo Provider,Counseling,1,128,0.904,0.561,0.331,0.38,0.249,52.05,0.742
C06043,Small Practice,Psychology,3,172,0.505,0.754,0.501,0.812,0.474,131.16,0.687
C06044,Large Practice,Psychiatry,34,2070,0.668,0.494,1.0,0.737,0.791,295.06,0.186
C06045,Small Practice,Counseling,5,564,0.661,0.745,0.361,0.412,0.463,88.0,0.554
C06046,Solo Provider,Psychology,1,136,0.471,0.641,0.455,0.492,0.551,68.01,0.83
C06047,Solo Provider,Psychology,1,104,0.846,0.519,0.59,0.813,0.634,82.76,0.898
C06048,Solo Provider,Therapy,1,71,0.744,0.912,0.264,0.727,0.388,56.21,0.708
C06049,Solo Provider,Psychology,1,135,0.785,0.996,0.39,0.367,0.549,85.37,0.811
C06050,Small Practice,Therapy,3,505,0.798,0.977,0.338,0.481,0.35,116.92,0.725
C06051,Solo Provider,Psychology,1,162,0.598,1.0,0.473,0.415,0.582,66.66,0.814
C06052,Small Practice,Therapy,5,500,1.0,0.471,0.694,0.422,0.347,112.78,0.642
C06053,Group Practice,Psychology,11,1612,0.618,0.835,0.769,0.583,0.372,187.45,0.472
C06054,Solo Provider,Psychiatry,1,82,0.911,0.601,0.267,0.411,0.368,58.26,0.73
C06055,Solo Provider,Therapy,1,108,0.844,0.504,0.265,0.65,0.465,77.06,0.696
C06056,Solo Provider,Psychiatry,1,65,0.591,0.451,0.396,0.608,0.408,68.39,0.719
C06057,Solo Provider,Therapy,1,98,0.757,0.822,0.519,0.637,0.378,73.34,0.719
C06058,Small Practice,Therapy,2,587,0.89,0.185,0.574,0.44,0.446,93.78,0.513
C06059,Group Practice,Counseling,14,969,0.635,0.759,0.727,1.0,0.525,208.19,0.362
C06060,Group Practice,Psychiatry,13,981,0.729,0.741,0.298,0.471,0.379,166.77,0.533
C06061,Small Practice,Psychiatry,4,274,0.458,0.504,0.391,0.511,0.376,107.63,0.797
C06062,Solo Provider,Therapy,1,142,0.853,0.808,0.475,0.68,0.548,60.61,0.751
C06063,Solo Provider,Psychiatry,1,71,0.785,0.503,0.505,0.336,0.514,64.61,0.724
C06064,Solo Provider,Psychiatry,1,171,0.488,0.844,0.658,0.488,0.254,60.52,0.777
C06065,Solo Provider,Psychology,1,97,0.697,0.594,0.329,0.704,0.336,68.54,0.993
C06066,Group Practice,Therapy,6,1703,0.658,0.584,0.524,0.61,0.29,171.37,0.348
C06067,Solo Provider,Counseling,1,118,0.464,0.744,0.591,0.555,0.12,62.93,0.666
C06068,Solo Provider,Therapy,1,123,0.982,0.553,0.556,0.403,0.623,58.1,0.804
C06069,Solo Provider,Psychology,1,162,0.566,0.671,0.361,0.428,0.66,70.96,0.741
C06070,Solo Provider,Therapy,1,164,0.659,0.641,0.565,0.138,0.391,64.75,0.762
C06071,Group Practice,Counseling,10,685,0.671,0.703,0.517,0.954,0.386,162.86,0.594
C06072,Solo Provider,Psychology,1,102,0.747,0.482,0.315,0.464,0.502,88.87,0.808
C06073,Solo Provider,Counseling,1,114,0.785,0.568,0.061,0.248,0.328,55.3,0.644
C06074,Solo Provider,Counseling,1,103,0.656,0.601,0.759,0.523,0.347,69.62,0.701
C06075,Group Practice,Counseling,6,1665,0.97,0.752,0.753,0.607,0.645,177.78,0.35
C06076,Small Practice,Psychology,4,429,0.634,0.657,0.366,0.299,0.57,122.1,0.482
C06077,Small Practice,Counseling,2,292,0.785,0.763,0.314,0.602,0.412,115.35,0.713
C06078,Solo Provider,Therapy,1,98,0.822,0.494,0.445,0.372,0.282,70.28,0.849
C06079,Solo Provider,Psychology,1,167,0.743,0.729,0.397,0.742,0.468,85.88,0.798
C06080,Group Practice,Counseling,10,1643,0.718,0.811,0.417,0.998,0.442,179.59,0.405
C06081,Solo Provider,Psychiatry,1,97,0.811,0.8,0.69,0.501,0.418,59.55,0.646
C06082,Solo Provider,Counseling,1,163,0.754,0.642,0.544,0.502,0.333,64.41,1.0
C06083,Small Practice,Psychology,3,221,0.504,0.672,0.394,0.873,0.32,93.44,0.647
C06084,Solo Provider,Psychiatry,1,179,0.567,0.636,0.519,0.692,0.281,83.09,0.74
C06085,Solo Provider,Psychiatry,1,112,0.687,0.734,0.715,0.962,0.431,80.01,0.875
C06086,Group Practice,Therapy,11,1212,0.752,0.897,0.502,0.317,0.637,157.66,0.274
C06087,Solo Provider,Counseling,1,146,0.455,0.289,0.624,0.536,0.677,95.1,0.873
C06088,Solo Provider,Psychology,1,95,0.754,0.421,0.423,0.756,0.362,68.65,0.777
C06089,Solo Provider,Psychiatry,1,124,0.722,0.676,0.665,0.389,0.337,56.55,0.81
C06090,Small Practice,Counseling,4,450,0.815,0.502,0.926,0.826,0.449,123.86,0.708
C06091,Solo Provider,Therapy,1,172,0.714,1.0,0.357,0.446,0.379,91.66,0.865
C06092,Solo Provider,Counseling,1,167,0.7,0.754,0.523,0.498,0.554,83.46,0.843
C06093,Small Practice,Psychiatry,2,273,0.619,0.588,0.525,0.714,0.701,130.05,0.667
C06094,Small Practice,Psychology,3,301,0.6,0.671,0.61,0.68,0.332,99.98,0.614
C06095,Large Practice,Therapy,33,3319,0.746,0.99,0.882,0.617,0.688,294.59,0.382
C06096,Solo Provider,Psychology,1,79,0.594,0.623,0.416,0.395,0.553,74.68,0.931
C06097,Solo Provider,Psychology,1,166,1.0,0.413,0.433,0.453,0.474,76.43,0.674
C06098,Small Practice,Counseling,5,360,0.812,0.858,0.355,0.498,0.619,93.23,0.789
C06099,Small Practice,Psychiatry,5,347,0.798,0.648,0.74,0.467,0.378,111.56,0.584
C06100,Solo Provider,Therapy,1,150,0.831,0.587,0.44,0.555,0.251,74.76,0.907
C06101,Small Practice,Therapy,5,408,0.555,0.938,0.255,0.695,0.469,106.01,0.722
C06102,Solo Provider,Therapy,1,142,0.721,0.786,0.473,0.558,0.414,51.27,1.0
C06103,Group Practice,Psychiatry,9,1754,0.776,0.719,0.403,0.814,0.35,166.74,0.603
C06104,Group Practice,Counseling,13,632,0.602,0.492,0.639,0.539,0.557,174.03,0.624
C06105,Solo Provider,Therapy,1,92,0.947,0.702,0.642,0.616,0.526,83.51,0.799
C06106,Large Practice,Therapy,32,3622,0.658,0.735,0.836,1.0,0.683,314.44,0.276
C06107,Large Practice,Therapy,27,3822,0.439,0.521,0.76,1.0,0.962,278.42,0.394
C06108,Solo Provider,Psychiatry,1,166,0.708,0.939,0.607,0.434,0.493,62.21,0.676
C06109,Solo Provider,Psychology,1,134,0.691,0.773,0.328,0.505,0.249,51.96,0.746
C06110,Small Practice,Psychiatry,4,288,0.604,0.614,0.439,0.61,0.803,108.95,0.933
C06111,Solo Provider,Psychiatry,1,84,0.77,0.832,0.661,0.629,0.542,69.16,0.846
C06112,Solo Provider,Therapy,1,96,0.729,0.72,0.27,0.39,0.318,84.86,0.858
C06113,Solo Provider,Counseling,1,132,0.825,0.627,0.325,0.733,0.424,83.64,0.485
C06114,Large Practice,Therapy,20,2988,0.385,0.771,0.77,0.525,1.0,268.41,0.349
C06115,Solo Provider,Therapy,1,153,0.679,0.63,0.559,0.48,0.313,61.74,0.821
C06116,Small Practice,Psychology,4,234,0.915,0.572,0.491,0.418,0.588,97.1,0.481
C06117,Solo Provider,Counseling,1,152,0.807,0.623,0.597,0.479,0.267,51.48,0.788
C06118,Solo Provider,Psychiatry,1,168,0.837,0.603,0.46,0.533,0.133,68.41,0.644
C06119,Group Practice,Therapy,15,1498,0.667,0.761,0.535,0.584,0.567,181.73,0.484
C06120,Solo Provider,Psychology,1,96,0.605,0.955,0.471,0.623,0.097,72.29,0.671
C06121,Solo Provider,Psychiatry,1,153,0.642,0.479,0.611,0.623,0.358,64.96,0.825
C06122,Solo Provider,Psychiatry,1,107,0.597,0.557,0.58,0.445,0.377,77.36,0.757
C06123,Small Practice,Counseling,2,261,0.932,0.925,0.394,0.427,0.687,105.97,0.543
C06124,Solo Provider,Counseling,1,96,0.468,0.696,0.234,0.518,0.673,67.42,0.565
C06125,Solo Provider,Psychiatry,1,69,0.632,0.469,0.236,0.699,0.398,54.5,0.614
C06126,Solo Provider,Psychology,1,165,0.464,0.666,0.503,0.553,0.671,66.11,0.706
C06127,Solo Provider,Psychology,1,96,0.621,0.804,0.577,0.32,0.585,80.09,0.709
C06128,Solo Provider,Counseling,1,88,0.76,0.591,0.418,0.594,0.447,77.7,0.871
C06129,Small Practice,Counseling,4,581,0.912,0.542,0.516,0.453,0.789,123.44,0.726
C06130,Solo Provider,Psychiatry,1,153,0.767,0.64,0.866,0.719,0.32,77.2,0.773
C06131,Solo Provider,Therapy,1,77,0.648,0.376,0.106,0.848,0.292,64.89,0.77
C06132,Small Practice,Therapy,4,468,0.816,0.835,0.596,0.502,0.612,123.46,0.632
C06133,Small Practice,Therapy,2,364,0.895,0.49,0.262,0.303,0.416,92.43,0.879
C06134,Solo Provider,Counseling,1,159,0.683,0.788,0.379,0.487,0.316,66.42,0.997
C06135,Solo Provider,Psychology,1,92,0.593,0.445,0.565,0.555,0.523,68.26,0.711
C06136,Solo Provider,Counseling,1,159,0.507,0.561,0.248,0.464,0.564,54.62,0.714
C06137,Large Practice,Therapy,25,3312,0.672,0.789,0.63,0.374,0.81,276.32,0.469
C06138,Solo Provider,Therapy,1,62,0.688,0.784,0.421,0.499,0.614,63.28,0.914
C06139,Solo Provider,Therapy,1,112,0.6,0.543,0.296,0.418,0.35,67.86,0.723
C06140,Solo Provider,Psychology,1,68,0.523,0.769,0.75,0.555,0.243,63.76,0.689
C06141,Solo Provider,Therapy,1,115,0.89,0.743,0.279,0.574,0.583,87.74,0.918
C06142,Solo Provider,Psychology,1,143,0.508,0.505,0.726,0.454,0.084,74.37,0.861
C06143,Solo Provider,Counseling,1,81,0.688,0.749,0.341,0.433,0.097,77.31,0.693
C06144,Small Practice,Therapy,4,541,0.642,0.554,0.599,0.185,0.307,102.38,0.591
C06145,Small Practice,Psychology,3,263,0.452,0.589,0.378,0.615,0.367,91.14,0.825
C06146,Small Practice,Psychology,3,512,0.62,0.615,0.621,0.461,0.345,89.48,0.686
C06147,Small Practice,Counseling,2,505,0.643,0.487,0.204,0.337,0.355,88.04,0.641
C06148,Solo Provider,Therapy,1,99,0.668,0.37,0.275,0.696,0.348,81.74,0.842
C06149,Group Practice,Therapy,6,848,0.839,0.714,0.427,0.542,0.34,174.67,0.508
C06150,Small Practice,Therapy,5,422,0.563,0.58,0.398,0.514,0.489,98.4,0.775
C06151,Group Practice,Psychology,7,617,0.751,0.635,0.316,0.432,0.418,175.12,0.524
C06152,Small Practice,Counseling,2,277,0.579,0.798,0.405,0.578,0.351,93.63,0.649
C06153,Solo Provider,Therapy,1,115,0.861,0.363,0.399,0.679,0.33,78.3,0.784
C06154,Solo Provider,Psychiatry,1,179,0.819,0.856,0.241,0.425,0.237,74.89,0.827
C06155,Solo Provider,Psychology,1,82,0.316,0.355,0.145,0.355,0.363,38.93,0.954
C06156,Solo Provider,Counseling,1,174,0.766,0.735,0.559,0.256,0.266,70.22,0.689
C06157,Solo Provider,Counseling,1,133,0.55,0.594,0.35,0.738,0.262,70.1,0.68
C06158,Solo Provider,Psychology,1,176,0.895,0.687,0.491,0.644,0.422,79.42,0.869
C06159,Solo Provider,Counseling,1,64,0.636,0.416,0.423,0.154,0.242,71.13,0.751
C06160,Group Practice,Counseling,9,1190,0.948,0.717,0.326,0.786,0.654,185.61,0.272
C06161,Small Practice,Counseling,3,460,0.364,0.439,0.623,0.49,0.612,111.76,0.736
C06162,Small Practice,Psychiatry,5,463,0.565,0.579,0.804,0.486,0.592,100.98,0.622
C06163,Solo Provider,Psychiatry,1,67,0.771,0.87,0.526,0.541,0.183,68.17,0.792
C06164,Small Practice,Psychiatry,2,377,0.753,0.511,0.409,0.642,0.614,101.52,0.793
C06165,Group Practice,Counseling,9,504,0.783,0.749,0.592,0.815,0.408,179.53,0.328
C06166,Small Practice,Psychiatry,3,592,0.69,0.58,0.771,0.444,0.548,88.66,0.69
C06167,Small Practice,Counseling,4,438,0.591,1.0,0.38,0.378,0.084,104.3,0.566
C06168,Solo Provider,Psychology,1,93,0.534,0.729,0.493,0.334,0.339,72.82,0.698
C06169,Solo Provider,Therapy,1,137,0.799,0.507,0.471,0.579,0.378,62.18,0.999
C06170,Small Practice,Psychiatry,5,326,1.0,0.704,0.537,0.929,0.233,98.66,0.635
C06171,Large Practice,Therapy,21,1831,0.475,0.655,0.758,0.735,0.378,263.83,0.371
C06172,Solo Provider,Psychology,1,93,1.0,0.555,0.361,0.53,0.174,52.43,0.917
C06173,Solo Provider,Psychiatry,1,110,0.818,0.688,0.494,0.281,0.514,47.05,0.697
C06174,Solo Provider,Psychiatry,1,82,0.755,0.611,0.429,0.626,0.32,63.54,0.625
C06175,Solo Provider,Therapy,1,140,0.727,0.618,0.827,0.794,0.188,88.26,0.663
C06176,Large Practice,Therapy,35,3558,0.922,0.57,0.951,0.618,1.0,300.67,0.236
C06177,Small Practice,Counseling,4,428,0.677,0.798,0.494,0.641,0.225,109.04,0.551
C06178,Solo Provider,Counseling,1,134,0.954,0.734,0.467,0.767,0.335,73.0,0.72
C06179,Solo Provider,Psychiatry,1,157,0.51,0.673,0.206,0.461,0.345,37.89,0.797
C06180,Solo Provider,Counseling,1,175,0.715,0.807,0.676,0.759,0.372,65.44,1.0
C06181,Solo Provider,Psychology,1,122,0.703,0.799,0.561,0.109,0.223,49.95,0.877
C06182,Small Practice,Psychiatry,4,242,0.754,0.737,0.639,0.764,0.517,119.66,0.527
C06183,Group Practice,Psychiatry,12,1004,0.768,0.882,0.666,0.622,0.439,169.0,0.653
C06184,Small Practice,Psychology,5,152,0.647,0.41,0.658,0.645,0.477,115.95,0.587
C06185,Solo Provider,Counseling,1,135,0.661,0.737,0.68,0.097,0.518,87.04,1.0
C06186,Small Practice,Psychiatry,3,456,0.884,0.497,0.531,0.511,0.334,99.22,0.749
C06187,Small Practice,Psychiatry,4,413,0.766,0.645,0.614,0.478,0.164,90.14,0.553
C06188,Solo Provider,Counseling,1,124,0.616,0.781,0.258,0.662,0.178,63.18,0.762
C06189,Small Practice,Psychology,2,557,0.793,0.63,0.456,0.12,0.446,89.16,0.838
C06190,Small Practice,Psychiatry,5,307,0.576,0.827,0.603,0.498,0.375,107.35,0.715
C06191,Group Practice,Psychiatry,6,961,0.471,0.756,0.426,0.578,0.546,152.5,0.33
C06192,Solo Provider,Psychology,1,116,0.943,0.576,0.618,0.938,0.404,78.86,0.714
C06193,Solo Provider,Therapy,1,149,0.71,0.779,0.59,0.171,0.546,60.73,0.827
C06194,Solo Provider,Therapy,1,112,0.81,0.461,0.314,0.692,0.378,59.43,0.957
C06195,Solo Provider,Psychology,1,153,0.758,0.723,0.558,0.59,0.371,80.72,0.606
C06196,Solo Provider,Therapy,1,68,0.344,0.428,0.359,0.666,0.335,46.42,0.987
C06197,Small Practice,Psychology,4,472,0.362,0.444,0.415,0.797,0.579,102.63,0.674
C06198,Solo Provider,Counseling,1,81,0.891,0.534,0.383,0.439,0.108,53.98,0.921
C06199,Solo Provider,Therapy,1,63,0.657,0.912,0.384,0.727,0.106,60.71,0.856
C06200,Large Practice,Psychiatry,32,2659,0.53,0.675,0.786,0.949,0.814,312.93,0.138
C06201,Small Practice,Counseling,5,444,0.43,0.768,0.543,0.487,0.381,108.32,0.784
C06202,Solo Provider,Therapy,1,88,0.771,0.692,0.351,0.539,0.521,92.93,0.808
C06203,Small Practice,Counseling,5,424,0.52,0.563,0.626,0.3,0.423,103.21,0.557
C06204,Solo Provider,Therapy,1,162,0.561,0.84,0.389,0.625,0.144,48.64,0.77
C06205,Solo Provider,Counseling,1,122,0.584,0.634,0.518,0.385,0.188,38.3,0.819
C06206,Small Practice,Psychiatry,2,396,0.679,0.385,0.44,0.622,0.263,95.01,0.456
C06207,Solo Provider,Therapy,1,99,0.814,0.692,0.525,0.675,0.605,59.78,0.531
C06208,Solo Provider,Psychology,1,125,0.742,0.371,0.348,0.805,0.315,88.93,0.821
C06209,Solo Provider,Therapy,1,166,0.714,0.792,0.551,0.455,0.309,67.15,0.918
C06210,Group Practice,Psychiatry,7,581,0.862,0.136,0.792,0.552,0.477,184.19,0.458
C06211,Solo Provider,Psychology,1,105,0.697,0.479,0.358,0.621,0.401,56.98,0.969
C06212,Small Practice,Psychology,5,250,0.745,0.635,0.345,0.472,0.546,92.79,0.518
C06213,Solo Provider,Psychiatry,1,98,0.591,0.523,0.584,0.418,0.613,74.06,0.696
C06214,Small Practice,Counseling,5,489,0.7,0.207,0.36,0.532,0.145,82.14,0.358
C06215,Solo Provider,Psychiatry,1,157,0.772,0.43,0.435,0.584,0.567,81.3,0.929
C06216,Solo Provider,Psychiatry,1,64,0.619,0.641,0.476,0.475,0.162,67.38,0.944
C06217,Small Practice,Psychiatry,2,584,0.799,0.572,0.255,0.652,0.489,126.86,0.679
C06218,Small Practice,Counseling,5,565,0.653,0.687,0.45,0.52,0.595,101.99,0.585
C06219,Solo Provider,Psychology,1,65,0.502,0.635,0.445,0.619,0.488,67.84,0.784
C06220,Solo Provider,Therapy,1,97,0.695,0.595,0.659,0.597,0.558,88.64,0.712
C06221,Solo Provider,Counseling,1,112,0.803,0.306,0.709,0.587,0.648,49.97,0.911
C06222,Solo Provider,Psychiatry,1,76,0.928,0.684,0.561,0.604,0.353,79.83,0.76
C06223,Small Practice,Psychiatry,3,596,0.704,0.902,0.312,0.502,0.579,81.76,0.568
C06224,Solo Provider,Therapy,1,74,0.629,0.953,0.351,0.463,0.376,76.91,0.911
C06225,Small Practice,Counseling,3,496,0.79,0.841,0.248,0.472,0.224,105.09,0.577
C06226,Solo Provider,Therapy,1,106,0.52,1.0,0.564,0.413,0.348,49.69,0.671
C06227,Solo Provider,Counseling,1,135,0.896,0.397,0.65,0.48,0.404,78.52,0.807
C06228,Solo Provider,Therapy,1,78,0.865,0.611,0.541,0.733,0.49,72.17,0.759
C06229,Solo Provider,Psychology,1,132,0.973,0.705,0.254,0.369,0.345,62.23,0.934
C06230,Solo Provider,Therapy,1,73,0.791,0.521,0.562,0.733,0.486,71.64,0.554
C06231,Group Practice,Psychiatry,10,1633,0.801,0.663,0.857,0.563,0.541,188.14,0.438
C06232,Solo Provider,Counseling,1,106,0.55,0.549,0.553,0.689,0.354,74.67,0.859
C06233,Group Practice,Psychology,6,1796,0.688,0.787,0.827,0.74,0.638,167.16,0.654
C06234,Solo Provider,Psychology,1,60,0.805,0.912,0.606,0.41,0.248,72.71,0.963
C06235,Solo Provider,Therapy,1,141,0.703,0.922,0.611,0.48,0.505,83.16,0.818
C06236,Solo Provider,Counseling,1,83,0.903,0.873,0.206,0.599,0.59,96.28,0.728
C06237,Solo Provider,Psychiatry,1,149,0.844,0.822,0.263,0.681,0.442,90.32,0.755
C06238,Small Practice,Psychology,5,415,0.608,0.912,0.676,0.469,0.333,112.09,0.634
C06239,Group Practice,Counseling,8,640,0.702,0.685,0.537,0.54,0.337,167.98,0.46
C06240,Small Practice,Psychology,2,564,0.761,0.885,0.509,0.619,0.553,118.85,0.659
C06241,Small Practice,Psychology,3,302,0.613,0.474,0.725,0.665,0.241,87.29,0.565
C06242,Solo Provider,Therapy,1,177,0.768,0.707,0.42,0.384,0.382,62.67,1.0
C06243,Solo Provider,Psychiatry,1,135,0.674,0.847,0.574,0.527,0.482,74.08,0.932
C06244,Small Practice,Psychology,3,354,0.818,0.966,0.305,0.341,0.635,120.9,0.608
C06245,Solo Provider,Therapy,1,90,0.617,0.588,0.639,0.658,0.216,60.93,0.872
C06246,Solo Provider,Psychiatry,1,108,0.727,0.641,0.391,0.249,0.292,67.93,0.882
C06247,Group Practice,Counseling,12,616,0.885,0.739,0.742,0.49,0.857,208.07,0.512
C06248,Large Practice,Counseling,31,4574,0.447,0.506,1.0,0.705,1.0,306.1,0.242
C06249,Small Practice,Counseling,2,194,0.675,0.622,0.354,0.882,0.486,90.44,0.502
C06250,Solo Provider,Counseling,1,139,0.801,0.674,0.214,0.968,0.0,67.17,0.768
C06251,Group Practice,Counseling,9,1519,0.849,0.768,0.628,0.62,0.614,161.65,0.443
C06252,Solo Provider,Therapy,1,146,0.984,0.691,0.502,0.53,0.192,78.43,0.76
C06253,Solo Provider,Counseling,1,112,0.76,0.985,0.599,0.468,0.491,55.05,0.795
C06254,Solo Provider,Psychology,1,71,0.799,1.0,0.407,0.662,0.28,100.04,0.728
C06255,Group Practice,Counseling,8,646,0.717,0.99,0.36,0.534,0.652,178.39,0.344
C06256,Group Practice,Psychology,12,695,0.922,0.91,0.579,0.18,0.665,187.37,0.567
C06257,Small Practice,Therapy,2,189,0.761,0.614,0.386,0.554,0.37,90.24,0.731
C06258,Solo Provider,Psychology,1,152,0.653,0.686,0.368,0.294,0.48,67.98,0.68
C06259,Solo Provider,Counseling,1,88,0.929,1.0,0.678,0.409,0.339,72.26,0.84
C06260,Solo Provider,Therapy,1,133,0.738,0.892,0.499,0.684,0.213,50.3,0.858
C06261,Group Practice,Psychology,9,1789,0.686,0.418,0.557,0.704,0.34,166.1,0.371
C06262,Solo Provider,Psychology,1,136,0.412,0.749,0.44,0.709,0.442,75.42,0.945
C06263,Solo Provider,Psychiatry,1,117,0.532,0.743,0.552,0.408,0.299,74.36,0.567
C06264,Small Practice,Counseling,4,323,0.625,0.481,0.446,0.634,0.459,90.56,0.623
C06265,Solo Provider,Therapy,1,89,0.584,0.621,0.566,0.429,0.626,50.5,0.748
C06266,Group Practice,Psychiatry,14,1175,0.616,1.0,0.597,0.415,0.608,170.28,0.434
C06267,Solo Provider,Counseling,1,151,0.754,0.752,0.477,0.467,0.313,51.27,0.738
C06268,Group Practice,Psychology,11,1581,1.0,0.465,0.525,0.448,0.682,186.92,0.348
C06269,Solo Provider,Therapy,1,153,0.677,0.895,0.413,0.512,0.185,77.38,0.556
C06270,Solo Provider,Therapy,1,107,0.607,0.858,0.412,0.493,0.399,48.01,0.746
C06271,Solo Provider,Psychology,1,136,0.557,0.644,0.633,0.389,0.353,56.21,0.824
C06272,Solo Provider,Counseling,1,161,0.758,0.848,0.524,0.503,0.242,58.16,0.788
C06273,Small Practice,Therapy,3,229,0.682,0.613,0.65,0.436,0.462,92.47,0.604
C06274,Solo Provider,Therapy,1,158,0.763,0.542,0.0,0.703,0.485,80.65,0.915
C06275,Solo Provider,Psychiatry,1,65,0.702,0.575,0.196,0.535,0.301,46.13,0.722
C06276,Small Practice,Therapy,2,352,0.498,0.829,0.647,0.398,0.57,120.39,0.66
C06277,Solo Provider,Therapy,1,170,0.795,0.694,0.357,0.288,0.399,95.18,0.79
C06278,Small Practice,Psychiatry,2,433,0.573,0.635,0.425,0.517,0.189,89.55,0.741
C06279,Small Practice,Psychology,5,526,0.609,0.578,0.614,0.208,0.588,122.4,0.797
C06280,Solo Provider,Counseling,1,141,0.595,0.704,0.398,0.259,0.381,69.41,0.654
C06281,Small Practice,Psychiatry,3,349,0.894,0.742,0.433,0.504,0.422,121.38,0.796
C06282,Solo Provider,Psychology,1,115,0.847,0.557,0.53,0.453,0.405,51.07,0.718
C06283,Solo Provider,Counseling,1,75,0.513,0.755,0.298,0.454,0.502,54.05,0.912
C06284,Solo Provider,Therapy,1,72,0.579,0.686,0.566,0.311,0.103,53.52,0.709
C06285,Group Practice,Counseling,9,1638,0.716,0.767,0.75,0.532,0.527,182.84,0.475
C06286,Small Practice,Therapy,3,209,0.857,0.849,0.452,0.665,0.462,118.28,0.916
C06287,Small Practice,Psychology,4,196,0.615,0.464,0.589,0.258,0.666,91.73,0.444
C06288,Large Practice,Counseling,17,3242,0.695,0.683,0.602,0.682,0.759,262.31,0.217
C06289,Solo Provider,Counseling,1,145,0.701,0.601,0.578,0.59,0.352,83.12,0.629
C06290,Group Practice,Psychiatry,9,559,0.966,0.498,0.623,0.716,0.483,172.73,0.481
C06291,Small Practice,Psychology,5,541,0.73,0.629,0.562,0.752,0.499,95.03,0.668
C06292,Group Practice,Therapy,11,1422,0.753,0.57,0.664,0.868,0.655,195.29,0.647
C06293,Group Practice,Psychiatry,10,777,0.889,0.336,0.803,0.77,0.782,188.17,0.494
C06294,Large Practice,Counseling,36,2258,0.523,0.657,0.955,0.859,0.912,320.18,0.316
C06295,Solo Provider,Therapy,1,109,0.657,0.584,0.042,0.761,0.164,64.73,0.848
C06296,Small Practice,Therapy,5,215,0.568,0.753,0.769,0.6,0.309,126.46,0.503
C06297,Group Practice,Psychology,11,768,0.664,1.0,0.753,0.827,0.794,208.47,0.294
C06298,Small Practice,Psychology,5,510,0.633,0.785,0.67,0.44,0.577,141.69,0.586
C06299,Solo Provider,Psychiatry,1,179,0.724,0.752,0.221,0.579,0.551,63.05,0.711
C06300,Large Practice,Therapy,24,1629,0.527,0.417,0.964,0.573,0.514,275.16,0.247
C06301,Solo Provider,Therapy,1,132,0.567,0.544,0.546,0.666,0.555,51.97,0.848
C06302,Solo Provider,Psychology,1,158,0.569,0.876,0.731,0.497,0.342,87.1,0.7
C06303,Small Practice,Psychiatry,3,188,0.994,0.635,0.366,0.233,0.363,94.0,0.637
C06304,Solo Provider,Counseling,1,131,0.908,0.761,0.494,0.706,0.231,78.6,0.871
C06305,Small Practice,Psychiatry,2,335,0.494,0.494,0.358,0.605,0.42,72.07,0.707
C06306,Solo Provider,Psychiatry,1,84,0.921,0.692,0.548,0.575,0.274,70.26,0.852
C06307,Small Practice,Therapy,4,488,0.774,0.632,0.306,0.517,0.666,108.15,0.595
C06308,Group Practice,Psychology,8,935,1.0,0.604,0.386,0.71,0.372,177.48,0.48
C06309,Solo Provider,Psychiatry,1,122,0.659,0.797,0.629,0.52,0.393,71.69,0.688
C06310,Small Practice,Counseling,2,520,0.712,0.905,0.311,0.724,0.415,92.67,0.647
C06311,Solo Provider,Psychiatry,1,170,0.742,1.0,0.083,0.18,0.341,71.04,0.833
C06312,Group Practice,Counseling,11,1352,0.455,0.761,0.589,0.783,0.44,172.29,0.297
C06313,Large Practice,Psychiatry,29,4643,0.757,0.653,0.793,0.826,1.0,303.64,0.555
C06314,Solo Provider,Psychiatry,1,67,0.591,0.894,0.413,0.297,0.541,83.84,0.809
C06315,Small Practice,Psychiatry,5,154,0.506,0.683,0.39,0.775,0.453,83.93,0.584
C06316,Small Practice,Psychiatry,3,424,0.649,0.603,0.568,0.386,0.176,85.0,0.669
C06317,Small Practice,Psychiatry,4,487,0.57,0.405,0.264,0.565,0.586,102.9,0.748
C06318,Small Practice,Counseling,5,228,0.62,0.797,0.451,0.437,0.561,115.16,0.693
C06319,Solo Provider,Psychology,1,131,0.477,0.835,0.567,0.444,0.455,59.48,0.91
C06320,Small Practice,Therapy,3,180,0.657,0.25,0.545,0.691,0.49,115.99,0.698
C06321,Solo Provider,Therapy,1,164,0.474,0.632,0.229,0.534,0.563,61.65,0.836
C06322,Solo Provider,Therapy,1,149,0.818,0.72,0.433,0.532,0.32,56.72,0.861
C06323,Group Practice,Psychology,12,731,0.83,0.693,0.667,0.656,0.646,183.41,0.414
C06324,Solo Provider,Therapy,1,176,0.66,0.289,0.469,0.617,0.358,81.65,0.892
C06325,Small Practice,Psychiatry,4,169,0.551,0.846,0.643,0.624,0.343,102.86,0.688
C06326,Solo Provider,Counseling,1,60,0.59,0.715,0.319,0.64,0.41,67.04,0.789
C06327,Group Practice,Therapy,9,627,0.548,0.962,0.562,0.366,0.65,179.97,0.348
C06328,Small Practice,Therapy,4,464,0.667,0.858,0.62,0.815,0.509,88.19,0.597
C06329,Solo Provider,Therapy,1,131,0.625,0.829,0.647,0.326,0.551,60.37,0.723
C06330,Solo Provider,Psychiatry,1,145,0.492,0.711,0.377,0.735,0.232,51.09,0.873
C06331,Solo Provider,Therapy,1,83,0.718,0.703,0.411,0.441,0.443,54.59,0.981
C06332,Large Practice,Psychology,28,1977,0.608,0.378,0.641,0.711,0.795,298.05,0.442
C06333,Small Practice,Psychology,4,272,0.816,0.506,0.497,0.603,0.739,93.63,0.677
C06334,Solo Provider,Therapy,1,174,0.812,0.855,0.598,0.343,0.387,89.99,0.798
C06335,Small Practice,Psychology,2,425,0.958,0.522,0.447,0.433,0.533,106.46,0.764
C06336,Solo Provider,Psychiatry,1,162,0.763,0.401,0.403,0.456,0.366,53.98,0.735
C06337,Solo Provider,Therapy,1,106,0.46,0.728,0.259,0.682,0.417,55.91,0.889
C06338,Solo Provider,Psychiatry,1,108,1.0,0.655,0.524,0.51,0.519,51.56,0.879
C06339,Solo Provider,Psychology,1,86,0.576,0.721,0.581,0.537,0.113,85.63,0.856
C06340,Small Practice,Therapy,4,597,0.841,0.98,0.652,0.534,0.557,118.94,0.641
C06341,Group Practice,Counseling,15,1197,0.717,0.513,0.606,0.956,0.527,232.6,0.254
C06342,Group Practice,Counseling,8,1197,0.66,0.578,0.572,0.467,0.717,159.56,0.43
C06343,Group Practice,Therapy,6,1457,0.864,0.571,0.596,0.414,0.472,175.82,0.447
C06344,Solo Provider,Therapy,1,131,0.532,1.0,0.53,0.351,0.396,72.83,0.839
C06345,Solo Provider,Psychiatry,1,153,0.754,0.694,0.603,0.636,0.48,52.49,0.622
C06346,Small Practice,Counseling,5,533,0.663,0.513,0.373,0.601,0.309,86.64,0.41
C06347,Large Practice,Therapy,38,3035,0.661,0.812,1.0,0.615,1.0,317.03,0.28
C06348,Small Practice,Psychiatry,4,323,0.572,0.751,0.218,0.776,0.45,111.51,0.686
C06349,Solo Provider,Psychology,1,74,0.891,0.519,0.315,0.537,0.161,65.63,0.743
C06350,Small Practice,Therapy,4,214,0.694,0.487,0.459,0.434,0.407,89.6,0.588
C06351,Small Practice,Therapy,4,310,0.424,0.845,0.617,0.339,0.52,88.65,0.654
C06352,Group Practice,Therapy,14,1115,0.678,0.783,0.749,0.576,0.671,179.8,0.434
C06353,Small Practice,Therapy,4,470,0.723,0.742,0.345,0.46,0.545,102.16,0.622
C06354,Solo Provider,Psychology,1,160,0.541,0.685,0.303,0.574,0.219,81.22,0.779
C06355,Solo Provider,Counseling,1,175,0.648,0.804,0.356,0.344,0.313,75.41,0.91
C06356,Solo Provider,Psychiatry,1,95,0.626,0.599,0.528,0.925,0.332,75.38,0.938
C06357,Solo Provider,Psychiatry,1,173,0.852,0.682,0.461,0.477,0.421,84.71,0.919
C06358,Group Practice,Therapy,11,831,0.63,0.548,0.491,0.658,0.688,176.82,0.393
C06359,Small Practice,Counseling,3,280,0.652,0.616,0.662,0.54,0.296,107.1,0.66
C06360,Solo Provider,Counseling,1,110,1.0,0.923,0.944,0.331,0.577,78.5,0.955
C06361,Solo Provider,Psychology,1,168,0.811,0.591,0.293,0.271,0.143,65.85,0.823
C06362,Small Practice,Psychiatry,2,579,0.773,0.736,0.532,0.64,0.418,111.32,0.783
C06363,Small Practice,Therapy,4,533,0.976,0.477,0.508,0.982,0.495,117.93,0.568
C06364,Solo Provider,Counseling,1,162,0.778,0.686,0.389,0.294,0.193,76.13,0.722
C06365,Group Practice,Therapy,7,979,0.723,0.902,0.653,0.826,0.388,187.11,0.513
C06366,Solo Provider,Therapy,1,148,0.833,0.435,0.565,0.595,0.345,74.04,0.74
C06367,Solo Provider,Psychology,1,97,0.552,0.572,0.606,0.689,0.44,57.62,0.754
C06368,Solo Provider,Therapy,1,126,0.893,0.685,0.45,0.54,0.471,65.07,0.697
C06369,Small Practice,Therapy,2,465,0.736,0.849,0.593,0.393,0.0,81.3,0.67
C06370,Small Practice,Psychology,3,528,0.939,0.465,0.592,0.684,0.456,82.41,0.683
C06371,Group Practice,Therapy,8,664,0.699,0.839,0.714,0.509,0.209,184.34,0.29
C06372,Solo Provider,Psychiatry,1,90,0.688,0.39,0.267,0.551,0.386,62.69,0.966
C06373,Large Practice,Psychology,23,4672,0.694,0.797,1.0,0.937,1.0,272.15,0.354
C06374,Small Practice,Therapy,5,457,0.823,0.607,0.525,0.422,0.657,107.54,0.803
C06375,Solo Provider,Counseling,1,170,0.891,0.838,0.22,0.628,0.442,59.49,0.819
C06376,Solo Provider,Therapy,1,63,0.572,0.092,0.367,0.177,0.287,40.42,0.84
C06377,Solo Provider,Psychology,1,125,0.993,0.693,0.556,0.237,0.396,46.46,0.659
C06378,Group Practice,Therapy,12,1180,0.677,0.643,0.619,0.446,0.582,180.05,0.38
C06379,Solo Provider,Psychology,1,164,0.665,0.326,0.363,0.605,0.494,57.74,0.677
C06380,Solo Provider,Counseling,1,150,0.876,0.734,0.273,0.596,0.558,62.11,0.822
C06381,Small Practice,Counseling,2,543,0.728,0.605,0.614,0.523,0.398,95.43,0.736
C06382,Group Practice,Psychiatry,13,535,0.749,0.93,0.304,0.781,0.589,176.71,0.397
C06383,Small Practice,Therapy,2,409,0.802,0.463,0.526,0.757,0.491,112.91,0.483
C06384,Small Practice,Counseling,2,220,0.733,0.515,0.54,0.41,0.229,96.61,0.681
C06385,Solo Provider,Psychology,1,173,0.823,0.555,0.238,0.627,0.585,76.09,0.742
C06386,Group Practice,Therapy,15,1211,0.99,0.555,0.668,0.336,0.856,205.86,0.397
C06387,Solo Provider,Therapy,1,153,0.688,0.509,0.325,0.462,0.347,44.89,0.764
C06388,Solo Provider,Psychiatry,1,127,0.743,0.298,0.414,0.243,0.503,69.8,0.923
C06389,Large Practice,Psychology,29,2573,0.589,0.604,0.877,0.93,0.932,306.13,0.096
C06390,Solo Provider,Psychiatry,1,134,0.583,0.476,0.474,0.543,0.203,64.69,0.806
C06391,Solo Provider,Counseling,1,95,0.829,0.63,0.161,0.555,0.114,44.14,0.715
C06392,Small Practice,Psychology,2,288,0.537,0.83,0.306,0.182,0.334,107.31,0.517
C06393,Solo Provider,Counseling,1,81,0.873,0.595,0.518,0.422,0.725,37.12,0.685
C06394,Solo Provider,Counseling,1,168,0.739,0.466,0.496,0.5,0.289,69.73,0.759
C06395,Small Practice,Psychiatry,3,564,0.677,0.56,0.739,0.759,0.183,94.11,0.65
C06396,Small Practice,Counseling,5,597,0.22,0.591,0.488,0.791,0.597,118.21,0.699
C06397,Small Practice,Psychiatry,5,355,0.773,0.899,0.335,0.477,0.346,103.05,0.595
C06398,Solo Provider,Therapy,1,120,0.834,0.87,0.453,0.491,0.455,75.93,0.843
C06399,Small Practice,Psychiatry,2,415,0.788,0.508,0.374,0.667,0.501,108.62,0.748
C06400,Group Practice,Psychiatry,10,1381,0.931,0.892,0.542,0.682,0.558,166.56,0.413
C06401,Solo Provider,Counseling,1,111,0.786,0.381,0.376,0.803,0.43,66.73,0.838
C06402,Solo Provider,Counseling,1,168,0.755,0.369,0.527,0.597,0.487,64.77,0.761
C06403,Solo Provider,Therapy,1,74,0.785,0.424,0.587,0.485,0.412,64.71,1.0
C06404,Small Practice,Therapy,2,269,0.704,0.294,0.572,0.127,0.5,85.59,0.581
C06405,Solo Provider,Psychology,1,77,0.501,0.63,0.301,0.293,0.335,68.12,0.922
C06406,Small Practice,Psychology,3,188,0.675,0.552,0.316,0.358,0.444,96.69,0.577
C06407,Large Practice,Psychology,20,3346,0.819,0.765,0.983,0.971,0.572,282.79,0.214
C06408,Solo Provider,Psychiatry,1,177,0.567,0.692,0.413,0.668,0.51,48.58,0.769
C06409,Small Practice,Counseling,3,232,0.608,0.646,0.474,0.601,0.311,102.51,0.538
C06410,Solo Provider,Psychiatry,1,141,0.682,0.627,0.287,0.599,0.456,55.79,0.789
C06411,Solo Provider,Psychiatry,1,130,0.712,0.68,0.459,0.328,0.406,70.22,0.816
C06412,Small Practice,Psychiatry,5,162,0.893,0.65,0.734,0.598,0.266,104.89,0.734
C06413,Solo Provider,Counseling,1,127,0.856,0.425,0.202,0.475,0.413,65.55,0.887
C06414,Group Practice,Psychiatry,7,1512,0.554,0.423,0.272,0.555,0.553,168.89,0.547
C06415,Small Practice,Psychology,2,500,0.862,0.612,0.489,0.411,0.349,81.93,0.608
C06416,Solo Provider,Counseling,1,124,0.796,0.68,0.584,0.392,0.474,76.05,0.643
C06417,Solo Provider,Therapy,1,135,0.544,0.851,0.699,0.414,0.585,70.81,0.63
C06418,Solo Provider,Psychology,1,71,0.308,0.817,0.235,0.18,0.407,53.19,0.904
C06419,Group Practice,Psychology,15,846,0.964,0.479,0.528,0.865,0.654,176.59,0.592
C06420,Small Practice,Counseling,3,187,0.485,0.777,0.675,0.718,0.487,100.67,0.775
C06421,Solo Provider,Therapy,1,115,0.457,0.388,0.175,0.281,0.229,57.34,0.861
C06422,Small Practice,Psychology,3,153,0.514,0.717,0.692,0.449,0.337,96.98,0.788
C06423,Small Practice,Counseling,2,496,0.478,0.941,0.669,0.361,0.34,93.05,0.526
C06424,Small Practice,Psychiatry,2,158,0.823,0.369,0.213,0.311,0.542,111.61,0.464
C06425,Solo Provider,Psychology,1,73,0.837,0.887,0.517,0.792,0.153,107.24,0.937
C06426,Solo Provider,Psychiatry,1,83,0.692,0.484,0.475,0.544,0.014,73.34,0.861
C06427,Solo Provider,Psychology,1,106,0.568,0.574,0.592,0.354,0.479,94.62,0.829
C06428,Solo Provider,Psychiatry,1,131,0.62,0.694,0.482,0.789,0.605,73.03,0.727
C06429,Solo Provider,Therapy,1,151,0.596,0.493,0.0,0.799,0.267,95.26,0.755
C06430,Solo Provider,Counseling,1,124,0.673,0.698,0.516,0.407,0.536,70.56,0.816
C06431,Solo Provider,Therapy,1,110,0.599,0.626,0.611,0.678,0.304,79.69,0.723
C06432,Solo Provider,Therapy,1,91,0.832,0.476,0.462,0.661,0.261,86.71,0.989
C06433,Solo Provider,Counseling,1,99,0.669,0.615,0.513,0.541,0.55,60.39,0.712
C06434,Group Practice,Counseling,6,1202,0.774,0.644,0.674,0.804,0.57,170.52,0.487
C06435,Small Practice,Psychology,2,267,0.495,0.436,0.669,0.822,0.181,81.33,0.705
C06436,Solo Provider,Psychology,1,79,0.697,1.0,0.37,0.425,0.428,77.83,0.89
C06437,Small Practice,Psychiatry,3,267,0.666,0.827,0.829,0.672,0.281,83.72,0.693
C06438,Solo Provider,Psychology,1,113,0.805,0.35,0.573,0.505,0.519,86.64,0.805
C06439,Group Practice,Psychology,7,1249,0.865,0.581,0.489,0.347,0.305,162.35,0.46
C06440,Small Practice,Psychology,5,283,0.597,0.681,0.727,0.634,0.446,125.72,0.679
C06441,Solo Provider,Psychology,1,115,0.622,0.558,0.383,0.415,0.486,60.57,0.97
C06442,Group Practice,Psychology,11,575,0.509,0.961,0.76,0.516,0.569,179.14,0.59
C06443,Group Practice,Counseling,13,925,0.677,0.597,0.248,0.587,0.504,179.43,0.502
C06444,Group Practice,Psychology,9,912,0.843,0.229,0.578,0.409,0.324,165.51,0.421
C06445,Solo Provider,Psychiatry,1,130,0.775,0.728,0.341,0.479,0.584,66.39,0.961
C06446,Solo Provider,Psychology,1,93,0.566,0.835,0.812,0.421,0.544,71.22,0.874
C06447,Small Practice,Therapy,4,519,1.0,0.788,0.654,0.512,0.431,118.93,0.528
C06448,Solo Provider,Therapy,1,143,0.644,0.465,0.337,0.922,0.323,54.76,0.837
C06449,Small Practice,Counseling,4,494,0.494,0.717,0.373,0.684,0.154,113.59,0.587
C06450,Small Practice,Psychology,3,205,0.701,0.58,0.512,0.885,0.364,94.0,0.65
C06451,Solo Provider,Therapy,1,179,0.766,0.811,0.51,0.653,0.218,78.18,0.69
C06452,Solo Provider,Psychiatry,1,139,0.629,0.439,0.495,0.527,0.34,87.55,0.959
C06453,Solo Provider,Counseling,1,93,0.764,0.898,0.489,0.479,0.28,78.64,0.722
C06454,Solo Provider,Psychology,1,111,0.475,0.543,0.412,0.273,0.309,71.53,0.809
C06455,Small Practice,Counseling,5,401,0.715,0.381,0.343,0.236,0.587,104.26,0.617
C06456,Small Practice,Psychology,4,556,0.821,1.0,0.504,0.427,0.527,102.03,0.886
C06457,Solo Provider,Therapy,1,140,0.317,0.278,0.678,0.483,0.197,91.62,0.8
C06458,Small Practice,Therapy,2,581,0.987,0.481,0.699,0.429,0.271,96.07,0.556
C06459,Small Practice,Therapy,4,197,0.628,0.843,0.402,0.534,0.342,109.13,0.831
C06460,Small Practice,Psychology,3,567,0.658,0.545,0.344,0.761,0.162,109.12,0.614
C06461,Solo Provider,Counseling,1,65,0.449,0.682,0.334,0.517,0.343,70.95,0.575
C06462,Small Practice,Psychiatry,3,513,0.618,0.659,0.551,0.612,0.523,111.55,0.403
C06463,Small Practice,Psychology,5,319,0.617,0.697,0.663,0.411,0.65,115.09,0.765
C06464,Solo Provider,Psychology,1,178,1.0,0.701,0.487,0.531,0.451,71.54,0.893
C06465,Small Practice,Psychology,3,226,0.855,0.503,0.344,0.525,0.336,106.26,0.688
C06466,Group Practice,Psychology,10,1335,0.718,0.563,0.715,0.703,0.638,183.39,0.422
C06467,Solo Provider,Psychiatry,1,168,0.777,0.785,0.564,0.491,0.196,71.79,0.85
C06468,Small Practice,Psychology,2,536,0.827,0.678,0.461,0.56,0.526,103.11,0.806
C06469,Large Practice,Psychiatry,18,2996,0.791,0.409,0.849,0.486,0.468,236.1,0.455
C06470,Group Practice,Psychology,9,1398,0.934,0.711,0.676,0.34,0.438,175.5,0.486
C06471,Solo Provider,Counseling,1,146,0.749,0.654,0.282,0.572,0.197,79.79,0.764
C06472,Small Practice,Therapy,5,500,0.681,0.806,0.621,0.612,0.338,94.13,0.781
C06473,Large Practice,Psychology,30,4183,0.723,0.508,0.842,1.0,0.716,289.67,0.124
C06474,Small Practice,Therapy,4,344,0.914,0.655,0.266,0.564,0.55,112.38,0.682
C06475,Solo Provider,Psychiatry,1,67,0.419,0.408,0.445,0.705,0.25,65.61,0.82
C06476,Solo Provider,Psychology,1,143,0.59,0.645,0.41,0.652,0.305,62.08,0.889
C06477,Small Practice,Psychiatry,3,405,0.82,0.631,0.431,0.524,0.538,78.96,0.683
C06478,Solo Provider,Therapy,1,60,0.592,0.522,0.553,0.186,0.41,69.82,0.864
C06479,Solo Provider,Psychiatry,1,114,0.458,0.604,0.686,0.411,0.695,70.08,0.881
C06480,Solo Provider,Therapy,1,90,0.734,0.717,0.378,0.442,0.667,66.53,0.949
C06481,Small Practice,Psychology,2,565,0.461,1.0,0.634,0.736,0.304,92.75,0.589
C06482,Solo Provider,Therapy,1,63,0.787,0.493,0.513,0.554,0.276,58.08,0.865
C06483,Group Practice,Psychiatry,7,547,0.813,0.797,0.566,0.445,0.297,173.99,0.233
C06484,Small Practice,Psychiatry,3,501,0.68,0.689,0.335,0.515,0.452,106.66,0.623
C06485,Large Practice,Counseling,24,1659,0.658,0.49,0.79,0.789,0.643,250.0,0.343
C06486,Group Practice,Counseling,11,1275,0.487,0.837,0.708,0.804,0.379,182.67,0.43
C06487,Solo Provider,Therapy,1,173,0.764,0.801,0.563,0.593,0.442,72.56,0.868
C06488,Small Practice,Therapy,2,302,0.688,0.346,0.667,0.604,0.364,118.61,0.661
C06489,Solo Provider,Psychology,1,103,0.928,0.735,0.411,0.289,0.382,58.88,0.931
C06490,Large Practice,Psychiatry,31,4860,0.93,0.331,0.975,0.966,0.961,296.14,0.13
C06491,Solo Provider,Psychology,1,108,0.387,0.413,0.592,0.456,0.491,52.28,0.876
C06492,Small Practice,Counseling,5,272,0.462,0.699,0.589,0.521,0.188,132.37,0.501
C06493,Group Practice,Therapy,14,1714,0.658,0.823,0.881,0.874,0.573,202.56,0.417
C06494,Solo Provider,Counseling,1,94,0.88,0.67,0.584,0.689,0.173,82.97,0.815
C06495,Group Practice,Therapy,14,1624,0.618,0.866,0.889,0.069,0.782,184.03,0.218
C06496,Solo Provider,Therapy,1,161,0.492,0.551,0.481,0.602,0.582,83.96,0.665
C06497,Solo Provider,Psychology,1,145,0.662,0.956,0.591,0.226,0.356,60.67,0.725
C06498,Solo Provider,Counseling,1,64,0.68,0.733,0.277,0.474,0.309,62.93,0.838
C06499,Solo Provider,Psychology,1,130,0.739,0.759,0.5,0.317,0.312,73.69,0.733
C06500,Small Practice,Therapy,5,510,0.688,0.676,0.288,0.494,0.065,124.01,0.731
C06501,Group Practice,Therapy,6,1785,0.734,0.725,0.37,0.55,0.528,165.85,0.467
C06502,Solo Provider,Counseling,1,157,0.656,0.503,0.566,0.811,0.067,51.37,0.585
C06503,Small Practice,Psychology,4,334,0.661,0.673,0.521,0.524,0.613,119.03,0.557
C06504,Group Practice,Therapy,6,1634,0.479,0.299,0.568,0.682,0.463,143.07,0.237
C06505,Small Practice,Psychology,3,338,0.762,0.586,0.527,0.567,0.544,106.88,0.534
C06506,Solo Provider,Psychiatry,1,92,0.581,0.537,0.478,0.332,0.193,56.68,0.765
C06507,Group Practice,Therapy,15,674,0.565,0.655,0.86,0.88,0.603,182.63,0.469
C06508,Solo Provider,Therapy,1,93,0.743,0.925,0.66,0.508,0.42,61.37,0.726
C06509,Small Practice,Counseling,4,216,0.741,0.78,0.498,0.623,0.039,92.97,0.667
C06510,Small Practice,Psychology,5,346,0.768,0.91,0.523,0.71,0.377,92.31,0.855
C06511,Small Practice,Therapy,4,325,0.813,0.644,0.716,0.196,0.405,101.52,0.625
C06512,Solo Provider,Therapy,1,70,0.656,0.589,0.501,0.699,0.385,84.89,0.842
C06513,Solo Provider,Psychiatry,1,179,0.878,0.221,0.585,0.646,0.329,54.65,0.754
C06514,Small Practice,Psychiatry,4,580,0.827,0.788,0.495,0.669,0.576,114.46,0.47
C06515,Solo Provider,Psychiatry,1,127,0.765,0.684,0.58,0.243,0.565,67.07,0.748
C06516,Solo Provider,Psychology,1,136,0.436,0.631,0.462,0.498,0.258,70.26,0.678
C06517,Small Practice,Therapy,3,534,0.821,0.955,0.828,0.352,0.493,123.02,0.594
C06518,Small Practice,Therapy,4,328,0.656,0.486,0.455,0.433,0.418,94.48,0.653
C06519,Solo Provider,Psychology,1,130,0.794,0.776,0.343,0.503,0.238,53.45,1.0
C06520,Solo Provider,Counseling,1,72,0.738,0.73,0.365,0.366,0.326,66.01,0.713
C06521,Large Practice,Therapy,40,2653,0.722,0.278,0.929,0.909,1.0,332.69,0.115
C06522,Solo Provider,Psychiatry,1,152,0.432,0.747,0.325,0.609,0.463,60.2,0.879
C06523,Solo Provider,Psychology,1,125,0.802,0.927,0.421,0.484,0.475,58.99,0.515
C06524,Solo Provider,Therapy,1,153,0.723,0.611,0.324,0.517,0.288,79.52,0.625
C06525,Solo Provider,Counseling,1,99,0.596,0.601,0.198,0.421,0.519,64.3,0.893
C06526,Large Practice,Therapy,28,2302,0.704,0.741,0.645,0.879,0.969,294.95,0.294
C06527,Solo Provider,Psychology,1,63,0.745,0.939,0.676,0.414,0.312,76.61,0.937
C06528,Solo Provider,Psychiatry,1,158,0.786,0.325,0.602,0.464,0.403,86.8,0.729
C06529,Small Practice,Psychology,5,191,0.993,0.655,0.5,0.41,0.362,107.8,0.63
C06530,Solo Provider,Therapy,1,68,0.669,0.747,0.642,0.692,0.462,61.26,0.85
C06531,Solo Provider,Therapy,1,139,0.731,0.455,0.618,0.561,0.537,76.83,0.918
C06532,Large Practice,Psychology,24,2986,0.364,0.748,0.785,0.924,0.887,288.35,0.36
C06533,Small Practice,Counseling,4,296,0.89,0.424,0.413,0.492,0.425,96.39,0.618
C06534,Solo Provider,Psychology,1,110,0.5,0.575,0.151,0.337,0.134,56.53,0.873
C06535,Solo Provider,Counseling,1,104,0.579,0.074,0.236,0.325,0.314,38.25,0.876
C06536,Solo Provider,Psychiatry,1,82,0.449,0.651,0.14,0.212,0.439,58.66,0.952
C06537,Solo Provider,Therapy,1,173,0.653,1.0,0.387,0.424,0.288,71.87,0.95
C06538,Small Practice,Psychiatry,5,567,0.749,0.568,0.477,0.396,0.381,101.13,0.678
C06539,Small Practice,Counseling,3,396,0.739,0.684,0.365,0.327,0.235,74.5,0.759
C06540,Small Practice,Counseling,2,494,0.729,0.527,0.475,0.553,0.213,94.73,0.571
C06541,Group Practice,Psychology,9,1318,0.487,0.651,0.591,0.764,0.496,182.13,0.401
C06542,Solo Provider,Psychiatry,1,179,0.48,0.54,0.135,0.334,0.578,66.15,0.684
C06543,Group Practice,Psychology,12,1303,0.599,0.552,0.825,0.789,0.888,195.69,0.185
C06544,Small Practice,Psychology,5,158,0.68,0.593,0.339,0.441,0.381,87.19,0.684
C06545,Solo Provider,Psychology,1,119,0.575,0.726,0.558,0.942,0.378,70.44,0.853
C06546,Group Practice,Counseling,10,617,0.545,0.62,0.623,0.686,0.656,187.78,0.42
C06547,Solo Provider,Psychology,1,149,0.723,0.292,0.416,0.92,0.393,75.68,0.742
C06548,Small Practice,Therapy,2,450,0.516,0.3,0.463,0.474,0.333,109.39,0.724
C06549,Small Practice,Therapy,2,518,0.638,0.66,0.635,0.662,0.462,117.04,0.595
C06550,Solo Provider,Psychology,1,96,0.902,0.798,0.906,0.639,0.54,78.43,0.864
C06551,Group Practice,Counseling,13,1756,0.585,0.513,0.464,0.607,0.584,165.0,0.569
C06552,Solo Provider,Counseling,1,112,0.74,0.718,0.451,0.868,0.25,72.28,0.744
C06553,Group Practice,Psychology,15,674,0.734,0.641,0.754,0.782,0.614,197.49,0.634
C06554,Solo Provider,Psychology,1,112,0.659,0.874,0.161,0.321,0.337,70.84,0.682
C06555,Solo Provider,Counseling,1,113,0.945,0.546,0.55,0.73,0.392,71.79,0.899
C06556,Solo Provider,Counseling,1,143,0.897,0.513,0.232,0.448,0.355,69.07,0.844
C06557,Group Practice,Therapy,13,876,0.55,0.943,0.624,0.575,0.632,175.91,0.353
C06558,Solo Provider,Psychiatry,1,72,0.548,0.411,0.412,0.556,0.574,74.07,0.834
C06559,Group Practice,Psychiatry,7,1283,0.728,0.449,0.692,0.603,0.468,162.86,0.501
C06560,Solo Provider,Psychology,1,174,0.627,0.479,0.732,0.473,0.321,67.17,0.869
C06561,Solo Provider,Psychiatry,1,118,0.969,0.232,0.768,0.43,0.242,60.22,0.784
C06562,Solo Provider,Psychiatry,1,116,0.625,0.671,0.186,0.637,0.511,73.15,0.631
C06563,Solo Provider,Therapy,1,104,0.634,0.713,0.595,0.568,0.16,71.48,0.806
C06564,Group Practice,Therapy,14,1015,0.573,0.637,0.746,0.572,0.638,189.3,0.324
C06565,Solo Provider,Psychiatry,1,179,0.427,0.706,0.597,0.484,0.452,51.38,0.825
C06566,Small Practice,Counseling,3,191,0.646,0.623,0.378,0.329,0.0,110.44,0.817
C06567,Small Practice,Psychiatry,3,296,0.484,0.912,0.177,0.711,0.5,119.75,0.615
C06568,Small Practice,Therapy,4,466,0.826,0.605,0.328,0.895,0.316,116.65,0.607
C06569,Small Practice,Psychiatry,5,415,0.502,0.909,0.524,0.545,0.415,88.6,0.648
C06570,Group Practice,Counseling,12,1682,0.731,0.584,0.661,0.609,0.555,178.28,0.492
C06571,Small Practice,Psychology,4,541,0.814,0.456,0.668,0.49,0.553,107.31,0.794
C06572,Small Practice,Psychology,3,479,0.795,0.683,0.585,0.488,0.65,99.43,0.658
C06573,Small Practice,Therapy,4,225,0.833,0.484,0.794,0.77,0.237,96.79,0.727
C06574,Small Practice,Counseling,5,460,0.63,0.516,0.634,0.603,0.503,103.03,0.65
C06575,Solo Provider,Therapy,1,177,0.866,0.587,0.674,0.404,0.375,83.12,0.831
C06576,Small Practice,Counseling,5,491,0.746,0.663,0.389,0.527,0.779,105.47,0.554
C06577,Solo Provider,Counseling,1,70,0.493,0.515,0.288,0.304,0.416,64.28,0.873
C06578,Small Practice,Psychology,2,580,0.447,0.282,0.297,0.35,0.317,84.43,0.676
C06579,Large Practice,Counseling,38,2265,1.0,0.631,0.733,0.865,0.994,302.04,0.369
C06580,Large Practice,Counseling,24,3636,0.739,0.552,0.726,0.638,0.721,250.21,0.32
C06581,Group Practice,Psychology,11,988,0.803,0.73,0.931,0.558,0.534,183.34,0.577
C06582,Small Practice,Counseling,2,583,0.823,0.676,0.478,0.484,0.381,108.3,0.565
C06583,Small Practice,Psychology,2,539,0.428,0.862,0.516,0.702,0.298,115.73,0.632
C06584,Solo Provider,Psychology,1,82,0.736,0.798,0.377,0.478,0.444,78.09,0.84
C06585,Solo Provider,Psychiatry,1,138,0.649,0.65,0.61,0.757,0.242,60.56,0.919
C06586,Solo Provider,Psychology,1,133,0.742,0.562,0.438,0.211,0.477,63.38,0.772
C06587,Solo Provider,Psychiatry,1,151,0.614,0.781,0.493,0.317,0.351,64.61,0.696
C06588,Large Practice,Therapy,31,2693,0.729,0.728,1.0,0.733,0.842,296.53,0.12
C06589,Group Practice,Psychiatry,12,1073,0.798,0.733,0.855,0.559,0.625,212.91,0.524
C06590,Small Practice,Therapy,4,329,0.693,0.673,0.58,0.781,0.358,139.84,0.579
C06591,Solo Provider,Counseling,1,171,0.828,0.725,0.513,0.303,0.774,67.17,0.818
C06592,Small Practice,Psychiatry,5,425,0.398,0.777,0.399,0.514,0.35,107.1,0.704
C06593,Solo Provider,Counseling,1,99,0.813,0.792,0.358,0.283,0.346,65.11,0.852
C06594,Group Practice,Psychiatry,14,641,0.709,0.47,0.663,0.832,0.228,168.95,0.601
C06595,Large Practice,Psychiatry,17,3142,0.826,0.596,0.773,0.585,0.397,251.78,0.414
C06596,Solo Provider,Therapy,1,67,0.832,0.498,0.553,0.602,0.626,71.3,0.751
C06597,Solo Provider,Counseling,1,86,0.765,0.653,0.256,0.685,0.608,56.71,0.815
C06598,Solo Provider,Psychology,1,161,0.564,0.603,0.493,0.624,0.579,58.72,0.863
C06599,Solo Provider,Psychiatry,1,121,0.802,0.599,0.439,0.51,0.388,73.47,0.901
C06600,Solo Provider,Psychology,1,82,0.475,0.767,0.546,0.726,0.353,75.7,0.828
C06601,Solo Provider,Counseling,1,84,0.467,0.36,0.575,0.575,0.57,65.43,0.984
C06602,Solo Provider,Psychology,1,73,0.497,0.743,0.156,0.347,0.414,60.15,0.734
C06603,Solo Provider,Psychiatry,1,78,0.669,0.45,0.155,0.631,0.341,62.27,0.834
C06604,Solo Provider,Counseling,1,98,0.725,0.615,0.414,0.341,0.74,88.41,0.901
C06605,Small Practice,Counseling,4,584,0.658,0.617,0.51,0.486,0.554,93.17,0.569
C06606,Solo Provider,Counseling,1,80,0.506,0.592,0.394,0.407,0.381,71.78,0.683
C06607,Group Practice,Therapy,15,781,0.524,0.534,0.654,0.826,0.609,194.99,0.29
C06608,Solo Provider,Counseling,1,103,0.613,0.681,0.68,0.365,0.512,71.63,0.927
C06609,Solo Provider,Therapy,1,113,0.516,0.885,0.602,0.605,0.36,59.91,0.916
C06610,Solo Provider,Psychology,1,146,0.652,0.348,0.314,0.581,0.401,59.95,0.844
C06611,Small Practice,Psychology,5,332,0.794,1.0,0.466,0.734,0.537,99.01,0.662
C06612,Solo Provider,Therapy,1,152,0.908,0.695,0.376,0.362,0.407,59.58,0.706
C06613,Small Practice,Therapy,4,190,0.707,0.758,0.462,0.512,0.438,98.03,0.575
C06614,Solo Provider,Counseling,1,175,0.743,0.94,0.278,0.553,0.334,61.3,0.783
C06615,Large Practice,Counseling,30,1835,0.336,0.446,1.0,1.0,1.0,306.59,0.331
C06616,Solo Provider,Therapy,1,86,0.421,0.651,0.549,0.429,0.354,81.8,0.923
C06617,Solo Provider,Psychology,1,145,0.692,0.781,0.41,0.689,0.289,68.24,0.875
C06618,Group Practice,Therapy,6,868,0.754,0.579,0.689,0.403,0.492,179.67,0.377
C06619,Solo Provider,Psychology,1,108,0.807,0.642,0.463,0.798,0.482,85.37,0.724
C06620,Solo Provider,Psychiatry,1,104,0.723,0.272,0.587,0.398,0.337,65.94,0.661
C06621,Group Practice,Counseling,15,864,0.509,0.656,0.635,0.888,0.514,171.21,0.498
C06622,Solo Provider,Psychology,1,77,0.712,0.714,0.526,0.492,0.628,78.47,0.764
C06623,Solo Provider,Psychiatry,1,162,0.574,0.436,0.328,0.615,0.567,63.99,0.86
C06624,Solo Provider,Psychology,1,111,0.606,0.68,0.309,0.662,0.423,85.76,0.703
C06625,Solo Provider,Psychiatry,1,142,0.708,0.8,0.575,0.406,0.306,69.39,0.704
C06626,Group Practice,Therapy,14,1260,0.414,0.75,0.586,0.652,0.442,205.25,0.388
C06627,Small Practice,Psychology,4,303,0.698,0.485,0.897,0.627,0.419,113.96,0.742
C06628,Small Practice,Counseling,2,281,0.681,0.373,0.425,0.438,0.434,104.77,0.629
C06629,Solo Provider,Psychiatry,1,121,0.715,0.499,0.688,0.446,0.451,78.53,0.669
C06630,Small Practice,Therapy,2,463,0.991,0.773,0.447,0.621,0.196,109.49,0.63
C06631,Small Practice,Therapy,2,169,0.699,0.707,0.642,0.647,0.104,99.05,0.649
C06632,Solo Provider,Psychiatry,1,102,0.542,0.92,0.356,0.44,0.248,66.46,0.841
C06633,Group Practice,Counseling,7,1691,0.62,0.744,0.272,0.343,0.676,170.06,0.561
C06634,Small Practice,Psychiatry,2,384,0.539,0.947,0.325,0.579,0.802,123.14,0.562
C06635,Small Practice,Counseling,2,299,0.62,1.0,0.343,0.518,0.482,138.83,0.64
C06636,Solo Provider,Psychiatry,1,117,0.511,0.941,0.126,0.021,0.376,74.14,0.874
C06637,Solo Provider,Psychiatry,1,72,0.73,0.74,0.501,0.771,0.183,79.17,0.734
C06638,Small Practice,Counseling,4,171,0.902,0.637,0.435,0.668,0.257,98.51,0.817
C06639,Small Practice,Psychology,4,499,0.813,0.519,0.338,0.744,0.266,103.39,0.676
C06640,Solo Provider,Therapy,1,106,0.415,0.462,0.518,0.722,0.254,72.74,0.711
C06641,Solo Provider,Therapy,1,106,0.84,0.69,0.385,0.645,0.355,63.02,0.867
C06642,Group Practice,Therapy,14,1179,0.78,0.28,0.861,0.659,0.179,174.45,0.467
C06643,Solo Provider,Counseling,1,151,0.544,1.0,0.591,0.485,0.376,49.94,0.827
C06644,Solo Provider,Therapy,1,147,0.707,0.976,0.338,0.612,0.19,76.99,0.512
C06645,Small Practice,Therapy,4,545,0.62,0.042,0.439,0.595,0.26,89.52,0.663
C06646,Solo Provider,Counseling,1,158,0.52,0.624,0.14,0.597,0.383,76.59,0.86
C06647,Solo Provider,Psychology,1,135,0.297,0.604,0.293,0.756,0.312,81.61,0.884
C06648,Solo Provider,Counseling,1,151,0.588,0.664,0.471,0.887,0.558,68.02,0.694
C06649,Group Practice,Therapy,15,743,0.578,0.593,0.596,0.686,0.603,177.92,0.565
C06650,Solo Provider,Psychology,1,138,0.626,0.54,0.686,0.656,0.563,50.31,0.896
C06651,Small Practice,Therapy,2,177,0.475,0.932,0.606,0.592,0.301,90.56,0.604
C06652,Large Practice,Psychology,24,2509,0.763,0.669,0.914,0.859,0.906,302.17,0.352
C06653,Small Practice,Therapy,5,305,0.623,0.738,0.571,0.528,0.437,114.28,0.751
C06654,Small Practice,Counseling,5,450,0.706,0.857,0.641,0.423,0.386,94.68,0.565
C06655,Small Practice,Psychiatry,2,282,0.493,1.0,0.73,0.72,0.453,94.37,0.596
C06656,Solo Provider,Psychiatry,1,104,0.669,0.52,0.572,0.538,0.496,49.57,0.824
C06657,Small Practice,Counseling,3,500,0.758,0.699,0.412,0.453,0.304,98.82,0.483
C06658,Large Practice,Therapy,23,4392,0.629,0.426,0.944,1.0,0.698,281.17,0.206
C06659,Small Practice,Counseling,2,219,0.633,0.367,0.624,0.565,0.618,121.4,0.654
C06660,Solo Provider,Psychology,1,137,0.609,0.56,0.739,0.48,0.605,56.14,0.754
C06661,Solo Provider,Psychology,1,121,0.805,0.535,0.511,0.546,0.396,71.65,0.965
C06662,Group Practice,Psychiatry,13,680,0.647,0.747,0.712,0.588,0.725,193.78,0.43
C06663,Solo Provider,Counseling,1,135,0.837,0.521,0.566,0.73,0.43,59.87,0.915
C06664,Group Practice,Psychiatry,8,1215,0.603,0.531,0.333,0.61,0.635,156.44,0.577
C06665,Solo Provider,Psychiatry,1,105,0.628,0.517,0.344,0.462,0.371,46.65,0.771
C06666,Small Practice,Psychiatry,2,362,0.727,0.721,0.548,0.629,0.409,121.41,0.567
C06667,Group Practice,Psychiatry,14,650,0.565,0.491,0.958,0.64,0.5,191.49,0.397
C06668,Solo Provider,Psychiatry,1,178,0.72,1.0,0.229,0.443,0.377,72.15,0.624
C06669,Solo Provider,Therapy,1,99,0.834,0.4,0.453,0.543,0.454,59.34,1.0
C06670,Group Practice,Psychiatry,14,1356,0.681,0.596,0.662,0.738,0.603,186.54,0.478
C06671,Solo Provider,Psychiatry,1,99,0.824,0.835,0.612,0.627,0.252,81.7,0.705
C06672,Solo Provider,Psychiatry,1,163,0.519,0.527,0.787,0.598,0.392,62.26,0.615
C06673,Small Practice,Counseling,4,564,0.478,0.722,0.303,0.442,0.186,75.08,0.66
C06674,Solo Provider,Therapy,1,164,0.796,0.686,0.535,0.55,0.354,72.74,0.793
C06675,Small Practice,Counseling,2,500,0.641,1.0,0.553,0.736,0.437,103.01,0.577
C06676,Solo Provider,Counseling,1,73,0.439,0.897,0.599,0.37,0.483,69.14,0.867
C06677,Solo Provider,Therapy,1,66,0.786,0.719,0.488,0.527,0.283,90.94,0.891
C06678,Group Practice,Psychology,10,1063,0.705,0.532,0.683,0.693,0.55,172.17,0.391
C06679,Solo Provider,Therapy,1,74,0.586,0.34,0.649,0.626,0.562,77.23,0.765
C06680,Solo Provider,Therapy,1,90,0.615,1.0,0.409,0.673,0.406,69.61,0.661
C06681,Small Practice,Counseling,3,292,0.806,0.328,0.35,0.589,0.263,96.77,0.772
C06682,Group Practice,Therapy,11,1462,0.894,0.431,0.684,0.655,0.573,182.43,0.428
C06683,Small Practice,Psychiatry,3,368,0.887,0.409,0.761,0.375,0.255,103.56,0.691
C06684,Group Practice,Therapy,7,562,0.754,0.625,0.5,0.683,0.372,147.02,0.462
C06685,Solo Provider,Therapy,1,69,0.738,0.668,0.459,0.802,0.592,86.49,0.891
C06686,Solo Provider,Therapy,1,124,0.746,0.728,0.555,0.524,0.449,75.74,0.806
C06687,Group Practice,Counseling,14,692,0.602,0.674,0.671,0.495,0.811,204.79,0.367
C06688,Group Practice,Therapy,7,1496,0.476,0.59,0.615,0.651,0.67,182.24,0.373
C06689,Small Practice,Counseling,5,522,0.555,0.603,0.36,0.653,0.342,114.36,0.75
C06690,Solo Provider,Therapy,1,87,0.599,0.587,0.452,0.742,0.227,61.45,0.563
C06691,Solo Provider,Counseling,1,169,0.47,0.643,0.289,0.569,0.188,73.36,1.0
C06692,Solo Provider,Counseling,1,81,0.59,0.511,0.436,0.637,0.301,48.1,0.684
C06693,Group Practice,Psychology,10,1151,0.591,0.701,0.281,0.7,0.482,176.53,0.275
C06694,Group Practice,Counseling,7,1677,0.579,0.766,0.35,0.194,0.451,144.26,0.361
C06695,Solo Provider,Psychiatry,1,94,0.732,0.945,0.528,0.606,0.237,92.9,0.586
C06696,Solo Provider,Counseling,1,63,0.774,0.939,0.288,0.683,0.411,77.83,0.906
C06697,Solo Provider,Therapy,1,140,0.742,0.586,0.591,0.377,0.263,71.89,0.784
C06698,Solo Provider,Psychology,1,76,0.708,0.591,0.623,0.612,0.299,66.74,0.696
C06699,Small Practice,Counseling,3,360,0.584,0.785,0.664,0.526,0.403,91.52,0.576
C06700,Small Practice,Psychology,3,563,0.509,0.539,0.397,0.608,0.374,115.78,0.593
C06701,Solo Provider,Psychiatry,1,132,0.758,0.676,0.389,0.509,0.187,61.9,0.899
C06702,Small Practice,Psychology,3,495,0.65,0.777,0.457,0.402,0.091,99.29,0.642
C06703,Large Practice,Counseling,37,1754,0.581,0.447,0.949,0.755,0.848,332.35,0.252
C06704,Solo Provider,Counseling,1,112,1.0,0.862,0.562,0.183,0.769,61.17,0.839
C06705,Solo Provider,Psychology,1,153,0.685,0.8,0.418,0.608,0.471,86.1,0.886
C06706,Solo Provider,Psychology,1,86,0.723,0.688,0.458,0.335,0.232,77.44,0.769
C06707,Solo Provider,Counseling,1,81,0.686,0.603,0.29,0.359,0.391,71.95,0.801
C06708,Small Practice,Psychology,4,211,0.785,0.374,0.368,0.593,0.424,116.95,0.724
C06709,Small Practice,Therapy,4,344,0.938,0.978,0.457,0.939,0.855,115.24,0.52
C06710,Solo Provider,Counseling,1,116,0.754,0.692,0.212,0.351,0.401,70.34,0.778
C06711,Solo Provider,Therapy,1,71,0.513,1.0,0.747,0.219,0.189,52.31,0.76
C06712,Group Practice,Psychology,7,643,0.795,0.675,0.611,0.561,0.535,141.84,0.641
C06713,Solo Provider,Psychiatry,1,82,0.703,0.734,0.45,0.565,0.548,98.01,0.748
C06714,Small Practice,Therapy,5,196,0.793,0.648,0.564,0.689,0.347,132.94,0.76
C06715,Small Practice,Psychiatry,4,166,0.622,0.878,0.657,0.282,0.505,104.67,0.728
C06716,Group Practice,Therapy,11,1295,0.459,0.263,0.775,0.494,0.543,184.22,0.337
C06717,Small Practice,Psychiatry,4,278,0.68,0.428,0.486,0.605,0.342,102.62,0.6
C06718,Group Practice,Psychiatry,14,1413,0.764,0.862,0.647,0.84,0.427,192.33,0.49
C06719,Small Practice,Psychiatry,3,318,0.752,0.529,0.315,0.405,0.309,81.01,0.691
C06720,Solo Provider,Therapy,1,141,0.705,0.815,0.558,0.653,0.442,54.89,0.917
C06721,Solo Provider,Psychology,1,82,0.482,0.646,0.478,0.338,0.452,61.1,0.67
C06722,Solo Provider,Therapy,1,85,0.786,0.559,0.647,0.798,0.599,90.5,0.981
C06723,Solo Provider,Counseling,1,150,0.792,0.515,0.38,0.673,0.101,56.15,0.932
C06724,Solo Provider,Therapy,1,172,0.816,0.7,0.402,0.357,0.143,78.75,0.584
C06725,Solo Provider,Therapy,1,133,0.668,0.49,0.578,0.38,0.254,71.87,0.919
C06726,Solo Provider,Psychiatry,1,127,0.617,0.692,0.552,0.556,0.55,68.55,0.7
C06727,Solo Provider,Psychiatry,1,121,0.784,0.547,0.608,0.74,0.377,69.78,0.838
C06728,Solo Provider,Counseling,1,142,0.892,0.499,0.589,0.428,0.241,73.83,0.901
C06729,Small Practice,Psychology,5,400,0.675,0.628,0.56,0.477,0.7,93.08,0.539
C06730,Small Practice,Psychiatry,5,540,0.402,0.51,0.43,0.563,0.41,93.41,0.674
C06731,Group Practice,Counseling,7,643,0.787,0.242,0.618,0.219,0.478,164.98,0.502
C06732,Small Practice,Therapy,4,176,0.739,0.48,0.717,0.689,0.28,108.59,0.788
C06733,Group Practice,Counseling,11,828,0.875,0.946,0.577,0.694,0.546,192.32,0.508
C06734,Small Practice,Psychiatry,2,286,0.423,0.557,0.625,0.405,0.438,105.88,0.558
C06735,Solo Provider,Psychiatry,1,130,0.706,0.759,0.524,0.273,0.682,100.45,0.669
C06736,Large Practice,Psychiatry,38,1937,0.899,0.261,1.0,0.717,1.0,302.63,0.199
C06737,Solo Provider,Therapy,1,168,0.915,0.872,0.432,0.458,0.446,71.46,0.794
C06738,Small Practice,Psychology,3,244,0.792,0.731,0.723,0.428,0.307,100.65,0.641
C06739,Small Practice,Psychology,3,385,0.542,0.879,0.452,0.737,0.784,119.57,0.753
C06740,Solo Provider,Psychology,1,169,0.867,0.597,0.504,0.398,0.277,66.27,0.831
C06741,Small Practice,Psychology,3,354,0.72,0.599,0.634,0.431,0.442,111.49,0.765
C06742,Solo Provider,Therapy,1,83,0.431,0.589,0.784,0.47,0.367,72.76,0.817
C06743,Solo Provider,Counseling,1,165,0.602,0.786,0.526,0.219,0.0,42.39,0.746
C06744,Solo Provider,Psychology,1,78,0.644,0.735,0.537,0.341,0.313,75.7,0.745
C06745,Solo Provider,Psychology,1,142,0.674,0.875,0.661,0.489,0.279,77.33,0.712
C06746,Solo Provider,Therapy,1,144,0.591,0.811,0.602,0.351,0.422,87.91,0.859
C06747,Small Practice,Counseling,4,287,0.7,0.769,0.7,0.616,0.456,105.95,0.594
C06748,Small Practice,Psychology,5,152,0.805,0.731,0.422,0.704,0.415,118.86,0.635
C06749,Solo Provider,Psychiatry,1,61,0.834,0.712,0.746,0.193,0.513,69.53,0.7
C06750,Small Practice,Counseling,3,319,0.693,0.488,0.293,0.211,0.374,100.59,0.664
C06751,Solo Provider,Psychology,1,130,0.827,0.829,0.316,0.701,0.425,84.35,0.671
C06752,Solo Provider,Counseling,1,110,0.569,0.465,0.698,0.554,0.213,78.12,0.747
C06753,Small Practice,Counseling,5,239,0.68,0.626,0.935,0.314,0.229,97.27,0.594
C06754,Group Practice,Therapy,11,1645,0.63,0.804,0.629,0.469,0.514,190.33,0.424
C06755,Solo Provider,Counseling,1,106,0.808,0.521,0.513,0.318,0.467,41.53,0.923
C06756,Solo Provider,Psychology,1,73,0.689,0.636,0.603,0.414,0.28,72.98,0.818
C06757,Small Practice,Therapy,2,215,0.835,0.778,0.405,0.531,0.472,94.55,0.573
C06758,Group Practice,Counseling,12,1579,0.88,1.0,0.532,0.746,0.757,193.71,0.336
C06759,Solo Provider,Psychiatry,1,84,0.664,0.641,0.677,0.445,0.287,89.04,0.785
C06760,Solo Provider,Counseling,1,160,0.825,0.754,0.55,0.329,0.459,67.0,0.762
C06761,Solo Provider,Therapy,1,178,0.85,0.99,0.337,0.705,0.356,76.61,0.886
C06762,Small Practice,Psychiatry,2,579,0.621,0.631,0.55,0.627,0.848,95.44,0.716
C06763,Group Practice,Psychiatry,13,1178,0.807,0.642,0.496,0.628,0.777,204.0,0.512
C06764,Small Practice,Psychiatry,5,151,0.748,0.104,0.407,0.318,0.67,102.22,0.713
C06765,Solo Provider,Psychology,1,162,0.639,0.866,0.347,0.312,0.179,51.8,0.822
C06766,Small Practice,Therapy,4,422,0.714,0.417,0.488,0.397,0.416,100.0,0.767
C06767,Group Practice,Psychology,13,544,0.777,0.586,0.736,0.723,0.436,180.19,0.325
C06768,Solo Provider,Therapy,1,95,0.969,0.457,0.323,0.687,0.404,78.04,0.787
C06769,Group Practice,Psychiatry,11,1061,0.863,0.532,0.688,0.832,0.511,176.08,0.492
C06770,Solo Provider,Psychology,1,164,0.564,0.733,0.611,0.65,0.175,74.47,0.936
C06771,Solo Provider,Psychiatry,1,177,0.569,0.812,0.57,0.307,0.443,67.61,0.703
C06772,Small Practice,Psychiatry,3,561,0.753,0.641,0.282,0.596,0.391,88.58,0.456
C06773,Solo Provider,Psychology,1,116,0.843,0.894,0.486,0.695,0.383,100.38,0.731
C06774,Large Practice,Therapy,31,3106,0.774,0.545,0.894,1.0,0.925,298.63,0.274
C06775,Small Practice,Counseling,3,159,0.568,0.679,0.485,0.414,0.199,92.26,0.66
C06776,Solo Provider,Counseling,1,95,0.385,0.579,0.603,0.243,0.659,65.98,0.843
C06777,Solo Provider,Counseling,1,125,0.726,0.508,0.688,0.553,0.388,75.33,0.907
C06778,Small Practice,Psychiatry,4,337,0.705,0.764,0.529,0.33,0.642,102.85,0.672
C06779,Solo Provider,Psychiatry,1,85,0.635,0.386,0.474,0.636,0.337,64.57,0.783
C06780,Small Practice,Counseling,2,165,0.731,0.804,0.599,0.88,0.656,110.64,0.57
C06781,Solo Provider,Psychology,1,91,0.817,0.338,0.521,0.376,0.369,43.87,0.807
C06782,Solo Provider,Counseling,1,90,0.627,0.919,0.228,0.41,0.494,76.3,0.78
C06783,Small Practice,Therapy,2,493,0.581,0.877,0.572,0.284,0.407,97.45,0.719
C06784,Solo Provider,Counseling,1,97,0.712,0.744,0.225,0.484,0.317,57.19,0.879
C06785,Small Practice,Psychology,2,306,0.617,0.453,0.669,0.63,0.448,98.71,0.628
C06786,Small Practice,Counseling,4,220,0.618,0.975,0.549,0.506,0.363,114.25,0.531
C06787,Solo Provider,Counseling,1,160,0.681,1.0,0.194,0.495,0.163,60.43,0.746
C06788,Small Practice,Therapy,2,422,0.761,0.914,0.53,0.667,0.63,80.92,0.711
C06789,Small Practice,Therapy,4,344,0.325,0.52,0.285,0.594,0.287,106.12,0.68
C06790,Group Practice,Therapy,7,1635,0.738,0.179,0.331,0.799,0.344,153.49,0.397
C06791,Solo Provider,Psychology,1,84,0.44,0.464,0.464,0.447,0.529,65.41,0.738
C06792,Solo Provider,Counseling,1,69,0.84,0.392,0.537,0.581,0.245,70.67,0.79
C06793,Small Practice,Therapy,2,475,0.593,0.429,0.783,0.445,0.202,86.82,0.473
C06794,Small Practice,Therapy,2,229,0.662,0.713,0.587,0.498,0.367,109.25,0.807
C06795,Small Practice,Psychiatry,3,272,0.649,0.772,0.548,0.589,0.512,87.98,0.683
C06796,Small Practice,Psychiatry,4,253,0.533,0.764,0.275,0.543,0.431,100.83,0.535
C06797,Small Practice,Therapy,4,484,0.617,0.702,0.586,0.367,0.428,102.91,0.629
C06798,Solo Provider,Psychology,1,68,0.459,0.397,0.648,0.641,0.401,52.14,0.89
C06799,Small Practice,Counseling,2,158,0.652,0.511,0.31,0.748,0.292,101.97,0.695
C06800,Solo Provider,Therapy,1,154,0.81,0.595,0.275,0.664,0.551,82.56,1.0
C06801,Solo Provider,Therapy,1,97,0.604,0.558,0.154,0.374,0.178,67.88,0.859
C06802,Small Practice,Therapy,3,595,1.0,0.695,0.408,0.47,0.3,67.96,0.884
C06803,Solo Provider,Therapy,1,160,0.56,0.58,0.078,0.691,0.487,78.9,0.691
C06804,Solo Provider,Psychiatry,1,89,0.837,0.555,0.157,0.475,0.524,79.0,0.709
C06805,Group Practice,Therapy,11,1084,0.686,0.517,0.638,0.772,0.793,165.91,0.471
C06806,Small Practice,Psychiatry,3,175,0.655,0.593,0.511,0.631,0.342,107.0,0.708
C06807,Small Practice,Therapy,3,529,0.832,0.253,0.436,0.51,0.367,91.08,0.563
C06808,Large Practice,Psychology,40,4207,0.769,0.656,0.899,1.0,1.0,315.16,0.411
C06809,Solo Provider,Psychiatry,1,87,0.733,0.514,0.822,0.639,0.398,88.47,0.832
C06810,Small Practice,Therapy,2,312,0.441,0.647,0.615,0.516,0.238,106.83,0.646
C06811,Solo Provider,Therapy,1,107,0.891,0.45,0.288,0.502,0.264,59.8,0.742
C06812,Solo Provider,Psychiatry,1,125,0.573,0.44,0.354,0.255,0.376,71.63,0.811
C06813,Solo Provider,Psychology,1,66,0.541,0.672,0.515,0.249,0.401,61.63,0.826
C06814,Solo Provider,Therapy,1,142,0.689,0.298,0.514,0.638,0.335,58.0,0.928
C06815,Small Practice,Psychiatry,3,448,0.658,1.0,0.452,0.9,0.398,132.8,0.569
C06816,Solo Provider,Psychology,1,142,0.728,0.597,0.594,0.724,0.281,67.33,0.89
C06817,Small Practice,Psychiatry,5,469,0.594,0.439,0.538,0.575,0.611,104.07,0.737
C06818,Solo Provider,Therapy,1,176,0.603,0.67,0.432,0.52,0.587,62.58,0.951
C06819,Solo Provider,Psychiatry,1,122,0.817,0.768,0.383,0.752,0.146,66.01,0.908
C06820,Large Practice,Therapy,16,1699,0.672,0.988,1.0,0.56,0.632,265.84,0.281
C06821,Small Practice,Counseling,3,358,0.641,0.509,0.428,0.504,0.52,109.73,0.663
C06822,Group Practice,Counseling,6,979,0.658,0.637,0.614,0.467,0.465,165.93,0.556
C06823,Solo Provider,Psychiatry,1,111,0.563,0.711,0.552,0.566,0.325,80.86,0.654
C06824,Solo Provider,Therapy,1,102,0.488,0.41,0.552,0.449,0.39,67.65,0.672
C06825,Small Practice,Therapy,5,468,0.466,0.695,0.66,0.333,0.462,109.11,0.655
C06826,Small Practice,Psychology,2,217,0.482,0.578,0.397,0.512,0.567,111.08,0.501
C06827,Solo Provider,Counseling,1,121,0.956,0.972,0.494,0.524,0.097,80.58,0.778
C06828,Group Practice,Psychiatry,11,749,0.571,0.67,0.367,0.942,0.636,190.94,0.484
C06829,Small Practice,Psychology,3,295,0.742,0.474,0.148,0.53,0.641,99.26,0.817
C06830,Small Practice,Therapy,2,164,0.467,0.841,0.543,0.492,0.09,95.7,0.47
C06831,Solo Provider,Counseling,1,78,0.469,0.747,0.553,0.289,0.375,74.99,0.706
C06832,Small Practice,Psychiatry,2,200,0.682,0.916,0.634,0.511,0.466,106.18,0.523
C06833,Solo Provider,Therapy,1,144,0.904,0.537,0.307,0.339,0.496,45.49,0.782
C06834,Large Practice,Counseling,26,2404,0.473,0.551,0.808,0.626,0.563,286.7,0.381
C06835,Solo Provider,Counseling,1,134,0.708,0.716,0.21,0.601,0.43,72.21,0.844
C06836,Solo Provider,Psychiatry,1,105,0.683,0.661,0.265,0.629,0.268,59.61,0.74
C06837,Solo Provider,Counseling,1,94,0.539,0.631,0.589,0.323,0.366,34.45,0.867
C06838,Small Practice,Therapy,3,430,0.631,0.482,0.507,0.421,0.393,112.43,0.575
C06839,Large Practice,Psychiatry,17,1925,0.808,0.686,0.622,0.884,0.541,259.49,0.332
C06840,Group Practice,Psychology,8,888,0.668,0.473,0.791,0.468,0.474,154.88,0.385
C06841,Small Practice,Psychology,2,558,0.686,1.0,0.637,0.536,0.441,92.78,0.641
C06842,Large Practice,Psychiatry,16,3236,0.542,0.891,0.729,0.783,0.756,259.4,0.28
C06843,Small Practice,Counseling,4,543,0.78,0.35,0.247,0.676,0.289,73.74,0.637
C06844,Solo Provider,Counseling,1,156,0.837,0.554,0.289,0.47,0.373,45.88,0.765
C06845,Small Practice,Therapy,3,372,0.614,0.681,0.349,0.748,0.511,108.93,0.614
C06846,Solo Provider,Counseling,1,99,0.945,0.862,0.691,0.615,0.287,93.66,0.859
C06847,Solo Provider,Therapy,1,105,0.576,0.662,0.579,0.541,0.482,67.41,0.738
C06848,Solo Provider,Psychology,1,176,0.751,0.72,0.37,0.096,0.0,56.12,0.795
C06849,Solo Provider,Psychiatry,1,96,0.705,0.938,0.391,0.574,0.621,94.92,0.696
C06850,Large Practice,Psychiatry,35,4014,0.653,0.194,1.0,1.0,0.876,289.06,0.483
C06851,Large Practice,Therapy,17,1931,0.673,0.409,0.668,0.699,0.478,251.16,0.368
C06852,Solo Provider,Psychiatry,1,169,0.646,0.91,0.367,0.128,0.33,57.9,0.811
C06853,Small Practice,Therapy,2,574,0.76,0.542,0.584,0.603,0.451,106.47,0.634
C06854,Solo Provider,Counseling,1,175,0.655,0.736,0.549,0.607,0.461,82.22,0.575
C06855,Solo Provider,Therapy,1,165,0.555,0.852,0.261,0.781,0.04,58.59,0.832
C06856,Solo Provider,Psychiatry,1,101,0.959,0.693,0.606,0.773,0.275,89.75,0.836
C06857,Solo Provider,Therapy,1,94,0.753,0.544,0.542,0.532,0.444,72.22,0.747
C06858,Solo Provider,Therapy,1,168,0.626,0.886,0.388,0.384,0.19,60.21,0.794
C06859,Solo Provider,Psychiatry,1,112,0.808,0.428,0.212,0.197,0.436,71.26,0.903
C06860,Solo Provider,Counseling,1,174,0.72,0.246,0.708,0.709,0.504,68.3,0.71
C06861,Solo Provider,Psychiatry,1,168,0.671,0.956,0.615,0.48,0.456,55.23,0.709
C06862,Group Practice,Counseling,13,1326,0.529,0.345,0.65,0.611,0.433,181.95,0.41
C06863,Solo Provider,Counseling,1,131,0.721,0.619,0.725,0.738,0.385,67.08,0.718
C06864,Solo Provider,Psychiatry,1,130,0.506,0.506,0.565,0.411,0.342,70.33,0.918
C06865,Small Practice,Counseling,5,388,0.683,0.614,0.665,0.611,0.402,114.92,0.523
C06866,Solo Provider,Psychiatry,1,62,0.463,0.622,0.515,0.468,0.64,54.63,0.953
C06867,Small Practice,Psychology,4,231,0.845,0.635,0.621,0.438,0.187,97.59,0.719
C06868,Solo Provider,Psychology,1,108,1.0,0.819,0.306,0.626,0.357,61.56,0.853
C06869,Small Practice,Psychology,5,553,0.859,0.798,0.689,1.0,0.37,120.93,0.831
C06870,Small Practice,Counseling,2,332,0.699,0.813,0.425,0.191,0.512,91.23,0.673
C06871,Small Practice,Therapy,4,584,0.761,0.882,0.376,0.596,0.754,112.34,0.745
C06872,Small Practice,Psychiatry,3,212,0.63,0.665,0.434,0.492,0.388,98.74,0.491
C06873,Solo Provider,Psychology,1,113,0.497,0.934,0.63,0.631,0.297,92.73,0.898
C06874,Solo Provider,Psychiatry,1,163,0.874,0.71,0.481,0.419,0.398,69.87,0.864
C06875,Solo Provider,Counseling,1,98,0.705,0.999,0.507,0.566,0.024,72.92,0.907
C06876,Small Practice,Psychiatry,3,515,0.807,0.498,0.467,0.853,0.209,86.71,0.526
C06877,Solo Provider,Psychiatry,1,142,0.688,0.956,0.522,0.714,0.084,60.73,0.726
C06878,Solo Provider,Psychiatry,1,179,0.737,0.66,0.51,0.489,0.682,87.93,1.0
C06879,Small Practice,Psychology,3,273,0.639,0.753,0.21,0.481,0.187,94.5,0.71
C06880,Solo Provider,Therapy,1,82,0.831,0.787,0.649,0.4,0.114,59.72,1.0
C06881,Solo Provider,Therapy,1,126,0.876,0.616,0.309,0.89,0.301,76.52,0.995
C06882,Small Practice,Counseling,2,417,0.865,0.596,0.587,0.879,0.601,120.77,0.777
C06883,Solo Provider,Therapy,1,102,0.702,0.517,0.722,0.435,0.312,50.9,0.814
C06884,Group Practice,Therapy,13,544,0.605,0.413,0.474,0.67,0.754,171.22,0.452
C06885,Group Practice,Psychiatry,14,1277,0.768,0.876,0.82,0.727,0.846,183.45,0.408
C06886,Large Practice,Psychiatry,17,4166,0.906,0.796,0.885,0.708,0.694,261.59,0.29
C06887,Solo Provider,Therapy,1,145,0.684,0.584,0.574,0.554,0.588,68.89,0.725
C06888,Solo Provider,Counseling,1,91,0.452,0.493,0.577,0.67,0.49,77.82,0.942
C06889,Small Practice,Therapy,4,547,0.819,0.536,0.282,0.503,0.4,93.39,0.674
C06890,Small Practice,Psychiatry,4,384,0.838,0.454,0.515,0.465,0.189,90.29,0.623
C06891,Small Practice,Therapy,5,385,0.732,0.283,0.7,1.0,0.319,103.75,0.605
C06892,Solo Provider,Psychiatry,1,178,1.0,0.618,0.59,0.735,0.545,63.07,0.926
C06893,Solo Provider,Therapy,1,125,0.857,0.605,0.732,0.385,0.209,75.09,0.808
C06894,Solo Provider,Counseling,1,163,0.651,0.466,0.615,0.429,0.548,73.69,0.736
C06895,Solo Provider,Counseling,1,146,0.504,0.644,0.312,0.784,0.54,83.96,0.829
C06896,Solo Provider,Therapy,1,130,0.803,0.649,0.553,0.546,0.371,62.62,0.626
C06897,Group Practice,Therapy,15,710,0.694,0.535,0.694,0.434,0.561,191.09,0.477
C06898,Solo Provider,Counseling,1,147,0.764,0.937,0.376,0.27,0.326,67.26,0.751
C06899,Small Practice,Psychiatry,4,497,0.733,0.682,0.654,0.559,0.464,89.49,0.836
C06900,Group Practice,Therapy,12,1683,0.694,0.672,0.728,0.515,0.492,178.6,0.531
C06901,Solo Provider,Therapy,1,158,0.829,0.777,0.5,0.594,0.463,76.84,0.798
C06902,Small Practice,Psychiatry,4,245,0.679,0.836,0.85,0.58,0.296,91.9,0.621
C06903,Small Practice,Psychology,2,560,0.717,0.49,0.461,0.655,0.404,113.87,0.588
C06904,Solo Provider,Psychology,1,82,0.762,0.524,0.479,0.164,0.417,76.37,1.0
C06905,Solo Provider,Therapy,1,165,0.747,0.759,0.566,0.503,0.05,57.08,0.771
C06906,Group Practice,Psychiatry,11,762,0.597,0.77,0.928,0.808,0.546,197.28,0.607
C06907,Small Practice,Psychiatry,5,272,0.623,0.634,0.621,0.936,0.664,120.5,0.715
C06908,Group Practice,Psychology,10,1461,0.789,0.936,0.445,0.636,0.653,203.62,0.598
C06909,Large Practice,Psychiatry,40,4611,0.601,0.648,0.873,1.0,1.0,321.44,0.424
C06910,Solo Provider,Therapy,1,88,0.771,0.416,0.315,0.346,0.12,57.78,0.909
C06911,Small Practice,Counseling,4,404,0.692,0.864,0.662,0.538,0.461,123.01,0.691
C06912,Small Practice,Psychology,3,376,0.763,0.395,0.372,0.422,0.491,101.58,0.586
C06913,Small Practice,Psychiatry,3,213,0.709,0.817,0.529,0.504,0.473,106.16,0.818
C06914,Small Practice,Therapy,2,525,0.503,0.6,0.309,0.117,0.342,105.45,0.688
C06915,Small Practice,Therapy,5,319,0.746,0.743,0.537,0.447,0.766,118.1,0.551
C06916,Group Practice,Counseling,7,740,0.717,0.724,0.525,0.378,0.424,146.37,0.562
C06917,Solo Provider,Counseling,1,103,0.714,0.779,0.307,0.487,0.268,50.87,0.83
C06918,Small Practice,Psychology,2,441,1.0,0.766,0.537,0.586,0.605,119.72,0.637
C06919,Solo Provider,Therapy,1,113,0.346,0.628,0.419,0.423,0.479,62.22,0.787
C06920,Small Practice,Psychiatry,5,507,0.641,0.289,0.478,0.319,0.672,115.72,0.723
C06921,Small Practice,Psychiatry,5,347,0.826,0.53,0.567,0.528,0.233,112.15,0.546
C06922,Small Practice,Therapy,2,567,0.494,0.855,0.423,0.306,0.304,85.36,0.514
C06923,Solo Provider,Therapy,1,128,0.777,0.796,0.624,0.646,0.083,80.63,0.656
C06924,Small Practice,Psychiatry,5,496,0.679,0.764,0.719,0.64,0.311,96.75,0.528
C06925,Solo Provider,Psychiatry,1,139,0.884,0.805,0.472,0.27,0.502,59.24,0.819
C06926,Solo Provider,Psychology,1,172,0.776,0.57,0.31,0.544,0.406,65.51,0.611
C06927,Solo Provider,Psychology,1,121,0.574,0.736,0.209,0.295,0.017,36.0,0.841
C06928,Group Practice,Psychiatry,7,963,0.686,0.621,0.651,0.709,0.646,186.42,0.611
C06929,Solo Provider,Psychiatry,1,68,0.733,0.761,0.162,0.486,0.094,41.4,0.727
C06930,Large Practice,Psychology,40,3655,0.79,0.869,0.905,0.868,1.0,315.66,0.249
C06931,Solo Provider,Therapy,1,62,0.807,0.743,0.609,0.594,0.309,81.03,0.937
C06932,Small Practice,Therapy,3,488,0.833,0.648,0.356,0.555,0.693,112.25,0.754
C06933,Small Practice,Counseling,5,542,0.523,0.606,0.434,0.563,0.463,95.35,0.508
C06934,Small Practice,Therapy,5,384,0.765,0.735,0.37,0.352,0.298,95.67,0.73
C06935,Small Practice,Therapy,3,272,0.763,0.871,0.312,0.742,0.491,123.77,0.817
C06936,Small Practice,Psychology,5,328,0.588,0.769,0.357,0.597,0.328,78.05,0.626
C06937,Group Practice,Psychology,7,888,0.4,0.672,0.475,0.57,0.313,162.09,0.528
C06938,Small Practice,Therapy,4,316,0.744,0.719,0.44,0.751,0.358,127.35,0.823
C06939,Solo Provider,Counseling,1,162,0.658,0.519,0.264,0.562,0.369,63.54,0.866
C06940,Solo Provider,Therapy,1,85,0.831,0.641,0.436,0.527,0.482,80.84,0.763
C06941,Small Practice,Psychology,5,584,0.653,0.314,0.474,0.369,0.523,117.66,0.701
C06942,Solo Provider,Psychology,1,86,0.676,0.517,0.535,0.446,0.277,57.07,0.798
C06943,Small Practice,Counseling,2,349,0.66,0.644,0.601,0.896,0.352,104.88,0.463
C06944,Small Practice,Psychology,2,360,0.623,0.92,0.36,0.346,0.515,113.71,0.628
C06945,Solo Provider,Psychology,1,142,0.658,0.766,0.234,0.353,0.34,91.83,0.76
C06946,Small Practice,Therapy,4,531,0.848,0.619,0.301,0.832,0.179,110.32,0.595
C06947,Small Practice,Counseling,4,595,0.961,0.762,0.832,0.464,0.49,94.96,0.796
C06948,Small Practice,Therapy,2,468,0.766,0.724,0.323,0.598,0.43,110.16,0.595
C06949,Small Practice,Psychiatry,5,596,0.595,0.739,0.732,0.798,0.417,110.27,0.757
C06950,Group Practice,Psychiatry,9,1361,0.589,0.376,0.665,0.758,0.618,146.13,0.368
C06951,Small Practice,Psychiatry,2,459,0.919,0.309,0.434,0.365,0.423,94.01,0.784
C06952,Large Practice,Psychology,20,4503,0.759,0.268,0.876,0.92,0.711,271.66,0.256
C06953,Solo Provider,Therapy,1,108,0.691,0.369,0.527,0.45,0.371,69.43,0.742
C06954,Small Practice,Psychiatry,4,362,0.731,0.355,0.511,0.584,0.414,103.12,0.573
C06955,Small Practice,Psychiatry,2,511,0.656,0.898,0.382,0.349,0.351,96.57,0.447
C06956,Solo Provider,Psychology,1,142,0.65,0.774,0.209,0.642,0.391,64.75,0.959
C06957,Solo Provider,Psychology,1,157,0.395,0.85,0.446,0.296,0.357,58.21,0.917
C06958,Small Practice,Counseling,3,331,0.4,0.496,0.601,0.716,0.436,98.66,0.708
C06959,Solo Provider,Therapy,1,166,0.703,0.459,0.391,0.507,0.133,52.09,1.0
C06960,Group Practice,Counseling,9,1010,0.512,0.106,0.842,0.618,0.186,190.37,0.347
C06961,Solo Provider,Psychiatry,1,135,0.313,0.558,0.438,0.601,0.367,56.67,0.627
C06962,Solo Provider,Psychiatry,1,78,0.564,0.785,0.384,0.418,0.329,81.89,0.714
C06963,Small Practice,Psychology,2,410,0.875,0.428,0.533,0.658,0.232,87.54,0.533
C06964,Solo Provider,Therapy,1,75,0.857,0.822,0.416,0.501,0.266,61.68,1.0
C06965,Solo Provider,Counseling,1,112,0.621,0.627,0.268,0.557,0.582,78.02,0.783
C06966,Small Practice,Psychiatry,3,370,0.557,0.667,0.218,0.592,0.358,95.27,0.68
C06967,Small Practice,Counseling,5,554,0.309,0.453,0.601,0.319,0.293,93.78,0.606
C06968,Solo Provider,Therapy,1,109,0.734,0.531,0.208,1.0,0.374,42.21,0.891
C06969,Small Practice,Counseling,4,204,0.639,0.566,0.627,0.503,0.358,103.88,0.649
C06970,Small Practice,Psychiatry,4,458,0.849,0.546,0.495,0.802,0.858,96.12,0.697
C06971,Small Practice,Psychology,3,576,0.957,0.609,0.62,0.675,0.298,111.0,0.839
C06972,Solo Provider,Counseling,1,83,0.696,0.621,0.289,0.378,0.215,72.36,1.0
C06973,Solo Provider,Therapy,1,158,0.976,0.896,0.369,0.602,0.266,75.23,0.903
C06974,Large Practice,Psychiatry,17,3382,0.514,0.638,0.779,0.925,0.75,260.29,0.393
C06975,Small Practice,Counseling,5,572,0.446,0.598,0.409,0.539,0.55,77.5,0.713
C06976,Solo Provider,Therapy,1,118,1.0,0.72,0.508,0.487,0.326,57.63,0.91
C06977,Group Practice,Therapy,9,1036,0.927,0.684,0.662,0.369,0.636,173.94,0.487
C06978,Solo Provider,Psychology,1,85,0.528,0.974,0.899,0.41,0.544,60.01,0.786
C06979,Small Practice,Therapy,4,445,0.657,0.76,0.797,0.638,0.453,99.38,0.554
C06980,Small Practice,Counseling,5,378,0.897,0.625,0.468,0.676,0.277,105.46,0.572
C06981,Large Practice,Counseling,19,3902,0.579,0.661,0.706,0.595,0.779,272.38,0.418
C06982,Large Practice,Therapy,26,3141,0.413,0.949,0.814,1.0,1.0,306.17,0.38
C06983,Solo Provider,Therapy,1,95,0.831,0.61,0.293,0.648,0.139,55.97,0.761
C06984,Small Practice,Counseling,2,410,0.735,0.535,0.417,0.857,0.268,108.25,0.632
C06985,Solo Provider,Psychology,1,144,0.791,0.848,0.681,0.52,0.429,62.21,0.821
C06986,Small Practice,Counseling,4,485,0.453,0.717,0.19,0.38,0.55,99.32,0.697
C06987,Small Practice,Counseling,5,386,0.57,0.547,0.628,0.517,0.127,91.23,0.527
C06988,Solo Provider,Psychiatry,1,160,0.66,0.597,0.307,0.617,0.071,70.08,0.725
C06989,Solo Provider,Psychiatry,1,141,0.66,0.819,0.504,0.524,0.458,86.14,0.841
C06990,Solo Provider,Psychology,1,67,0.659,0.606,0.495,0.516,0.647,63.14,0.852
C06991,Solo Provider,Psychology,1,142,0.936,0.582,0.515,0.509,0.489,72.6,0.745
C06992,Solo Provider,Psychiatry,1,132,0.618,1.0,0.352,0.607,0.795,76.33,0.91
C06993,Group Practice,Psychiatry,9,513,0.578,0.952,0.551,0.596,0.38,172.47,0.419
C06994,Small Practice,Psychiatry,4,190,0.74,0.847,0.167,0.786,0.221,65.32,0.727
C06995,Small Practice,Psychology,4,433,0.842,0.499,0.515,0.705,0.532,121.56,0.494
C06996,Group Practice,Psychiatry,6,636,0.882,0.429,0.377,0.585,0.546,155.68,0.537
C06997,Small Practice,Psychiatry,5,434,0.577,0.469,0.586,0.548,0.508,115.33,0.593
C06998,Solo Provider,Therapy,1,85,0.632,0.451,0.508,0.82,0.423,68.85,0.79
C06999,Group Practice,Counseling,14,1348,0.866,0.724,0.409,0.853,0.471,191.01,0.384
C07000,Small Practice,Psychology,5,501,1.0,0.607,0.62,0.297,0.348,117.37,0.637
C07001,Small Practice,Counseling,3,414,0.88,0.673,0.544,0.409,0.259,103.68,0.432
C07002,Group Practice,Counseling,14,1652,0.646,0.365,0.577,0.731,0.63,165.53,0.517
C07003,Small Practice,Psychology,4,215,0.685,0.764,0.419,0.639,0.28,99.96,0.672
C07004,Small Practice,Psychiatry,5,291,1.0,0.59,0.462,0.318,0.589,107.65,0.596
C07005,Group Practice,Psychology,15,1363,0.762,0.818,0.871,0.66,0.531,191.95,0.384
C07006,Solo Provider,Psychology,1,115,0.738,0.748,0.338,0.535,0.215,80.84,0.787
C07007,Group Practice,Counseling,14,1327,0.567,0.713,0.794,0.537,0.399,177.02,0.369
C07008,Solo Provider,Therapy,1,114,0.489,0.345,0.506,0.391,0.219,60.31,0.865
C07009,Solo Provider,Therapy,1,116,0.851,0.782,0.284,0.227,0.536,101.91,0.788
C07010,Small Practice,Therapy,3,347,0.906,0.48,0.482,0.673,0.391,107.46,0.656
C07011,Solo Provider,Therapy,1,90,0.567,0.617,0.403,0.363,0.349,71.57,0.669
C07012,Large Practice,Psychology,21,2544,0.803,0.499,0.62,0.977,0.699,262.75,0.357
C07013,Solo Provider,Therapy,1,156,0.657,0.865,0.485,0.47,0.453,94.34,0.832
C07014,Small Practice,Therapy,3,488,0.797,0.626,0.347,0.608,0.184,82.55,0.749
C07015,Solo Provider,Psychiatry,1,173,0.555,0.762,0.297,0.599,0.267,57.68,0.788
C07016,Large Practice,Counseling,17,1971,0.45,0.738,0.704,0.571,0.715,249.77,0.204
C07017,Solo Provider,Psychiatry,1,134,0.528,0.665,0.375,0.365,0.419,46.37,0.908
C07018,Solo Provider,Psychiatry,1,116,0.779,0.879,0.422,0.775,0.456,77.87,0.612
C07019,Solo Provider,Psychiatry,1,111,0.697,0.827,0.642,0.347,0.504,61.84,0.787
C07020,Small Practice,Counseling,3,240,0.629,0.656,0.484,0.624,0.602,117.47,0.811
C07021,Large Practice,Psychiatry,38,1792,0.919,0.758,1.0,0.905,1.0,346.37,0.395
C07022,Large Practice,Psychiatry,17,4165,0.513,0.757,0.677,0.525,0.636,273.48,0.348
C07023,Solo Provider,Counseling,1,163,0.634,0.632,0.728,0.74,0.453,70.71,0.853
C07024,Solo Provider,Psychiatry,1,128,0.816,0.471,0.537,0.167,0.122,80.54,0.607
C07025,Solo Provider,Psychiatry,1,142,0.497,1.0,0.349,0.601,0.251,65.51,0.879
C07026,Small Practice,Counseling,2,266,0.5,0.522,0.329,0.225,0.496,84.73,0.762
C07027,Small Practice,Psychiatry,5,357,0.754,0.678,0.375,0.55,0.026,97.17,0.651
C07028,Solo Provider,Psychology,1,133,0.899,0.696,0.479,0.846,0.249,82.93,0.65
C07029,Small Practice,Psychology,2,178,0.86,0.608,0.373,0.313,0.253,88.58,0.5
C07030,Group Practice,Therapy,6,949,0.618,0.673,0.622,0.511,0.403,166.27,0.579
C07031,Solo Provider,Therapy,1,63,1.0,0.493,0.442,0.484,0.294,83.13,0.757
C07032,Solo Provider,Counseling,1,65,0.715,1.0,0.404,0.768,0.632,82.83,0.792
C07033,Solo Provider,Psychiatry,1,128,0.616,0.949,0.343,0.423,0.292,68.23,0.823
C07034,Solo Provider,Psychiatry,1,68,0.605,0.63,0.298,0.71,0.472,66.66,0.765
C07035,Solo Provider,Psychology,1,123,0.561,0.455,0.326,0.675,0.523,76.52,0.663
C07036,Small Practice,Therapy,5,576,0.815,0.665,0.447,0.636,0.642,126.29,0.463
C07037,Solo Provider,Therapy,1,70,0.581,0.906,0.595,0.321,0.281,76.36,0.848
C07038,Small Practice,Psychiatry,3,500,0.759,0.535,0.5,0.524,0.179,93.48,0.684
C07039,Group Practice,Counseling,11,1547,0.875,0.683,0.781,0.737,0.545,182.09,0.308
C07040,Group Practice,Psychology,15,1357,0.683,0.609,0.841,0.886,0.547,181.3,0.318
C07041,Small Practice,Psychology,4,476,0.844,0.445,0.29,0.447,0.691,102.66,0.692
C07042,Solo Provider,Psychology,1,129,0.418,0.597,0.651,0.445,0.331,51.49,0.833
C07043,Solo Provider,Counseling,1,61,0.75,0.501,0.39,0.448,0.311,62.62,0.81
C07044,Solo Provider,Counseling,1,104,0.718,0.487,0.141,0.511,0.265,53.65,0.845
C07045,Large Practice,Therapy,23,1827,0.682,0.839,0.842,0.535,0.67,275.31,0.25
C07046,Large Practice,Psychology,24,2438,0.437,0.625,1.0,0.677,0.595,301.79,0.442
C07047,Solo Provider,Psychology,1,138,0.639,0.693,0.498,0.663,0.2,53.41,0.797
C07048,Solo Provider,Therapy,1,129,0.927,0.71,0.338,0.681,0.276,59.31,0.847
C07049,Small Practice,Counseling,3,243,0.586,0.164,0.332,0.9,0.0,115.22,0.493
C07050,Solo Provider,Psychiatry,1,70,0.556,0.577,0.463,0.232,0.525,56.34,0.788
C07051,Large Practice,Counseling,39,3495,0.5,0.657,0.883,0.755,1.0,327.88,0.313
C07052,Solo Provider,Therapy,1,138,0.546,0.089,0.417,0.23,0.382,62.94,0.671
C07053,Solo Provider,Psychology,1,153,1.0,1.0,0.513,0.51,0.263,59.52,0.722
C07054,Solo Provider,Psychology,1,103,0.641,1.0,0.326,0.488,0.178,61.12,0.853
C07055,Solo Provider,Psychology,1,69,0.695,0.594,0.548,0.626,0.493,75.41,0.706
C07056,Solo Provider,Therapy,1,178,0.899,0.695,0.51,0.465,0.246,81.28,0.807
C07057,Group Practice,Therapy,12,1174,0.898,0.752,0.325,0.488,0.909,173.2,0.438
C07058,Solo Provider,Psychology,1,115,0.569,0.626,0.603,0.455,0.252,53.6,0.573
C07059,Small Practice,Counseling,5,417,0.748,0.723,0.741,0.358,0.46,96.58,0.666
C07060,Solo Provider,Psychology,1,60,0.956,0.654,0.393,0.766,0.434,70.91,0.678
C07061,Solo Provider,Therapy,1,169,0.646,0.498,0.345,0.398,0.49,65.61,0.771
C07062,Solo Provider,Counseling,1,168,0.655,0.434,0.607,0.447,0.635,77.05,0.901
C07063,Solo Provider,Psychiatry,1,68,0.734,0.852,0.502,0.143,0.353,51.31,0.857
C07064,Solo Provider,Therapy,1,93,0.678,0.751,0.641,0.615,0.352,68.61,0.84
C07065,Solo Provider,Psychiatry,1,163,0.686,0.443,0.426,0.308,0.367,67.95,0.759
C07066,Group Practice,Therapy,6,1765,0.561,0.484,0.538,0.53,0.622,165.49,0.454
C07067,Small Practice,Counseling,3,523,0.657,0.41,0.569,0.677,0.178,98.06,0.654
C07068,Group Practice,Counseling,9,1559,0.55,0.513,0.625,0.525,0.447,175.68,0.405
C07069,Solo Provider,Therapy,1,113,0.688,0.601,0.565,0.547,0.392,55.95,0.913
C07070,Small Practice,Psychology,5,209,0.553,0.553,0.334,0.496,0.496,99.74,0.387
C07071,Small Practice,Therapy,2,158,0.659,0.348,0.623,0.684,0.558,106.56,0.594
C07072,Solo Provider,Psychiatry,1,91,0.591,0.457,0.296,0.546,0.493,64.96,0.929
C07073,Solo Provider,Therapy,1,106,0.685,0.825,0.708,0.712,0.53,77.86,0.936
C07074,Small Practice,Psychology,3,172,0.859,0.743,0.625,0.433,0.614,121.46,0.6
C07075,Small Practice,Therapy,5,234,0.62,0.291,0.492,0.348,0.302,80.34,0.701
C07076,Solo Provider,Counseling,1,91,0.885,1.0,0.393,0.717,0.158,73.65,0.84
C07077,Solo Provider,Therapy,1,98,0.644,0.733,0.437,0.449,0.347,57.92,0.781
C07078,Large Practice,Psychiatry,34,1658,0.566,0.578,1.0,0.888,1.0,319.12,0.292
C07079,Solo Provider,Counseling,1,167,0.674,0.185,0.46,0.342,0.323,81.94,0.869
C07080,Large Practice,Counseling,21,4900,0.664,0.653,0.772,0.761,0.812,274.82,0.256
C07081,Group Practice,Therapy,13,710,0.595,0.544,0.635,0.556,0.437,177.87,0.341
C07082,Group Practice,Therapy,15,1716,0.759,0.479,0.907,0.595,0.858,197.87,0.443
C07083,Small Practice,Counseling,3,410,0.655,0.899,0.468,0.696,0.411,113.48,0.638
C07084,Solo Provider,Counseling,1,75,0.582,0.513,0.552,0.136,0.424,63.66,0.656
C07085,Small Practice,Psychiatry,4,370,0.567,0.744,0.679,0.45,0.325,118.49,0.688
C07086,Small Practice,Therapy,2,538,0.589,0.767,0.408,0.332,0.351,96.31,0.627
C07087,Small Practice,Therapy,4,164,0.735,0.869,0.792,0.551,0.348,106.22,0.63
C07088,Solo Provider,Psychiatry,1,153,0.611,0.38,0.263,0.628,0.48,62.87,0.833
C07089,Solo Provider,Psychology,1,124,0.494,0.533,0.355,0.272,0.401,60.72,0.726
C07090,Solo Provider,Therapy,1,65,0.478,0.756,0.529,0.425,0.574,70.8,0.792
C07091,Solo Provider,Psychology,1,163,0.583,0.533,0.582,0.676,0.282,77.88,0.817
C07092,Small Practice,Counseling,4,380,0.611,0.589,0.291,0.669,0.486,115.79,0.679
C07093,Group Practice,Therapy,10,1243,0.793,0.439,0.373,0.68,0.54,194.1,0.464
C07094,Small Practice,Counseling,3,256,0.672,0.517,0.592,0.615,0.372,91.51,0.376
C07095,Small Practice,Counseling,3,191,0.506,0.754,0.562,0.368,0.539,100.5,0.642
C07096,Solo Provider,Psychiatry,1,133,0.528,0.884,0.286,0.307,0.389,87.27,0.702
C07097,Solo Provider,Therapy,1,179,0.819,0.946,0.572,0.384,0.42,52.36,0.936
C07098,Solo Provider,Psychiatry,1,175,0.865,0.738,0.749,0.585,0.391,59.0,0.868
C07099,Solo Provider,Psychiatry,1,79,0.71,0.556,0.373,0.858,0.637,75.88,0.546
C07100,Solo Provider,Psychiatry,1,66,0.521,0.857,0.498,0.761,0.239,66.24,0.705
C07101,Solo Provider,Counseling,1,152,0.686,0.864,0.535,0.462,0.376,45.21,0.642
C07102,Solo Provider,Therapy,1,115,0.882,0.513,0.68,0.46,0.388,81.06,0.883
C07103,Small Practice,Psychiatry,4,400,0.711,0.647,0.567,0.581,0.312,86.79,0.665
C07104,Solo Provider,Counseling,1,148,0.718,0.474,0.423,0.425,0.294,68.34,0.876
C07105,Solo Provider,Therapy,1,90,0.844,1.0,0.63,0.251,0.27,62.19,0.934
C07106,Solo Provider,Therapy,1,107,0.75,0.599,0.721,0.485,0.73,68.37,0.744
C07107,Small Practice,Psychiatry,5,351,0.582,0.78,0.323,0.389,0.518,86.49,0.433
C07108,Small Practice,Counseling,5,371,0.761,0.589,0.59,0.414,0.667,100.74,0.741
C07109,Solo Provider,Counseling,1,60,0.672,0.296,0.604,0.295,0.287,44.77,0.771
C07110,Solo Provider,Counseling,1,78,0.756,0.56,0.596,0.638,0.241,62.58,0.755
C07111,Large Practice,Counseling,21,2087,0.921,0.684,0.516,0.641,0.659,293.45,0.342
C07112,Small Practice,Therapy,2,299,0.685,0.497,0.693,0.474,0.173,81.66,0.686
C07113,Small Practice,Psychiatry,3,225,0.641,0.595,0.083,0.719,0.227,98.46,0.578
C07114,Small Practice,Psychology,4,351,1.0,0.34,0.453,0.682,0.356,136.45,0.65
C07115,Group Practice,Therapy,6,1474,0.91,0.767,0.651,0.538,0.214,171.06,0.559
C07116,Group Practice,Counseling,7,1050,0.678,0.533,0.753,0.64,0.202,161.77,0.445
C07117,Solo Provider,Psychology,1,171,0.306,0.515,0.854,0.111,0.195,39.48,0.557
C07118,Small Practice,Counseling,5,356,0.522,0.959,0.661,0.516,0.691,102.54,0.602
C07119,Solo Provider,Psychiatry,1,162,0.462,0.311,0.564,0.568,0.175,67.4,0.847
C07120,Small Practice,Psychology,4,420,0.557,0.792,0.577,0.844,0.487,92.97,0.473
C07121,Solo Provider,Therapy,1,125,0.667,0.796,0.513,0.407,0.116,79.31,0.947
C07122,Solo Provider,Therapy,1,82,0.8,0.696,0.568,0.77,0.582,74.18,0.851
C07123,Large Practice,Psychology,18,2732,0.667,1.0,0.727,0.849,0.736,278.78,0.201
C07124,Group Practice,Therapy,7,1136,0.558,0.757,0.365,0.733,0.562,175.01,0.576
C07125,Solo Provider,Psychiatry,1,70,0.557,0.851,0.64,0.664,0.478,83.92,0.652
C07126,Large Practice,Counseling,26,4505,0.607,0.5,0.605,0.842,0.813,299.35,0.433
C07127,Solo Provider,Psychiatry,1,65,0.818,0.631,0.448,0.533,0.345,75.52,0.821
C07128,Solo Provider,Psychiatry,1,153,0.517,0.577,0.581,0.418,0.288,54.72,0.902
C07129,Group Practice,Psychiatry,11,1033,0.722,0.81,0.605,0.498,0.45,169.87,0.616
C07130,Solo Provider,Psychology,1,123,0.631,0.601,0.404,0.608,0.383,75.79,0.741
C07131,Solo Provider,Counseling,1,109,0.742,0.889,0.512,0.49,0.337,73.14,0.815
C07132,Small Practice,Psychology,3,543,0.634,0.763,0.56,0.539,0.504,105.44,0.642
C07133,Solo Provider,Psychiatry,1,95,0.82,0.768,0.35,0.576,0.375,90.4,0.839
C07134,Solo Provider,Psychiatry,1,140,0.668,0.654,0.381,0.479,0.266,40.01,0.693
C07135,Solo Provider,Therapy,1,114,0.606,0.639,0.384,0.688,0.402,80.28,0.874
C07136,Small Practice,Therapy,4,211,0.846,0.491,0.639,0.602,0.624,124.87,0.653
C07137,Solo Provider,Psychiatry,1,148,0.715,0.675,0.565,0.459,0.451,75.02,0.648
C07138,Solo Provider,Psychiatry,1,138,0.783,0.088,0.193,0.521,0.379,69.49,0.775
C07139,Small Practice,Counseling,4,242,1.0,0.658,0.665,0.407,0.34,104.49,0.568
C07140,Solo Provider,Counseling,1,65,0.733,0.838,0.517,0.739,0.571,75.05,0.804
C07141,Solo Provider,Therapy,1,72,0.619,0.504,0.35,0.44,0.447,76.19,0.829
C07142,Small Practice,Psychiatry,4,353,0.611,0.786,0.304,0.714,0.307,109.82,0.42
C07143,Small Practice,Therapy,5,243,0.876,0.823,0.377,0.819,0.157,124.51,0.696
C07144,Solo Provider,Therapy,1,116,0.548,1.0,0.489,0.575,0.544,56.78,0.842
C07145,Group Practice,Psychiatry,8,1144,0.554,0.49,0.428,0.488,0.067,164.08,0.331
C07146,Small Practice,Counseling,5,416,0.591,0.774,0.137,0.606,0.618,106.67,0.702
C07147,Solo Provider,Therapy,1,147,0.984,0.999,0.57,0.738,0.368,86.48,0.876
C07148,Small Practice,Psychology,4,264,0.576,0.808,0.792,0.759,0.473,116.52,0.676
C07149,Small Practice,Psychiatry,5,191,0.684,0.611,0.344,0.739,0.482,111.46,0.388
C07150,Small Practice,Psychology,3,272,0.611,0.466,0.302,0.553,0.295,115.81,0.503
C07151,Small Practice,Counseling,2,311,0.621,0.951,0.521,0.501,0.419,100.26,0.597
C07152,Small Practice,Counseling,5,208,0.952,0.551,0.619,0.309,0.516,108.11,0.83
C07153,Large Practice,Counseling,38,4472,0.62,0.737,1.0,0.887,1.0,329.81,0.212
C07154,Small Practice,Psychiatry,3,232,0.799,0.801,0.204,0.524,0.175,93.63,0.477
C07155,Group Practice,Therapy,11,1293,0.468,0.699,0.484,0.644,0.927,169.13,0.418
C07156,Small Practice,Counseling,3,465,0.671,0.588,0.5,0.505,0.218,113.75,0.732
C07157,Group Practice,Counseling,8,1285,0.753,0.282,0.567,0.923,0.614,175.17,0.465
C07158,Large Practice,Counseling,20,2126,0.763,0.835,0.675,0.868,0.589,260.32,0.256
C07159,Solo Provider,Psychiatry,1,80,0.724,0.665,0.524,0.564,0.476,79.58,1.0
C07160,Solo Provider,Psychiatry,1,70,0.663,0.644,0.227,0.653,0.636,85.94,0.713
C07161,Small Practice,Therapy,4,492,0.741,0.8,0.395,0.744,0.612,115.1,0.698
C07162,Solo Provider,Psychiatry,1,162,0.581,0.82,0.467,0.489,0.51,61.04,0.771
C07163,Small Practice,Psychiatry,4,516,0.474,0.781,0.325,0.24,0.521,91.55,0.682
C07164,Small Practice,Psychiatry,2,522,0.751,0.566,0.599,0.426,0.322,86.01,0.761
C07165,Group Practice,Counseling,11,1408,0.56,0.694,0.902,0.658,0.417,184.46,0.367
C07166,Solo Provider,Psychology,1,77,0.418,0.685,0.598,0.667,0.42,67.6,0.92
C07167,Small Practice,Therapy,3,531,0.692,0.703,1.0,0.503,0.431,115.41,0.824
C07168,Solo Provider,Psychology,1,154,0.448,0.959,0.514,0.03,0.307,53.74,0.728
C07169,Small Practice,Psychology,2,207,0.808,0.878,0.676,0.796,0.356,78.04,0.441
C07170,Solo Provider,Psychology,1,131,0.691,0.92,0.535,0.214,0.277,50.22,0.843
C07171,Small Practice,Counseling,5,585,0.634,0.592,0.284,0.906,0.411,99.34,0.679
C07172,Small Practice,Counseling,2,324,0.746,0.728,0.566,0.696,0.49,98.23,0.705
C07173,Small Practice,Psychiatry,3,203,0.516,0.56,0.559,0.604,0.503,88.12,0.797
C07174,Small Practice,Psychiatry,5,242,0.661,0.915,0.741,0.594,0.397,125.09,0.676
C07175,Solo Provider,Therapy,1,74,0.583,0.547,0.479,0.702,0.493,80.71,0.603
C07176,Solo Provider,Counseling,1,111,0.795,0.611,0.54,0.52,0.286,64.78,0.724
C07177,Solo Provider,Counseling,1,90,0.506,0.57,0.417,0.688,0.468,48.65,1.0
C07178,Large Practice,Psychology,33,2068,0.885,0.699,0.912,0.737,1.0,303.93,0.319
C07179,Group Practice,Therapy,13,1395,1.0,0.49,0.732,0.68,0.681,205.75,0.582
C07180,Solo Provider,Psychology,1,98,0.451,0.633,0.452,0.044,0.52,59.86,0.747
C07181,Solo Provider,Counseling,1,94,0.614,0.613,0.656,0.526,0.686,82.74,0.863
C07182,Solo Provider,Therapy,1,140,0.691,0.836,0.643,0.557,0.452,75.22,0.786
C07183,Small Practice,Psychology,2,270,0.706,0.83,0.472,0.417,0.346,103.9,0.621
C07184,Solo Provider,Psychology,1,105,0.616,0.853,0.425,0.779,0.372,83.29,0.853
C07185,Solo Provider,Psychology,1,120,0.794,1.0,0.466,0.255,0.363,71.76,0.879
C07186,Solo Provider,Psychology,1,69,0.547,0.589,0.344,0.399,0.354,53.24,0.847
C07187,Solo Provider,Counseling,1,145,0.807,0.496,0.33,0.886,0.289,54.49,0.617
C07188,Solo Provider,Therapy,1,124,0.401,0.947,0.454,0.335,0.452,63.4,0.971
C07189,Solo Provider,Psychology,1,172,0.65,0.438,0.736,0.389,0.283,65.47,0.904
C07190,Small Practice,Counseling,4,219,0.662,0.53,0.537,0.631,0.389,109.85,0.707
C07191,Small Practice,Counseling,3,385,0.708,0.599,0.439,0.599,0.224,68.96,0.94
C07192,Solo Provider,Psychiatry,1,74,0.616,0.743,0.574,0.368,0.27,48.12,0.805
C07193,Small Practice,Counseling,2,465,0.831,0.797,0.482,0.655,0.4,90.13,0.573
C07194,Solo Provider,Psychiatry,1,174,0.599,0.796,0.419,0.733,0.225,69.9,0.686
C07195,Small Practice,Psychiatry,3,391,0.722,0.637,0.418,0.49,0.076,87.26,0.799
C07196,Large Practice,Counseling,16,3585,0.388,0.49,0.727,0.999,0.704,258.94,0.355
C07197,Solo Provider,Psychiatry,1,94,0.697,0.613,0.51,0.721,0.314,64.59,0.802
C07198,Group Practice,Psychiatry,11,847,0.868,0.729,0.661,0.609,0.417,188.58,0.519
C07199,Small Practice,Psychology,3,576,0.696,0.508,0.59,0.718,0.529,111.92,0.571
C07200,Small Practice,Psychology,4,189,0.9,0.679,0.539,0.81,0.333,99.22,0.662
C07201,Solo Provider,Counseling,1,145,0.742,0.692,0.146,0.636,0.362,68.41,0.875
C07202,Solo Provider,Psychology,1,144,0.857,0.859,0.495,0.669,0.5,64.25,0.682
C07203,Solo Provider,Therapy,1,112,0.8,0.523,0.16,0.34,0.311,75.19,0.846
C07204,Large Practice,Therapy,25,1579,0.727,0.501,0.524,0.717,0.757,290.74,0.31
C07205,Small Practice,Counseling,3,259,0.714,0.578,0.267,0.4,0.259,118.56,0.909
C07206,Solo Provider,Psychiatry,1,81,0.511,0.721,0.262,0.55,0.294,75.45,0.786
C07207,Small Practice,Therapy,3,450,0.83,0.74,0.385,0.313,0.359,92.34,0.62
C07208,Solo Provider,Therapy,1,131,0.71,0.888,0.15,0.301,0.407,45.21,0.614
C07209,Solo Provider,Therapy,1,97,1.0,0.751,0.865,0.222,0.681,86.96,0.669
C07210,Small Practice,Therapy,2,537,0.744,0.715,0.413,0.287,0.344,81.59,0.674
C07211,Small Practice,Counseling,5,163,0.69,0.731,0.286,0.459,0.466,91.17,0.61
C07212,Small Practice,Psychology,3,534,0.845,0.786,0.44,0.501,0.591,121.87,0.73
C07213,Small Practice,Psychology,3,264,0.791,0.77,0.711,0.148,0.422,115.21,0.745
C07214,Small Practice,Therapy,2,559,0.758,0.782,0.668,0.584,0.425,118.43,0.623
C07215,Group Practice,Psychology,14,772,0.857,0.784,0.697,0.568,0.491,199.65,0.553
C07216,Solo Provider,Counseling,1,161,0.737,0.688,0.645,0.641,0.303,51.52,0.851
C07217,Small Practice,Counseling,5,575,0.438,0.496,0.41,0.206,0.616,97.19,0.599
C07218,Small Practice,Psychiatry,3,449,0.785,0.899,0.573,0.595,0.108,109.08,0.64
C07219,Solo Provider,Psychology,1,83,0.88,0.759,0.778,0.388,0.259,84.5,0.838
C07220,Solo Provider,Psychiatry,1,71,0.395,0.67,0.608,0.669,0.453,33.9,0.791
C07221,Solo Provider,Counseling,1,103,1.0,0.76,0.333,0.457,0.407,51.82,0.848
C07222,Solo Provider,Counseling,1,80,0.775,0.546,0.198,0.377,0.366,81.27,0.636
C07223,Small Practice,Therapy,2,503,0.837,0.666,0.295,0.381,0.584,99.75,0.571
C07224,Solo Provider,Psychiatry,1,103,0.657,0.622,0.446,0.471,0.3,61.93,0.768
C07225,Small Practice,Therapy,3,353,0.49,0.583,0.364,0.525,0.244,113.09,0.461
C07226,Solo Provider,Psychology,1,160,0.366,0.784,0.391,0.5,0.386,67.13,0.892
C07227,Solo Provider,Psychiatry,1,86,0.476,0.418,0.236,0.412,0.413,50.94,0.71
C07228,Solo Provider,Psychology,1,125,0.599,0.756,0.409,0.686,0.276,63.99,0.795
C07229,Solo Provider,Counseling,1,84,0.732,0.733,0.458,0.958,0.587,93.88,0.74
C07230,Large Practice,Counseling,25,3671,0.498,0.264,0.853,0.773,0.424,275.54,0.31
C07231,Solo Provider,Therapy,1,63,0.933,0.605,0.402,0.508,0.16,29.88,0.706
C07232,Solo Provider,Therapy,1,170,0.754,0.81,0.503,0.542,0.35,66.97,0.947
C07233,Solo Provider,Counseling,1,76,0.813,0.395,0.557,0.315,0.277,77.19,0.778
C07234,Solo Provider,Therapy,1,67,0.586,0.702,0.225,0.473,0.29,52.11,0.922
C07235,Small Practice,Psychiatry,4,301,0.629,0.532,0.541,0.766,0.366,104.69,0.683
C07236,Small Practice,Counseling,2,217,0.548,0.64,0.617,0.389,0.355,79.26,0.64
C07237,Solo Provider,Psychiatry,1,133,0.609,0.635,0.552,0.628,0.184,77.07,0.838
C07238,Small Practice,Therapy,3,490,0.814,0.718,0.564,0.677,0.267,117.86,0.553
C07239,Solo Provider,Counseling,1,79,0.65,0.385,0.438,0.491,0.402,85.43,0.76
C07240,Group Practice,Psychology,6,1583,0.407,0.383,0.427,0.65,0.425,152.23,0.483
C07241,Small Practice,Psychiatry,5,389,0.46,0.675,0.612,0.4,0.689,117.31,0.46
C07242,Solo Provider,Psychology,1,115,0.567,0.703,0.333,0.558,0.331,57.49,0.798
C07243,Small Practice,Psychology,5,325,0.581,0.762,0.772,0.943,0.577,130.47,0.647
C07244,Group Practice,Psychology,15,1643,0.645,1.0,0.819,0.551,0.762,182.54,0.506
C07245,Solo Provider,Counseling,1,167,0.709,0.637,0.074,0.27,0.53,68.59,0.727
C07246,Large Practice,Counseling,39,4525,0.389,0.94,1.0,1.0,1.0,320.55,0.396
C07247,Group Practice,Psychiatry,12,915,0.633,0.548,0.819,0.736,0.597,193.26,0.428
C07248,Solo Provider,Counseling,1,74,0.979,0.602,0.322,0.707,0.536,89.1,0.793
C07249,Small Practice,Counseling,2,226,0.757,0.355,0.499,0.526,0.349,106.7,0.613
C07250,Small Practice,Therapy,4,264,0.879,0.641,0.384,0.499,0.452,113.26,0.794
C07251,Small Practice,Psychiatry,4,332,0.5,0.863,0.501,0.512,0.701,102.76,0.636
C07252,Small Practice,Psychology,5,174,0.744,0.455,0.552,0.588,0.529,85.12,0.475
C07253,Group Practice,Counseling,9,981,0.679,0.449,0.38,0.682,0.465,153.22,0.531
C07254,Small Practice,Psychology,5,175,0.951,0.596,0.437,0.715,0.623,107.23,0.586
C07255,Small Practice,Psychology,2,543,0.745,0.708,0.516,0.515,0.536,91.13,0.789
C07256,Solo Provider,Psychiatry,1,145,0.833,0.642,0.272,0.355,0.307,49.86,0.906
C07257,Solo Provider,Therapy,1,166,0.66,0.564,0.626,0.556,0.475,56.01,0.761
C07258,Group Practice,Counseling,15,736,0.612,0.767,0.62,0.792,0.665,196.51,0.463
C07259,Small Practice,Psychology,2,391,0.444,0.702,0.652,0.516,0.339,110.89,0.676
C07260,Solo Provider,Psychiatry,1,77,0.658,0.381,0.489,0.574,0.394,70.51,0.751
C07261,Group Practice,Counseling,6,530,0.634,0.599,0.566,0.62,0.381,168.79,0.47
C07262,Group Practice,Therapy,12,910,0.772,0.884,0.733,0.985,0.721,178.19,0.55
C07263,Small Practice,Psychiatry,5,478,0.828,0.642,0.218,0.164,0.398,80.46,0.596
C07264,Solo Provider,Counseling,1,124,0.53,0.35,0.775,0.598,0.304,56.8,0.659
C07265,Small Practice,Psychiatry,4,346,0.618,0.592,0.333,0.4,0.165,76.63,0.452
C07266,Solo Provider,Counseling,1,153,0.609,0.595,0.535,0.583,0.462,77.36,0.77
C07267,Solo Provider,Counseling,1,160,0.791,0.643,0.609,0.056,0.505,78.5,0.637
C07268,Small Practice,Therapy,2,238,0.762,0.634,0.632,0.55,0.622,94.14,0.578
C07269,Group Practice,Psychiatry,7,533,0.795,0.771,0.362,0.44,0.519,157.62,0.575
C07270,Solo Provider,Counseling,1,142,0.486,0.831,0.203,0.604,0.043,54.72,0.788
C07271,Group Practice,Psychiatry,8,1080,0.916,0.635,0.545,0.552,0.379,164.89,0.633
C07272,Group Practice,Therapy,15,804,0.576,0.653,0.603,0.543,0.592,200.67,0.616
C07273,Solo Provider,Therapy,1,162,0.495,0.708,0.386,0.348,0.464,65.36,0.672
C07274,Solo Provider,Therapy,1,165,0.767,0.769,0.273,0.796,0.408,54.84,0.797
C07275,Small Practice,Therapy,3,505,0.642,0.64,0.542,0.471,0.617,107.24,0.609
C07276,Small Practice,Psychiatry,4,173,0.613,0.399,0.443,0.698,0.428,88.07,0.715
C07277,Solo Provider,Psychiatry,1,126,0.783,0.708,0.323,0.312,0.339,47.9,0.793
C07278,Small Practice,Counseling,2,239,0.478,0.53,0.279,0.501,0.286,95.87,0.782
C07279,Small Practice,Psychology,3,460,0.833,0.61,0.604,0.311,0.49,109.35,0.852
C07280,Small Practice,Therapy,2,585,0.868,0.522,0.548,0.901,0.295,128.77,0.699
C07281,Small Practice,Therapy,5,470,0.803,0.292,0.377,0.703,0.39,119.36,0.598
C07282,Solo Provider,Therapy,1,125,0.795,0.497,0.575,0.344,0.125,45.94,0.829
C07283,Solo Provider,Psychiatry,1,66,0.542,0.673,0.577,0.456,0.182,43.95,0.683
C07284,Solo Provider,Psychology,1,177,0.801,0.48,0.493,0.198,0.552,46.21,0.794
C07285,Group Practice,Therapy,7,659,0.525,0.533,0.576,0.426,0.524,175.06,0.573
C07286,Group Practice,Psychiatry,6,843,0.907,0.677,0.514,0.547,0.464,155.38,0.489
C07287,Small Practice,Psychiatry,4,205,0.887,1.0,0.245,0.545,0.294,117.63,0.71
C07288,Solo Provider,Therapy,1,111,0.647,0.556,0.43,0.569,0.418,64.94,0.946
C07289,Small Practice,Therapy,5,328,0.562,0.417,0.672,0.627,0.359,100.52,0.557
C07290,Solo Provider,Therapy,1,128,0.731,0.677,0.247,0.295,0.388,52.42,0.858
C07291,Solo Provider,Therapy,1,166,0.704,0.253,0.406,0.613,0.331,82.5,0.643
C07292,Solo Provider,Counseling,1,144,0.701,0.687,0.597,0.481,0.327,57.86,0.923
C07293,Group Practice,Counseling,15,1065,0.53,0.519,0.719,0.923,0.642,200.43,0.31
C07294,Solo Provider,Psychology,1,74,0.795,0.702,0.24,0.573,0.183,44.17,0.935
C07295,Small Practice,Counseling,2,522,0.558,0.904,0.248,0.92,0.332,111.81,0.594
C07296,Large Practice,Counseling,29,2956,0.572,0.512,0.81,0.73,0.994,300.28,0.309
C07297,Small Practice,Counseling,4,453,0.797,0.525,0.372,0.461,0.636,99.5,0.592
C07298,Solo Provider,Therapy,1,78,0.733,0.626,0.302,0.311,0.48,74.8,0.681
C07299,Group Practice,Counseling,13,1029,0.352,0.766,0.765,0.755,0.514,178.48,0.414
C07300,Small Practice,Psychiatry,2,288,0.742,0.613,0.41,0.403,0.408,98.97,0.777
C07301,Solo Provider,Psychology,1,60,0.696,0.737,0.571,0.6,0.388,56.28,1.0
C07302,Small Practice,Counseling,2,577,0.783,1.0,0.263,0.785,0.632,98.36,0.634
C07303,Group Practice,Psychiatry,11,1329,0.576,0.838,0.839,0.605,0.523,177.35,0.627
C07304,Solo Provider,Psychiatry,1,175,0.616,0.164,0.633,0.449,0.485,82.17,0.785
C07305,Small Practice,Therapy,4,424,0.551,0.566,0.597,0.787,0.439,112.43,0.671
C07306,Solo Provider,Therapy,1,135,0.632,0.617,0.615,0.817,0.231,72.8,0.872
C07307,Solo Provider,Therapy,1,127,0.625,0.477,0.499,0.413,0.424,51.9,0.7
C07308,Small Practice,Psychiatry,5,203,0.729,0.681,0.449,0.689,0.413,103.31,0.728
C07309,Solo Provider,Counseling,1,126,0.591,0.726,0.317,0.82,0.164,80.15,0.785
C07310,Solo Provider,Psychiatry,1,143,0.743,0.586,0.638,0.354,0.325,76.46,0.638
C07311,Solo Provider,Psychology,1,155,0.784,0.673,0.477,0.53,0.414,57.94,0.813
C07312,Solo Provider,Therapy,1,110,0.361,1.0,0.368,0.482,0.535,51.0,0.834
C07313,Solo Provider,Psychology,1,111,0.832,0.757,0.388,0.505,0.374,72.96,0.825
C07314,Small Practice,Counseling,4,585,0.805,0.757,0.641,0.679,0.534,110.73,0.605
C07315,Solo Provider,Psychiatry,1,65,0.572,0.686,0.345,0.592,0.548,62.76,0.8
C07316,Solo Provider,Psychiatry,1,175,0.855,0.515,0.482,0.565,0.326,47.94,0.851
C07317,Group Practice,Counseling,10,1555,0.969,0.751,0.606,0.413,0.479,176.21,0.481
C07318,Large Practice,Psychology,32,1791,0.737,0.496,0.844,1.0,0.89,292.7,0.235
C07319,Solo Provider,Psychiatry,1,102,0.593,0.553,0.594,0.507,0.549,85.7,0.683
C07320,Solo Provider,Therapy,1,137,0.666,0.607,0.804,0.431,0.679,61.64,0.886
C07321,Solo Provider,Counseling,1,137,0.556,0.685,0.481,0.444,0.288,65.69,0.955
C07322,Solo Provider,Psychology,1,75,0.718,0.658,0.788,0.609,0.763,71.84,0.878
C07323,Solo Provider,Therapy,1,92,0.887,0.636,0.694,0.397,0.13,82.79,0.81
C07324,Group Practice,Psychology,7,963,0.787,0.529,0.697,0.522,0.516,160.47,0.417
C07325,Small Practice,Counseling,5,255,0.505,0.6,0.592,0.875,0.362,94.09,0.586
C07326,Solo Provider,Counseling,1,127,0.789,0.804,0.551,0.588,0.42,88.22,0.763
C07327,Large Practice,Therapy,22,3264,0.629,0.467,0.761,0.632,0.652,261.14,0.18
C07328,Solo Provider,Psychiatry,1,104,0.459,0.714,0.336,0.786,0.51,77.51,0.807
C07329,Solo Provider,Counseling,1,133,0.626,0.613,0.627,0.706,0.252,52.72,1.0
C07330,Solo Provider,Counseling,1,170,0.357,0.96,0.574,0.544,0.49,49.58,0.732
C07331,Solo Provider,Psychology,1,70,0.595,0.472,0.375,0.412,0.297,67.79,0.838
C07332,Group Practice,Psychiatry,12,918,0.319,0.467,0.479,0.847,0.439,184.45,0.26
C07333,Solo Provider,Counseling,1,80,0.714,1.0,0.258,0.475,0.212,53.88,0.696
C07334,Small Practice,Psychology,3,399,0.728,0.661,0.49,0.752,0.488,109.33,0.734
C07335,Solo Provider,Psychology,1,111,0.839,0.444,0.367,0.524,0.374,74.97,0.658
C07336,Group Practice,Counseling,13,1745,0.905,0.525,0.772,0.587,0.595,201.78,0.56
C07337,Small Practice,Psychiatry,5,223,0.622,0.92,0.51,0.05,0.506,98.98,0.57
C07338,Solo Provider,Psychology,1,78,0.789,0.317,0.58,0.254,0.257,46.16,0.832
C07339,Solo Provider,Therapy,1,113,0.75,0.745,0.438,0.617,0.972,53.37,0.651
C07340,Group Practice,Psychology,7,683,0.523,0.717,0.646,0.578,0.518,161.59,0.621
C07341,Small Practice,Psychology,2,349,0.504,0.713,0.553,0.511,0.532,105.88,0.654
C07342,Solo Provider,Counseling,1,134,0.594,0.47,0.312,0.408,0.176,54.37,0.987
C07343,Group Practice,Psychiatry,10,501,0.528,1.0,0.562,0.52,0.455,170.31,0.429
C07344,Solo Provider,Counseling,1,164,0.829,0.45,0.586,0.286,0.394,56.46,0.698
C07345,Solo Provider,Psychology,1,147,0.772,0.863,0.738,0.575,0.367,51.84,0.704
C07346,Small Practice,Therapy,2,532,0.662,0.652,0.42,0.402,0.487,84.31,0.82
C07347,Solo Provider,Therapy,1,86,0.665,0.521,0.643,0.598,0.652,75.64,0.908
C07348,Solo Provider,Therapy,1,133,0.722,0.72,0.328,0.586,0.574,67.97,0.737
C07349,Solo Provider,Psychiatry,1,115,0.925,0.516,0.502,0.507,0.327,58.59,0.614
C07350,Solo Provider,Psychology,1,96,0.516,0.626,0.397,0.31,0.328,52.87,0.987
C07351,Solo Provider,Counseling,1,171,0.666,0.519,0.228,0.82,0.093,71.66,0.629
C07352,Solo Provider,Counseling,1,114,0.393,0.789,0.594,0.376,0.374,55.5,0.795
C07353,Large Practice,Psychology,26,3576,0.676,0.566,0.926,0.786,0.886,297.91,0.261
C07354,Small Practice,Psychiatry,5,370,0.403,0.718,0.421,0.485,0.487,101.54,0.662
C07355,Solo Provider,Psychology,1,144,0.727,0.513,0.63,0.693,0.37,61.76,0.744
C07356,Solo Provider,Psychiatry,1,156,0.951,0.617,0.487,0.584,0.0,89.94,0.708
C07357,Small Practice,Therapy,5,593,0.476,0.569,0.376,0.432,0.267,102.87,0.633
C07358,Solo Provider,Psychology,1,73,0.577,0.825,0.486,0.694,0.411,68.2,0.774
C07359,Solo Provider,Counseling,1,131,0.753,0.877,0.484,0.548,0.453,54.17,0.622
C07360,Small Practice,Therapy,3,165,0.557,0.602,0.493,0.946,0.377,109.02,0.439
C07361,Solo Provider,Therapy,1,167,0.78,0.734,0.354,0.441,0.241,61.07,0.727
C07362,Small Practice,Therapy,2,411,1.0,0.676,0.561,0.114,0.32,97.06,0.803
C07363,Group Practice,Therapy,9,776,1.0,0.864,0.701,0.597,0.553,206.15,0.664
C07364,Group Practice,Therapy,8,1079,0.456,0.659,0.685,0.903,0.478,187.98,0.415
C07365,Solo Provider,Therapy,1,163,0.562,0.607,0.466,0.5,0.56,62.42,0.854
C07366,Solo Provider,Therapy,1,140,1.0,0.39,0.183,0.301,0.414,60.51,0.914
C07367,Solo Provider,Psychiatry,1,152,0.615,0.518,0.205,0.784,0.338,76.08,0.822
C07368,Small Practice,Psychology,4,430,0.666,0.486,0.507,0.526,0.338,106.45,0.524
C07369,Group Practice,Therapy,11,1605,0.963,0.514,0.879,0.445,0.57,187.42,0.555
C07370,Group Practice,Psychiatry,14,1579,0.546,0.617,0.63,0.862,0.567,184.28,0.473
C07371,Solo Provider,Counseling,1,67,0.587,0.448,0.39,0.356,0.338,44.88,0.878
C07372,Group Practice,Therapy,11,1764,1.0,0.327,0.447,0.683,0.307,193.52,0.437
C07373,Small Practice,Counseling,3,211,0.566,0.357,0.363,0.495,0.724,101.17,0.631
C07374,Group Practice,Psychology,10,1415,0.569,0.225,0.816,0.723,0.697,193.21,0.473
C07375,Small Practice,Psychology,3,344,0.708,0.743,0.693,0.607,0.467,89.93,0.673
C07376,Solo Provider,Psychiatry,1,179,0.611,0.559,0.59,0.599,0.594,70.0,0.849
C07377,Solo Provider,Psychiatry,1,66,0.513,0.598,0.323,0.321,0.205,59.96,0.734
C07378,Large Practice,Psychiatry,29,2651,0.739,0.69,0.534,0.874,0.759,294.66,0.136
C07379,Solo Provider,Therapy,1,123,0.71,0.676,0.569,0.396,0.219,58.58,0.796
C07380,Solo Provider,Psychiatry,1,78,0.676,0.644,0.328,0.328,0.11,54.47,0.761
C07381,Solo Provider,Counseling,1,118,0.854,0.592,0.393,0.538,0.339,82.96,0.887
C07382,Solo Provider,Therapy,1,92,0.539,0.606,0.482,0.265,0.309,64.67,0.64
C07383,Group Practice,Psychology,12,525,0.636,0.604,0.422,0.634,0.389,189.75,0.589
C07384,Solo Provider,Psychology,1,127,0.862,0.66,0.502,0.467,0.435,56.55,0.955
C07385,Solo Provider,Therapy,1,69,0.43,0.56,0.442,0.551,0.456,48.25,0.922
C07386,Small Practice,Therapy,4,215,0.957,0.567,0.422,0.568,0.399,122.62,0.628
C07387,Small Practice,Psychology,5,424,0.651,1.0,0.472,0.689,0.283,104.39,0.562
C07388,Solo Provider,Therapy,1,134,0.825,0.687,0.218,0.285,0.109,59.03,0.832
C07389,Solo Provider,Counseling,1,147,0.718,0.513,0.49,0.756,0.453,67.68,0.683
C07390,Solo Provider,Therapy,1,136,0.606,0.809,0.306,0.543,0.316,67.5,0.722
C07391,Solo Provider,Therapy,1,154,0.812,0.562,0.287,0.477,0.406,63.09,0.861
C07392,Solo Provider,Psychiatry,1,65,0.826,0.409,0.612,0.609,0.301,72.11,0.905
C07393,Solo Provider,Psychiatry,1,83,0.583,0.527,0.547,0.523,0.152,83.54,0.987
C07394,Small Practice,Therapy,3,521,0.597,0.53,0.553,0.78,0.801,107.97,0.62
C07395,Group Practice,Psychology,8,930,0.761,0.496,0.366,0.556,0.54,155.07,0.621
C07396,Group Practice,Psychiatry,8,633,0.685,0.606,0.337,0.663,0.535,166.24,0.677
C07397,Solo Provider,Psychology,1,147,0.933,0.595,0.414,0.226,0.54,66.66,0.814
C07398,Solo Provider,Therapy,1,163,0.735,0.522,0.532,0.35,0.348,81.33,0.85
C07399,Large Practice,Therapy,16,2463,0.894,0.648,0.55,1.0,0.621,259.01,0.395
C07400,Small Practice,Therapy,4,300,0.752,0.65,0.814,0.621,0.366,87.51,0.807
C07401,Small Practice,Therapy,2,273,0.832,0.691,0.398,0.591,0.546,102.9,0.544
C07402,Solo Provider,Counseling,1,83,0.706,0.705,0.562,0.177,0.448,64.61,0.609
C07403,Solo Provider,Psychiatry,1,117,0.729,0.77,0.474,0.401,0.171,58.11,0.796
C07404,Small Practice,Psychiatry,4,220,1.0,0.902,0.517,0.704,0.347,117.82,0.724
C07405,Small Practice,Psychology,2,302,0.475,0.878,0.417,0.414,0.341,103.86,0.555
C07406,Solo Provider,Therapy,1,139,0.699,0.659,0.636,0.529,0.604,55.58,0.798
C07407,Large Practice,Psychology,35,4305,0.591,0.67,1.0,0.952,0.946,319.27,0.27
C07408,Small Practice,Psychology,3,275,0.82,0.523,0.833,0.477,0.309,114.76,0.769
C07409,Small Practice,Counseling,4,286,0.802,0.573,0.573,0.588,0.804,126.39,0.789
C07410,Solo Provider,Therapy,1,137,0.512,0.683,0.399,0.503,0.381,61.67,0.629
C07411,Small Practice,Therapy,2,585,0.839,0.509,0.361,0.378,0.338,111.3,0.537
C07412,Small Practice,Counseling,2,227,1.0,0.554,0.609,0.318,0.606,102.86,0.629
C07413,Solo Provider,Psychiatry,1,154,0.891,0.869,0.318,0.494,0.582,75.58,0.763
C07414,Small Practice,Therapy,2,340,0.911,0.77,0.443,0.19,0.492,120.02,0.667
C07415,Small Practice,Psychology,4,245,0.615,0.426,0.484,0.61,0.438,70.29,0.524
C07416,Group Practice,Psychiatry,9,1439,0.334,0.473,0.621,0.854,0.145,171.6,0.347
C07417,Solo Provider,Counseling,1,164,0.724,0.718,0.403,0.717,0.732,87.72,0.693
C07418,Group Practice,Counseling,15,1233,0.917,0.526,0.626,0.385,0.535,189.42,0.396
C07419,Solo Provider,Psychology,1,164,0.53,0.663,0.496,0.433,0.494,71.12,0.755
C07420,Solo Provider,Therapy,1,71,0.583,0.823,0.214,0.64,0.319,60.0,0.597
C07421,Solo Provider,Psychology,1,132,0.81,1.0,0.745,0.354,0.488,66.17,0.755
C07422,Solo Provider,Therapy,1,115,0.734,0.692,0.213,0.348,0.233,68.47,0.851
C07423,Solo Provider,Counseling,1,85,0.96,0.481,0.729,0.468,0.38,73.69,0.788
C07424,Solo Provider,Psychology,1,144,0.856,0.606,0.478,0.357,0.47,58.31,0.827
C07425,Small Practice,Psychiatry,4,250,0.724,0.885,0.748,0.328,0.562,125.62,0.73
C07426,Solo Provider,Counseling,1,119,0.771,0.59,0.583,0.074,0.219,51.28,0.713
C07427,Large Practice,Psychology,19,4497,0.615,0.55,0.695,0.776,0.504,264.74,0.255
C07428,Solo Provider,Psychiatry,1,110,0.689,0.693,0.579,0.288,0.345,44.01,0.924
C07429,Small Practice,Therapy,3,431,0.472,0.573,0.374,0.6,0.36,117.02,0.522
C07430,Group Practice,Psychology,13,744,0.848,0.453,0.586,0.826,0.472,183.08,0.449
C07431,Group Practice,Psychiatry,6,962,0.69,0.575,0.515,0.45,0.265,152.91,0.369
C07432,Small Practice,Therapy,3,537,0.616,0.67,0.525,0.444,0.55,96.74,0.612
C07433,Small Practice,Therapy,4,399,0.721,0.219,0.111,0.819,0.434,75.12,0.633
C07434,Solo Provider,Psychology,1,82,0.678,0.46,0.418,0.388,0.325,66.8,0.819
C07435,Solo Provider,Counseling,1,85,0.716,0.329,0.452,0.547,0.356,61.9,0.949
C07436,Solo Provider,Psychiatry,1,75,0.501,0.65,0.379,0.219,0.322,54.76,0.948
C07437,Solo Provider,Therapy,1,109,0.808,1.0,0.533,0.525,0.381,68.48,0.828
C07438,Solo Provider,Psychology,1,129,0.624,0.733,0.37,0.195,0.171,53.74,0.965
C07439,Solo Provider,Therapy,1,136,0.595,0.81,0.525,0.85,0.565,69.61,0.874
C07440,Group Practice,Therapy,9,958,0.679,0.653,0.524,0.728,0.524,192.92,0.45
C07441,Group Practice,Psychology,7,1474,0.497,0.834,0.586,0.538,0.333,185.19,0.576
C07442,Group Practice,Psychology,11,1528,0.745,0.729,0.353,0.625,0.287,198.99,0.448
C07443,Small Practice,Therapy,4,421,0.981,0.97,0.509,0.636,0.379,112.55,0.605
C07444,Solo Provider,Therapy,1,104,0.584,0.735,0.471,0.331,0.474,79.45,0.874
C07445,Solo Provider,Therapy,1,141,0.854,1.0,0.469,0.532,0.47,56.51,0.583
C07446,Small Practice,Psychology,3,499,0.649,0.67,0.535,0.303,0.577,102.94,0.683
C07447,Small Practice,Psychology,5,411,0.608,0.607,0.363,0.185,0.405,91.7,0.822
C07448,Solo Provider,Psychology,1,110,0.466,0.752,0.393,0.586,0.467,72.89,0.749
C07449,Solo Provider,Therapy,1,83,0.405,0.556,0.341,0.256,0.241,56.55,0.867
C07450,Solo Provider,Counseling,1,165,0.422,0.45,0.467,0.511,0.32,66.99,0.875
C07451,Solo Provider,Therapy,1,98,0.599,0.614,0.152,0.562,0.18,39.03,0.921
C07452,Solo Provider,Counseling,1,168,0.755,0.292,0.368,0.579,0.506,75.54,0.887
C07453,Solo Provider,Counseling,1,103,0.832,0.548,0.407,0.626,0.531,64.64,0.783
C07454,Small Practice,Psychiatry,5,595,0.572,0.73,0.691,0.638,0.433,110.13,0.839
C07455,Large Practice,Counseling,32,4895,0.535,0.688,0.782,0.726,0.804,292.27,0.306
C07456,Small Practice,Psychology,3,520,0.635,0.537,0.233,0.613,0.504,121.33,0.712
C07457,Small Practice,Counseling,3,252,0.535,0.644,0.477,0.559,0.529,115.82,0.624
C07458,Group Practice,Therapy,6,682,0.624,0.45,0.028,0.274,0.592,139.91,0.56
C07459,Solo Provider,Therapy,1,142,0.84,0.213,0.31,0.433,0.526,59.33,0.981
C07460,Small Practice,Counseling,2,500,0.856,1.0,0.658,0.318,0.517,121.65,0.585
C07461,Solo Provider,Counseling,1,124,0.547,0.849,0.544,0.58,0.372,76.66,0.748
C07462,Small Practice,Psychology,5,426,0.785,0.993,0.497,0.202,0.358,107.11,0.665
C07463,Solo Provider,Psychiatry,1,179,0.835,0.781,0.576,0.404,0.29,70.45,0.692
C07464,Group Practice,Psychiatry,14,1705,0.86,0.199,0.731,0.491,0.691,193.65,0.345
C07465,Large Practice,Psychiatry,25,4262,0.606,0.795,0.742,0.963,0.911,284.72,0.289
C07466,Solo Provider,Psychiatry,1,81,0.824,0.946,0.204,0.463,0.3,53.61,0.851
C07467,Solo Provider,Psychology,1,100,0.579,0.657,0.184,0.17,0.351,58.66,1.0
C07468,Solo Provider,Counseling,1,135,0.765,0.754,0.446,0.397,0.133,56.44,0.89
C07469,Small Practice,Psychiatry,5,239,0.858,0.595,0.305,0.521,0.417,98.15,0.7
C07470,Small Practice,Counseling,5,226,0.642,0.717,0.66,0.957,0.729,111.93,0.637
C07471,Solo Provider,Therapy,1,157,0.606,0.414,0.484,0.344,0.202,70.0,0.696
C07472,Group Practice,Counseling,11,1007,0.496,0.809,0.794,0.554,0.43,180.39,0.363
C07473,Solo Provider,Psychology,1,122,0.725,0.408,0.625,0.503,0.338,79.3,0.843
C07474,Solo Provider,Psychology,1,127,0.529,0.409,0.458,0.506,0.503,60.2,0.927
C07475,Solo Provider,Psychiatry,1,65,0.769,0.75,0.222,0.601,0.243,50.57,0.857
C07476,Small Practice,Psychiatry,4,542,0.654,1.0,0.375,0.383,0.642,109.87,0.735
C07477,Solo Provider,Psychiatry,1,105,0.622,0.435,0.394,0.413,0.256,53.32,0.744
C07478,Solo Provider,Counseling,1,174,0.485,0.713,0.499,0.494,0.462,68.3,0.839
C07479,Solo Provider,Therapy,1,129,0.859,0.201,0.788,0.705,0.621,76.94,0.709
C07480,Group Practice,Psychology,10,1063,0.64,0.677,0.635,0.411,0.637,166.69,0.513
C07481,Small Practice,Counseling,4,404,0.716,0.498,0.55,0.413,0.647,95.92,0.581
C07482,Group Practice,Psychology,7,1639,0.46,0.494,0.307,0.62,0.615,180.25,0.407
C07483,Small Practice,Psychology,2,285,0.63,0.811,0.587,0.602,0.552,109.37,0.645
C07484,Small Practice,Psychology,4,277,0.989,0.569,0.478,0.584,0.522,76.27,0.716
C07485,Solo Provider,Psychology,1,143,0.941,0.875,0.487,0.724,0.407,83.07,0.825
C07486,Small Practice,Psychology,3,398,0.854,0.263,0.482,0.328,0.544,96.76,0.559
C07487,Solo Provider,Counseling,1,98,0.84,0.885,0.597,0.64,0.19,54.03,0.698
C07488,Solo Provider,Psychology,1,131,0.724,0.831,0.615,0.197,0.363,37.67,0.773
C07489,Solo Provider,Counseling,1,114,0.824,0.794,0.374,0.459,0.39,59.77,0.841
C07490,Solo Provider,Psychology,1,131,0.537,0.918,0.648,0.326,0.234,46.78,0.694
C07491,Group Practice,Counseling,10,1078,0.59,0.787,0.549,0.583,0.487,172.1,0.487
C07492,Large Practice,Counseling,40,3820,0.873,0.538,1.0,0.702,0.992,318.75,0.302
C07493,Small Practice,Therapy,3,199,0.777,0.781,0.176,0.567,0.357,116.48,0.602
C07494,Solo Provider,Counseling,1,137,0.436,0.64,0.681,0.524,0.226,86.32,0.778
C07495,Group Practice,Psychology,8,957,0.622,0.926,0.666,0.164,0.478,164.63,0.633
C07496,Small Practice,Psychiatry,5,355,0.485,0.414,0.695,0.705,0.436,101.43,0.737
C07497,Solo Provider,Counseling,1,60,0.758,0.598,0.528,0.547,0.318,55.06,0.988
C07498,Small Practice,Therapy,5,339,0.686,0.705,0.532,0.744,0.487,99.41,0.585
C07499,Small Practice,Psychology,3,240,0.578,0.772,0.483,0.603,0.197,105.22,0.618
C07500,Solo Provider,Psychology,1,156,0.856,0.383,0.7,0.757,0.521,71.12,0.927
C07501,Small Practice,Counseling,5,534,0.713,0.704,0.431,0.66,0.651,113.0,0.74
C07502,Small Practice,Psychology,2,261,0.47,0.633,0.576,0.282,0.4,94.77,0.721
C07503,Solo Provider,Psychology,1,60,0.478,0.789,0.367,0.792,0.395,79.72,0.837
C07504,Solo Provider,Psychology,1,169,0.645,0.735,0.368,0.376,0.231,86.23,0.751
C07505,Small Practice,Psychology,2,450,0.792,0.609,0.31,0.659,0.31,111.78,0.605
C07506,Small Practice,Counseling,5,381,0.734,0.645,0.511,0.336,0.569,116.55,0.672
C07507,Large Practice,Counseling,21,3711,0.858,0.677,0.971,0.598,0.609,285.12,0.479
C07508,Group Practice,Therapy,15,1473,0.792,0.6,0.955,0.371,0.74,208.95,0.196
C07509,Small Practice,Psychology,2,458,0.654,0.476,0.569,0.493,0.593,88.29,0.584
C07510,Small Practice,Psychiatry,5,509,0.946,0.838,0.699,0.466,0.242,91.63,0.792
C07511,Small Practice,Therapy,2,150,0.6,0.664,0.224,0.669,0.592,88.45,0.754
C07512,Small Practice,Counseling,2,444,0.674,0.65,0.729,0.45,0.488,104.09,0.475
C07513,Solo Provider,Counseling,1,159,0.677,0.761,0.343,0.433,0.348,75.4,0.746
C07514,Small Practice,Counseling,2,574,0.797,0.194,0.432,0.667,0.361,109.66,0.628
C07515,Small Practice,Psychiatry,4,582,0.79,0.382,0.342,0.615,0.11,98.93,0.814
C07516,Small Practice,Psychiatry,2,468,0.62,0.867,0.291,0.197,0.237,109.97,0.68
C07517,Group Practice,Counseling,11,1315,0.635,0.701,0.667,0.67,0.253,184.06,0.419
C07518,Small Practice,Therapy,2,555,0.76,0.847,0.612,0.459,0.186,120.82,0.763
C07519,Solo Provider,Therapy,1,88,0.637,0.864,0.488,0.277,0.375,70.22,0.743
C07520,Solo Provider,Psychiatry,1,179,0.603,0.415,0.396,0.775,0.192,71.75,0.872
C07521,Solo Provider,Psychology,1,65,0.617,0.498,0.554,0.507,0.292,84.46,0.847
C07522,Solo Provider,Psychiatry,1,79,0.719,0.042,0.429,0.341,0.337,55.6,0.765
C07523,Solo Provider,Therapy,1,161,0.861,0.609,0.424,0.593,0.209,49.47,0.766
C07524,Solo Provider,Psychology,1,173,0.735,1.0,0.22,0.677,0.105,38.81,0.7
C07525,Solo Provider,Counseling,1,146,0.71,0.699,0.417,0.141,0.288,48.9,0.813
C07526,Solo Provider,Psychiatry,1,161,0.862,0.547,0.302,0.498,0.64,52.23,0.851
C07527,Small Practice,Psychiatry,3,582,0.638,0.608,0.302,0.561,0.111,101.69,0.537
C07528,Small Practice,Psychiatry,4,302,0.587,0.615,0.615,0.613,0.521,99.47,0.531
C07529,Solo Provider,Psychiatry,1,107,0.99,0.579,0.396,0.533,0.401,39.07,0.7
C07530,Solo Provider,Psychology,1,153,0.697,0.332,0.505,0.569,0.514,73.15,0.69
C07531,Solo Provider,Psychiatry,1,123,0.783,0.916,0.593,0.692,0.391,89.43,0.755
C07532,Solo Provider,Psychology,1,77,0.929,0.793,0.415,0.242,0.357,46.02,0.736
C07533,Solo Provider,Therapy,1,179,0.614,0.813,0.464,0.471,0.133,81.5,0.782
C07534,Solo Provider,Psychology,1,89,0.646,0.785,0.655,0.747,0.42,86.17,0.636
C07535,Solo Provider,Therapy,1,165,0.641,0.555,0.319,0.604,0.512,75.83,0.733
C07536,Large Practice,Psychiatry,25,4807,0.755,0.65,0.802,0.688,0.914,288.58,0.414
C07537,Small Practice,Counseling,2,219,0.774,0.487,0.669,0.718,0.461,103.39,0.607
C07538,Group Practice,Psychiatry,13,1739,0.585,0.782,0.529,1.0,0.51,190.72,0.357
C07539,Solo Provider,Psychology,1,174,0.905,0.604,0.332,0.413,0.548,61.36,0.964
C07540,Solo Provider,Psychiatry,1,64,0.678,0.899,0.575,0.412,0.19,75.09,0.732
C07541,Group Practice,Counseling,9,1304,0.726,0.579,0.471,0.521,0.639,184.93,0.501
C07542,Solo Provider,Counseling,1,114,0.444,0.678,0.459,0.424,0.067,22.63,0.883
C07543,Small Practice,Counseling,3,321,0.796,0.754,0.481,0.145,0.159,115.28,0.564
C07544,Large Practice,Psychiatry,29,2528,0.668,0.534,0.9,0.987,0.913,315.99,0.158
C07545,Small Practice,Psychiatry,4,313,0.62,0.708,0.688,0.609,0.484,101.17,0.8
C07546,Solo Provider,Psychology,1,93,0.552,0.565,0.591,0.675,0.392,91.02,0.715
C07547,Small Practice,Counseling,5,347,0.631,0.523,0.684,0.53,0.687,101.06,0.73
C07548,Solo Provider,Psychology,1,79,0.62,0.899,0.592,0.242,0.447,51.73,0.794
C07549,Solo Provider,Psychology,1,66,0.576,0.611,0.133,0.55,0.381,63.01,0.775
C07550,Solo Provider,Counseling,1,137,0.531,0.535,0.348,0.619,0.208,62.53,0.745
C07551,Group Practice,Counseling,15,1069,0.632,0.654,0.698,0.737,0.504,182.39,0.34
C07552,Small Practice,Psychiatry,5,552,0.655,0.447,0.856,0.424,0.239,114.66,0.58
C07553,Solo Provider,Therapy,1,136,0.785,0.971,0.313,0.461,0.52,84.02,0.695
C07554,Solo Provider,Psychiatry,1,147,0.58,0.341,0.543,0.763,0.419,72.7,0.84
C07555,Small Practice,Psychology,3,364,0.884,0.131,0.447,0.431,0.432,103.94,0.61
C07556,Group Practice,Counseling,11,1685,0.413,0.258,0.728,0.491,0.806,156.26,0.535
C07557,Solo Provider,Psychiatry,1,77,0.58,0.693,0.398,0.483,0.202,62.38,0.835
C07558,Solo Provider,Therapy,1,168,0.693,0.537,0.486,0.574,0.368,54.33,0.923
C07559,Group Practice,Psychiatry,10,614,0.517,0.768,0.292,0.569,0.673,172.41,0.409
C07560,Group Practice,Psychology,8,1232,0.349,0.701,0.424,0.753,0.475,153.98,0.474
C07561,Group Practice,Therapy,8,629,0.69,0.371,0.486,0.701,0.506,164.59,0.516
C07562,Solo Provider,Psychiatry,1,143,0.874,0.894,0.194,0.603,0.587,71.03,0.842
C07563,Solo Provider,Psychiatry,1,77,0.645,0.549,0.589,0.672,0.335,43.0,0.7
C07564,Solo Provider,Counseling,1,87,0.78,0.731,0.144,0.591,0.491,55.04,0.519
C07565,Solo Provider,Psychology,1,102,0.703,1.0,0.494,0.695,0.318,52.27,0.731
C07566,Group Practice,Psychology,15,1241,0.57,0.474,0.439,0.683,0.732,182.54,0.425
C07567,Solo Provider,Psychology,1,82,0.928,0.358,0.735,0.282,0.349,77.99,0.837
C07568,Small Practice,Therapy,2,591,0.724,0.539,0.629,0.417,0.095,93.69,0.686
C07569,Group Practice,Psychiatry,14,1762,0.844,0.492,0.806,0.684,0.709,186.33,0.374
C07570,Large Practice,Counseling,30,4757,0.809,0.271,0.987,0.716,0.925,308.21,0.135
C07571,Small Practice,Psychology,2,456,0.576,0.722,0.474,0.627,0.178,88.19,0.529
C07572,Group Practice,Psychology,13,1316,0.945,0.681,0.787,0.507,0.498,181.96,0.382
C07573,Solo Provider,Counseling,1,128,0.65,0.596,0.552,0.426,0.252,85.81,0.766
C07574,Solo Provider,Psychology,1,85,0.832,0.992,0.27,0.578,0.312,49.64,0.769
C07575,Solo Provider,Psychology,1,112,0.457,0.81,0.406,0.357,0.225,56.2,0.805
C07576,Large Practice,Therapy,33,4725,0.402,0.278,0.672,1.0,1.0,311.16,0.274
C07577,Group Practice,Therapy,12,1056,0.346,0.86,0.811,0.434,0.595,190.07,0.536
C07578,Solo Provider,Therapy,1,148,0.815,0.644,0.566,0.27,0.162,74.87,0.951
C07579,Solo Provider,Psychiatry,1,122,0.677,0.474,0.437,0.841,0.242,82.57,0.783
C07580,Solo Provider,Psychology,1,148,0.712,0.58,0.578,0.431,0.44,47.06,0.559
C07581,Solo Provider,Counseling,1,98,0.9,0.621,0.457,0.554,0.306,76.12,0.639
C07582,Group Practice,Psychiatry,9,995,0.751,0.449,0.814,0.535,0.727,172.91,0.239
C07583,Solo Provider,Psychology,1,63,0.928,0.624,0.097,0.349,0.41,59.12,0.944
C07584,Small Practice,Counseling,2,588,0.759,0.576,0.598,0.687,0.343,83.36,0.578
C07585,Small Practice,Psychology,4,570,0.614,0.744,0.554,0.608,0.397,111.71,0.522
C07586,Solo Provider,Psychiatry,1,63,1.0,0.543,0.308,0.314,0.36,74.38,0.88
C07587,Solo Provider,Psychiatry,1,85,0.935,0.719,0.285,0.553,0.053,57.09,0.765
C07588,Large Practice,Psychology,34,4429,0.766,0.517,0.854,0.919,1.0,303.94,0.374
C07589,Small Practice,Psychiatry,4,490,0.544,0.465,0.22,0.44,0.614,107.71,0.792
C07590,Solo Provider,Therapy,1,135,0.822,0.681,0.1,0.897,0.337,86.59,0.779
C07591,Solo Provider,Psychology,1,156,0.724,1.0,0.34,0.688,0.331,59.59,0.81
C07592,Group Practice,Psychology,10,1623,0.894,0.743,0.663,0.342,0.289,165.91,0.358
C07593,Group Practice,Psychiatry,6,675,0.747,0.834,0.761,0.605,0.331,170.19,0.523
C07594,Group Practice,Therapy,7,1369,0.881,0.58,0.773,0.342,0.585,172.75,0.385
C07595,Small Practice,Counseling,4,169,0.647,0.535,0.383,0.597,0.517,101.7,0.832
C07596,Group Practice,Psychiatry,6,1083,0.771,0.337,0.78,0.701,0.307,155.58,0.291
C07597,Solo Provider,Psychology,1,101,0.585,0.784,0.606,0.415,0.501,76.45,0.921
C07598,Small Practice,Therapy,2,317,0.616,1.0,0.333,0.449,0.527,97.53,0.612
C07599,Solo Provider,Psychiatry,1,156,0.496,0.566,0.827,0.451,0.56,58.9,0.75
C07600,Small Practice,Psychology,4,449,0.809,0.257,0.766,0.629,0.366,100.22,0.571
C07601,Large Practice,Therapy,29,4809,0.463,0.64,1.0,0.504,0.778,274.27,0.149
C07602,Large Practice,Psychiatry,17,2537,0.797,0.576,0.48,0.557,0.716,247.24,0.296
C07603,Small Practice,Psychology,4,219,0.817,0.686,0.353,0.591,0.338,105.11,0.585
C07604,Small Practice,Counseling,4,405,0.634,0.838,0.88,0.257,0.29,88.52,0.763
C07605,Group Practice,Psychiatry,13,997,0.97,0.519,0.607,0.437,0.687,175.3,0.271
C07606,Large Practice,Therapy,19,1899,0.652,0.984,0.793,0.769,0.736,289.81,0.298
C07607,Small Practice,Therapy,2,180,0.505,0.825,0.515,0.601,0.085,93.88,0.65
C07608,Solo Provider,Psychology,1,90,0.861,0.356,0.919,0.322,0.439,84.15,0.821
C07609,Solo Provider,Psychology,1,80,0.951,0.572,0.491,0.439,0.223,64.78,0.803
C07610,Group Practice,Psychology,13,988,0.643,0.711,0.762,0.451,0.677,168.91,0.606
C07611,Small Practice,Psychiatry,4,266,0.768,0.791,0.644,0.753,0.442,107.37,0.55
C07612,Small Practice,Therapy,3,254,0.568,0.743,0.622,0.64,0.543,106.37,0.647
C07613,Small Practice,Therapy,5,315,0.996,0.91,0.607,0.462,0.46,125.06,0.637
C07614,Solo Provider,Therapy,1,97,0.788,0.644,0.091,0.735,0.358,62.32,0.897
C07615,Solo Provider,Psychiatry,1,64,0.943,0.554,0.454,0.515,0.142,74.08,0.841
C07616,Group Practice,Psychiatry,10,1690,1.0,0.49,0.341,0.417,0.543,173.65,0.57
C07617,Solo Provider,Therapy,1,150,0.925,0.629,0.259,0.682,0.465,89.96,0.824
C07618,Small Practice,Psychology,2,445,0.742,0.474,0.374,0.443,0.49,97.06,0.582
C07619,Small Practice,Psychiatry,3,201,0.692,0.512,0.464,0.34,0.398,98.83,0.647
C07620,Group Practice,Counseling,6,1762,0.971,0.351,0.484,0.417,0.505,148.82,0.521
C07621,Solo Provider,Psychiatry,1,83,0.748,0.806,0.529,0.455,0.469,81.1,0.774
C07622,Small Practice,Therapy,4,164,0.672,0.424,0.513,0.366,0.259,96.73,0.615
C07623,Solo Provider,Psychology,1,178,0.793,0.62,0.429,0.41,0.329,60.27,0.864
C07624,Solo Provider,Psychology,1,179,0.787,0.636,0.618,0.65,0.336,76.78,0.732
C07625,Solo Provider,Counseling,1,111,0.465,0.782,0.373,0.16,0.357,52.42,0.894
C07626,Solo Provider,Psychology,1,87,0.648,0.74,0.397,0.494,0.502,71.29,0.868
C07627,Group Practice,Psychiatry,10,1311,0.7,0.755,0.541,0.703,0.302,163.28,0.544
C07628,Group Practice,Psychology,14,1618,0.84,0.72,0.718,0.683,0.419,199.31,0.583
C07629,Solo Provider,Counseling,1,95,0.186,0.831,0.192,0.602,0.259,48.21,0.848
C07630,Group Practice,Psychology,6,1455,0.444,0.653,0.539,0.694,0.386,159.2,0.478
C07631,Small Practice,Counseling,5,472,0.759,0.808,0.349,0.544,0.483,131.56,0.832
C07632,Small Practice,Counseling,2,476,0.608,0.2,0.809,0.578,0.473,102.12,0.618
C07633,Group Practice,Counseling,10,682,0.543,0.447,0.564,0.622,0.613,164.47,0.452
C07634,Small Practice,Psychology,4,262,0.727,0.769,0.66,0.501,0.316,119.32,0.56
C07635,Solo Provider,Psychiatry,1,126,0.635,0.513,0.49,0.786,0.229,62.01,0.859
C07636,Solo Provider,Counseling,1,105,0.822,0.869,0.386,0.64,0.404,85.97,0.84
C07637,Solo Provider,Counseling,1,136,0.593,0.789,0.489,0.713,0.43,82.02,0.785
C07638,Group Practice,Psychiatry,15,1362,0.64,0.515,0.581,0.215,0.543,187.83,0.443
C07639,Small Practice,Therapy,3,316,0.625,0.618,0.61,0.567,0.46,110.46,0.738
C07640,Solo Provider,Counseling,1,90,0.957,0.308,0.6,0.587,0.555,66.83,0.777
C07641,Solo Provider,Therapy,1,65,0.535,0.459,0.44,0.369,0.261,72.41,0.694
C07642,Group Practice,Counseling,6,564,0.76,0.627,0.592,0.527,0.574,182.34,0.511
C07643,Solo Provider,Therapy,1,101,0.573,0.58,0.482,0.602,0.274,63.19,0.82
C07644,Small Practice,Counseling,4,536,0.699,0.92,0.629,0.726,0.476,122.72,0.826
C07645,Small Practice,Psychology,4,394,0.809,0.711,0.603,0.293,0.202,78.66,0.64
C07646,Solo Provider,Psychiatry,1,69,0.805,0.677,0.757,0.576,0.472,75.34,0.858
C07647,Solo Provider,Therapy,1,130,0.692,0.22,0.633,0.704,0.498,69.58,0.809
C07648,Solo Provider,Counseling,1,136,0.53,0.425,0.376,0.547,0.424,48.91,0.748
C07649,Solo Provider,Therapy,1,144,0.682,0.369,0.492,0.786,0.248,58.74,1.0
C07650,Small Practice,Therapy,5,255,0.772,0.642,0.271,0.603,0.452,106.95,0.624
C07651,Group Practice,Counseling,9,1444,0.567,0.746,0.494,0.869,0.668,193.5,0.35
C07652,Solo Provider,Psychology,1,140,0.761,0.745,0.438,0.454,0.327,43.81,0.705
C07653,Small Practice,Therapy,5,235,0.604,0.454,0.612,0.601,0.351,108.37,0.619
C07654,Solo Provider,Psychiatry,1,77,0.317,0.865,0.448,0.558,0.394,58.18,0.656
C07655,Solo Provider,Psychology,1,112,0.698,0.614,0.295,0.57,0.453,79.17,0.762
C07656,Small Practice,Psychology,2,506,0.758,0.56,0.455,0.666,0.169,92.57,0.512
C07657,Small Practice,Psychiatry,5,152,0.685,0.744,0.561,0.564,0.395,122.39,0.732
C07658,Small Practice,Psychiatry,5,410,0.758,0.604,0.344,0.277,0.616,109.49,0.73
C07659,Solo Provider,Therapy,1,70,0.58,0.81,0.517,0.439,0.022,81.14,0.657
C07660,Small Practice,Therapy,3,502,0.487,0.291,0.69,0.522,0.296,83.47,0.527
C07661,Solo Provider,Counseling,1,162,0.896,0.695,0.196,0.393,0.605,51.41,0.83
C07662,Large Practice,Therapy,32,3845,0.684,0.821,0.915,1.0,0.965,314.99,0.071
C07663,Small Practice,Counseling,4,298,0.624,0.721,0.473,0.582,0.343,116.91,0.594
C07664,Group Practice,Therapy,10,1646,0.761,0.546,0.76,0.655,0.479,173.42,0.577
C07665,Solo Provider,Counseling,1,66,0.52,0.537,0.581,0.503,0.382,65.73,0.791
C07666,Solo Provider,Psychiatry,1,93,0.619,0.565,0.421,0.463,0.437,81.58,0.843
C07667,Small Practice,Counseling,3,185,0.567,0.529,0.635,0.648,0.56,103.54,0.65
C07668,Solo Provider,Counseling,1,142,0.494,0.614,0.759,0.456,0.366,85.81,0.78
C07669,Small Practice,Psychiatry,4,567,0.801,0.578,0.413,0.263,0.679,88.66,0.722
C07670,Small Practice,Psychology,2,188,0.603,0.74,0.461,0.369,0.374,103.93,0.777
C07671,Large Practice,Psychiatry,33,4354,0.542,0.626,0.965,1.0,0.942,282.02,0.354
C07672,Solo Provider,Counseling,1,164,0.64,0.776,0.748,0.284,0.342,64.51,0.624
C07673,Group Practice,Counseling,7,1413,0.838,0.641,0.516,1.0,0.443,167.6,0.395
C07674,Solo Provider,Counseling,1,87,0.766,0.767,0.557,0.643,0.278,83.64,0.783
C07675,Solo Provider,Psychology,1,68,0.629,0.549,0.614,0.376,0.196,94.83,0.695
C07676,Small Practice,Psychiatry,3,517,0.793,0.481,0.57,0.824,0.458,114.56,0.539
C07677,Solo Provider,Therapy,1,176,0.721,0.476,0.351,0.432,0.251,53.1,0.794
C07678,Large Practice,Psychology,25,3820,0.774,0.786,0.804,0.459,0.926,289.9,0.289
C07679,Group Practice,Therapy,9,1456,0.366,0.573,0.461,0.643,0.581,176.17,0.665
C07680,Large Practice,Psychology,28,2073,0.637,0.743,0.997,0.624,0.817,272.93,0.285
C07681,Large Practice,Counseling,17,4586,0.734,0.615,0.742,0.815,0.946,258.59,0.365
C07682,Small Practice,Therapy,5,550,0.532,0.72,0.494,0.54,0.497,123.83,0.696
C07683,Solo Provider,Counseling,1,146,0.601,0.722,0.556,0.912,0.443,91.69,0.685
C07684,Group Practice,Psychology,13,865,0.571,0.889,0.665,0.622,0.837,182.92,0.399
C07685,Solo Provider,Therapy,1,169,0.361,0.679,0.477,0.367,0.365,61.93,0.826
C07686,Group Practice,Psychology,8,1437,0.74,0.62,0.675,0.642,0.944,174.63,0.552
C07687,Solo Provider,Therapy,1,98,0.442,0.528,0.159,0.625,0.324,68.53,0.723
C07688,Small Practice,Psychology,3,339,0.759,0.602,0.507,0.755,0.541,112.57,0.793
C07689,Solo Provider,Psychology,1,92,0.597,0.359,0.603,0.515,0.557,67.76,0.904
C07690,Solo Provider,Psychology,1,87,0.962,0.823,0.477,0.586,0.58,67.42,0.845
C07691,Solo Provider,Psychiatry,1,107,0.66,0.527,0.496,0.424,0.31,83.75,0.921
C07692,Solo Provider,Therapy,1,86,0.583,0.585,0.431,0.565,0.42,73.08,0.749
C07693,Solo Provider,Psychiatry,1,177,0.644,0.486,0.62,0.667,0.42,83.86,0.866
C07694,Solo Provider,Counseling,1,122,0.813,0.781,0.401,0.256,0.249,59.27,1.0
C07695,Solo Provider,Counseling,1,152,0.781,0.645,0.33,0.392,0.348,70.43,0.787
C07696,Small Practice,Therapy,5,159,0.604,0.807,0.81,0.575,0.507,112.16,0.635
C07697,Solo Provider,Psychiatry,1,175,0.668,0.587,0.548,0.617,0.331,62.53,0.743
C07698,Group Practice,Counseling,15,1200,0.58,0.467,0.717,0.669,0.599,186.71,0.533
C07699,Solo Provider,Psychiatry,1,168,0.726,0.533,0.598,0.516,0.214,55.75,0.816
C07700,Small Practice,Therapy,4,240,0.685,0.763,0.417,0.515,0.484,94.57,0.634
C07701,Solo Provider,Counseling,1,177,0.808,0.701,0.304,0.45,0.245,57.76,0.751
C07702,Small Practice,Psychiatry,3,269,0.487,0.575,0.64,0.829,0.233,130.06,0.758
C07703,Small Practice,Psychology,5,552,0.777,0.833,0.46,0.722,0.411,128.99,0.746
C07704,Small Practice,Psychiatry,5,310,0.653,0.758,0.455,0.366,0.407,100.54,0.732
C07705,Solo Provider,Psychology,1,121,0.712,0.457,0.424,0.403,0.566,66.47,0.851
C07706,Small Practice,Psychiatry,2,270,0.584,0.446,0.292,0.213,0.227,96.34,0.706
C07707,Solo Provider,Psychology,1,69,0.57,0.288,0.404,0.597,0.493,54.18,0.824
C07708,Solo Provider,Psychiatry,1,127,0.759,0.783,0.331,0.599,0.498,63.1,0.665
C07709,Solo Provider,Psychology,1,71,0.472,0.504,0.449,0.266,0.535,61.75,0.913
C07710,Small Practice,Therapy,5,513,0.693,0.913,0.619,0.254,0.102,99.49,0.559
C07711,Solo Provider,Therapy,1,159,0.669,0.348,0.466,0.549,0.624,65.58,0.787
C07712,Small Practice,Psychology,3,380,0.798,0.658,0.449,0.825,0.294,102.75,0.502
C07713,Solo Provider,Therapy,1,158,0.653,0.867,0.488,0.668,0.0,81.87,0.767
C07714,Solo Provider,Counseling,1,165,0.658,0.801,0.389,0.645,0.277,75.26,0.796
C07715,Solo Provider,Counseling,1,68,0.536,0.503,0.602,0.378,0.387,65.78,0.897
C07716,Solo Provider,Psychiatry,1,177,0.932,1.0,0.485,0.44,0.493,88.51,0.722
C07717,Small Practice,Psychiatry,2,560,0.636,0.465,0.353,0.725,0.437,124.93,0.645
C07718,Group Practice,Psychology,13,1618,0.697,0.45,0.524,0.497,0.481,173.7,0.403
C07719,Small Practice,Therapy,5,447,0.696,0.972,0.62,0.44,0.508,127.3,0.665
C07720,Solo Provider,Counseling,1,143,0.823,0.662,0.727,0.607,0.458,84.58,0.95
C07721,Solo Provider,Therapy,1,116,0.688,0.287,0.188,0.492,0.285,71.48,0.802
C07722,Group Practice,Psychiatry,7,526,0.464,0.416,0.407,0.39,0.482,167.43,0.604
C07723,Solo Provider,Therapy,1,139,0.803,0.689,0.279,0.893,0.32,43.91,0.878
C07724,Solo Provider,Counseling,1,113,0.674,0.602,0.255,0.546,0.551,87.55,1.0
C07725,Group Practice,Therapy,9,585,0.956,0.979,0.446,0.651,0.321,170.44,0.504
C07726,Solo Provider,Psychiatry,1,85,0.677,0.601,0.091,0.187,0.496,71.73,0.733
C07727,Solo Provider,Counseling,1,126,0.462,0.398,0.364,0.354,0.355,63.63,0.825
C07728,Solo Provider,Psychiatry,1,152,0.734,0.809,0.615,0.354,0.088,63.82,0.732
C07729,Small Practice,Therapy,3,222,0.795,0.41,0.732,0.669,0.346,103.46,0.574
C07730,Solo Provider,Therapy,1,123,0.64,0.545,0.464,0.299,0.529,76.38,0.862
C07731,Small Practice,Psychology,4,438,0.581,0.653,0.496,0.817,0.36,101.39,0.471
C07732,Solo Provider,Therapy,1,164,0.833,0.746,0.451,0.447,0.419,71.16,0.857
C07733,Solo Provider,Psychiatry,1,147,0.695,0.552,0.62,0.49,0.228,56.57,1.0
C07734,Solo Provider,Psychology,1,63,0.566,0.433,0.362,0.639,0.131,53.85,0.816
C07735,Group Practice,Psychiatry,10,1258,0.439,0.642,0.343,0.572,0.581,179.5,0.224
C07736,Solo Provider,Counseling,1,74,0.972,0.615,0.336,0.547,0.233,79.17,0.557
C07737,Small Practice,Psychology,3,365,0.711,0.62,0.37,0.346,0.513,99.39,0.701
C07738,Solo Provider,Therapy,1,152,0.853,0.637,0.633,0.763,0.53,64.75,0.841
C07739,Solo Provider,Counseling,1,137,0.629,0.78,0.707,0.497,0.2,66.93,0.87
C07740,Solo Provider,Counseling,1,79,0.93,0.66,0.454,0.528,0.414,60.16,0.602
C07741,Small Practice,Therapy,3,483,0.602,0.645,0.461,0.419,0.38,81.21,0.548
C07742,Solo Provider,Psychiatry,1,72,0.942,0.784,0.58,0.691,0.399,64.22,0.802
C07743,Group Practice,Psychiatry,14,639,0.742,0.526,0.613,0.476,0.681,170.82,0.604
C07744,Group Practice,Psychiatry,6,674,0.881,0.441,0.23,0.583,0.432,174.93,0.428
C07745,Small Practice,Psychiatry,3,278,1.0,0.374,0.365,0.388,0.376,85.17,0.792
C07746,Small Practice,Counseling,3,385,0.605,0.634,0.519,0.47,0.211,114.55,0.64
C07747,Small Practice,Psychology,5,170,0.631,0.663,0.6,0.71,0.67,100.54,0.677
C07748,Small Practice,Counseling,2,201,0.79,0.389,0.602,0.423,0.204,83.01,0.701
C07749,Solo Provider,Psychiatry,1,69,0.771,0.683,0.18,0.753,0.562,83.19,0.895
C07750,Group Practice,Psychology,6,1039,0.874,0.786,0.226,0.408,0.344,147.94,0.598
C07751,Group Practice,Therapy,14,774,0.507,0.564,0.815,0.426,0.673,206.89,0.362
C07752,Solo Provider,Psychiatry,1,87,0.687,0.545,0.497,0.262,0.383,55.54,0.741
C07753,Group Practice,Psychology,8,1746,0.911,0.913,0.698,0.665,0.714,188.3,0.483
C07754,Group Practice,Therapy,12,1712,0.822,0.73,0.749,0.663,0.642,171.37,0.51
C07755,Solo Provider,Counseling,1,174,0.59,0.781,0.485,0.509,0.412,66.02,0.602
C07756,Group Practice,Psychiatry,12,707,0.727,0.804,0.575,0.873,0.42,176.76,0.519
C07757,Solo Provider,Therapy,1,61,0.733,0.433,0.48,0.58,0.402,64.9,0.833
C07758,Solo Provider,Counseling,1,84,0.616,0.354,0.552,0.598,0.655,75.12,0.796
C07759,Solo Provider,Therapy,1,177,0.83,0.557,0.488,0.517,0.48,73.75,1.0
C07760,Small Practice,Psychiatry,4,465,0.524,0.84,0.26,0.602,0.312,86.3,0.92
C07761,Solo Provider,Therapy,1,146,0.601,0.791,0.43,0.39,0.223,51.49,0.734
C07762,Group Practice,Psychology,14,664,0.989,1.0,0.967,0.646,0.709,187.12,0.463
C07763,Solo Provider,Counseling,1,169,0.436,0.678,0.26,0.377,0.423,79.24,0.567
C07764,Solo Provider,Therapy,1,179,0.708,0.582,0.369,0.592,0.223,74.49,0.932
C07765,Small Practice,Psychiatry,4,511,0.671,0.868,0.571,0.51,0.31,99.56,0.639
C07766,Solo Provider,Psychiatry,1,109,0.653,0.476,0.63,0.604,0.218,74.62,0.741
C07767,Small Practice,Psychology,3,592,0.674,0.598,0.386,0.356,0.396,90.52,0.557
C07768,Solo Provider,Psychiatry,1,103,0.827,0.521,0.534,0.675,0.352,59.84,0.851
C07769,Large Practice,Psychology,38,3590,0.797,0.912,1.0,1.0,1.0,339.03,0.388
C07770,Small Practice,Psychology,4,226,0.645,0.663,0.36,0.554,0.416,116.93,0.759
C07771,Solo Provider,Therapy,1,128,0.644,0.972,0.237,0.248,0.44,59.76,0.793
C07772,Solo Provider,Psychology,1,106,0.426,0.492,0.687,0.734,0.487,67.86,0.718
C07773,Solo Provider,Psychology,1,152,0.598,0.552,0.45,0.261,0.545,58.75,0.786
C07774,Large Practice,Counseling,26,3620,0.817,0.462,0.912,0.662,0.835,285.65,0.172
C07775,Small Practice,Psychology,4,175,0.724,0.809,0.587,0.814,0.207,118.73,0.859
C07776,Solo Provider,Counseling,1,60,0.634,0.828,0.73,0.701,0.22,80.16,0.804
C07777,Solo Provider,Psychiatry,1,133,0.766,0.742,0.317,0.726,0.382,59.09,0.796
C07778,Group Practice,Psychology,13,1471,0.841,0.693,0.751,0.65,0.597,191.79,0.286
C07779,Solo Provider,Counseling,1,125,0.671,0.707,0.142,0.943,0.379,74.63,0.846
C07780,Small Practice,Therapy,4,464,0.763,0.864,0.537,0.694,0.537,133.88,0.721
C07781,Small Practice,Psychology,3,558,0.688,0.642,0.556,0.306,0.614,102.22,0.626
C07782,Solo Provider,Counseling,1,114,0.716,0.406,0.213,0.388,0.331,63.33,0.714
C07783,Small Practice,Psychology,5,251,0.733,0.251,0.522,0.659,0.384,108.87,0.682
C07784,Solo Provider,Counseling,1,114,0.535,0.867,0.422,0.456,0.436,82.28,0.639
C07785,Solo Provider,Psychiatry,1,110,0.971,0.853,0.313,0.569,0.225,37.1,0.691
C07786,Large Practice,Counseling,36,4386,0.632,0.791,1.0,0.725,1.0,307.71,0.352
C07787,Small Practice,Psychology,5,249,0.659,0.508,0.496,0.497,0.217,120.92,0.386
C07788,Group Practice,Psychiatry,9,1440,0.922,0.812,0.523,0.578,0.42,179.23,0.504
C07789,Small Practice,Therapy,3,429,0.766,0.859,0.495,0.338,0.472,92.94,0.528
C07790,Solo Provider,Therapy,1,109,0.741,0.761,0.479,0.34,0.786,78.71,0.748
C07791,Small Practice,Psychiatry,2,584,0.559,0.659,0.414,0.54,0.288,87.33,0.663
C07792,Small Practice,Counseling,2,533,0.745,0.627,0.478,0.46,0.404,92.39,0.8
C07793,Solo Provider,Psychiatry,1,102,0.585,0.203,0.557,0.695,0.433,63.7,1.0
C07794,Solo Provider,Psychiatry,1,169,0.566,0.863,0.652,0.699,0.206,49.86,0.73
C07795,Small Practice,Psychiatry,3,251,0.562,0.433,0.479,0.556,0.504,93.54,0.637
C07796,Small Practice,Psychiatry,4,403,0.609,0.901,0.509,0.656,0.391,126.88,0.467
C07797,Solo Provider,Counseling,1,99,0.758,0.268,0.444,0.774,0.562,86.64,0.778
C07798,Group Practice,Psychiatry,9,1149,0.677,0.887,0.776,0.751,0.652,191.36,0.363
C07799,Solo Provider,Psychiatry,1,178,0.681,0.487,0.693,0.492,0.403,50.14,0.814
C07800,Solo Provider,Psychology,1,68,0.816,0.653,0.412,0.569,0.529,69.84,0.637
C07801,Solo Provider,Psychology,1,153,0.703,0.968,0.646,0.277,0.569,52.24,0.785
C07802,Group Practice,Psychiatry,11,812,0.905,0.732,0.468,0.901,0.654,188.86,0.424
C07803,Solo Provider,Therapy,1,167,1.0,0.436,0.272,0.545,0.8,83.68,0.659
C07804,Solo Provider,Psychology,1,160,0.71,0.722,0.636,0.395,0.329,84.05,0.731
C07805,Solo Provider,Psychology,1,156,0.531,0.719,0.622,0.242,0.576,62.3,0.793
C07806,Small Practice,Psychology,4,295,0.87,0.404,0.618,0.664,0.095,96.92,0.706
C07807,Small Practice,Psychology,3,188,0.572,0.672,0.415,0.428,0.076,106.97,0.757
C07808,Solo Provider,Psychology,1,114,0.711,0.717,0.355,0.695,0.405,87.33,0.806
C07809,Group Practice,Counseling,9,1104,0.409,0.73,0.554,0.415,0.538,179.48,0.486
C07810,Solo Provider,Therapy,1,174,0.639,0.704,0.631,0.667,0.294,63.66,0.852
C07811,Solo Provider,Therapy,1,158,0.638,0.594,0.369,0.637,0.508,71.46,0.76
C07812,Small Practice,Counseling,3,510,0.559,0.454,0.757,0.41,0.499,88.57,0.689
C07813,Small Practice,Counseling,3,500,0.744,0.646,0.43,0.536,0.475,120.46,0.564
C07814,Solo Provider,Psychiatry,1,141,0.339,0.61,0.784,0.573,0.259,41.24,0.864
C07815,Small Practice,Psychology,5,370,0.625,0.658,0.325,0.487,0.048,98.13,0.588
C07816,Solo Provider,Psychiatry,1,64,0.867,1.0,0.342,0.598,0.318,70.8,0.77
C07817,Small Practice,Counseling,4,497,0.98,0.596,0.338,0.579,0.261,115.18,0.613
C07818,Small Practice,Psychiatry,2,512,0.778,0.612,0.519,0.406,0.508,91.35,0.518
C07819,Large Practice,Counseling,27,4169,0.824,0.688,0.932,0.617,0.789,290.71,0.324
C07820,Solo Provider,Psychiatry,1,174,0.574,0.626,0.577,0.869,0.204,57.38,0.805
C07821,Small Practice,Psychiatry,2,510,0.642,0.723,0.182,0.468,0.402,99.58,0.67
C07822,Small Practice,Psychology,3,428,0.889,0.889,0.464,0.448,0.434,104.92,0.731
C07823,Solo Provider,Psychiatry,1,107,0.537,0.823,0.524,0.811,0.256,75.31,0.824
C07824,Solo Provider,Therapy,1,67,0.558,0.701,0.401,0.517,0.374,60.45,0.694
C07825,Large Practice,Therapy,39,1829,0.71,0.735,1.0,1.0,1.0,328.51,0.5
C07826,Solo Provider,Counseling,1,123,0.5,0.58,0.944,0.284,0.44,53.86,1.0
C07827,Small Practice,Psychiatry,3,587,0.938,0.602,0.215,0.643,0.394,110.34,0.633
C07828,Solo Provider,Therapy,1,101,0.466,0.633,0.523,0.6,0.563,82.93,0.608
C07829,Group Practice,Counseling,11,843,0.731,0.81,0.504,0.57,0.636,183.77,0.393
C07830,Solo Provider,Counseling,1,96,0.541,0.871,0.581,0.385,0.534,58.55,0.844
C07831,Large Practice,Psychiatry,36,2615,0.809,0.368,0.628,0.866,0.889,299.75,0.365
C07832,Small Practice,Psychology,4,578,0.974,0.879,0.284,0.78,0.66,109.47,0.638
C07833,Solo Provider,Counseling,1,79,0.502,0.634,0.398,0.457,0.425,57.91,0.98
C07834,Small Practice,Therapy,4,534,0.683,0.607,0.767,0.518,0.562,130.92,0.911
C07835,Small Practice,Psychiatry,3,303,0.633,0.482,0.514,0.272,0.743,103.8,0.598
C07836,Solo Provider,Psychology,1,79,0.744,0.438,0.619,0.596,0.331,67.64,0.84
C07837,Solo Provider,Psychology,1,97,0.603,0.676,0.532,0.376,0.415,81.27,0.61
C07838,Small Practice,Psychiatry,4,267,0.445,0.565,0.548,0.503,0.549,102.52,0.629
C07839,Small Practice,Therapy,2,331,0.514,0.965,0.425,0.96,0.692,123.66,0.537
C07840,Solo Provider,Counseling,1,81,0.617,0.688,0.234,0.508,0.796,81.53,0.729
C07841,Group Practice,Psychology,7,1015,0.635,0.886,0.501,0.594,0.527,166.22,0.582
C07842,Solo Provider,Counseling,1,116,0.753,0.345,0.39,0.739,0.298,56.19,0.827
C07843,Solo Provider,Psychiatry,1,104,0.502,0.575,0.593,0.426,0.369,74.52,0.76
C07844,Small Practice,Psychology,5,198,0.698,0.605,0.403,0.783,0.194,111.5,0.696
C07845,Solo Provider,Psychiatry,1,163,1.0,0.745,0.372,0.633,0.312,84.45,0.769
C07846,Solo Provider,Psychiatry,1,167,0.796,0.861,0.107,0.589,0.611,73.82,0.698
C07847,Small Practice,Psychology,3,226,0.824,0.571,0.63,0.506,0.828,140.46,0.698
C07848,Solo Provider,Counseling,1,95,0.66,0.678,0.54,0.141,0.529,73.07,0.828
C07849,Solo Provider,Counseling,1,72,0.81,0.438,0.495,0.532,0.198,87.85,0.956
C07850,Small Practice,Psychology,3,388,0.793,0.659,0.457,0.478,0.23,92.29,0.696
C07851,Small Practice,Therapy,3,183,0.647,0.454,0.405,0.611,0.364,120.12,0.565
C07852,Group Practice,Psychology,11,1558,0.906,0.866,0.759,0.774,0.443,207.95,0.402
C07853,Small Practice,Counseling,5,455,0.786,0.561,0.404,0.376,0.348,104.97,0.631
C07854,Solo Provider,Psychiatry,1,144,1.0,0.936,0.288,0.398,0.238,75.88,0.919
C07855,Solo Provider,Psychology,1,87,0.642,0.65,0.516,0.626,0.573,71.58,0.833
C07856,Small Practice,Psychiatry,4,294,0.687,0.745,0.501,0.772,0.633,139.15,0.643
C07857,Solo Provider,Therapy,1,106,0.782,0.931,0.787,0.733,0.436,83.34,0.775
C07858,Solo Provider,Psychology,1,92,0.808,0.747,0.449,0.404,0.416,48.72,0.745
C07859,Group Practice,Psychiatry,6,1778,0.987,0.508,0.486,0.453,0.503,152.13,0.331
C07860,Small Practice,Psychology,4,251,0.849,0.716,0.728,0.436,0.54,128.19,0.636
C07861,Small Practice,Psychology,3,458,0.574,0.903,0.441,0.342,0.638,93.86,0.717
C07862,Solo Provider,Counseling,1,113,0.685,0.495,0.341,0.501,0.52,60.72,0.887
C07863,Solo Provider,Counseling,1,150,0.83,0.924,0.341,0.642,0.375,71.17,0.776
C07864,Solo Provider,Psychology,1,103,0.516,0.656,0.415,0.521,0.345,87.74,0.728
C07865,Small Practice,Therapy,3,257,0.79,0.76,0.512,0.589,0.504,102.69,0.601
C07866,Solo Provider,Psychology,1,86,0.658,0.742,0.547,0.339,0.364,54.91,0.743
C07867,Solo Provider,Counseling,1,93,0.539,0.333,0.484,0.679,0.328,75.31,0.897
C07868,Solo Provider,Psychiatry,1,101,0.576,0.509,0.256,0.559,0.45,55.9,0.803
C07869,Small Practice,Psychology,5,434,0.809,0.762,0.607,0.619,0.616,107.54,0.555
C07870,Small Practice,Counseling,2,189,0.643,0.918,0.37,0.402,0.134,93.25,0.716
C07871,Solo Provider,Psychiatry,1,133,0.912,0.451,0.456,0.729,0.259,38.78,0.899
C07872,Solo Provider,Psychiatry,1,134,0.692,0.539,0.626,0.449,0.492,60.44,0.853
C07873,Solo Provider,Psychiatry,1,108,0.783,0.38,0.545,0.433,0.439,79.1,0.826
C07874,Solo Provider,Counseling,1,99,0.844,0.511,0.389,0.471,0.529,72.53,0.761
C07875,Small Practice,Psychiatry,5,481,0.708,0.963,0.445,0.653,0.5,85.97,0.663
C07876,Solo Provider,Psychiatry,1,144,0.439,0.561,0.454,0.904,0.481,74.52,0.697
C07877,Small Practice,Psychology,5,320,0.715,0.653,0.442,0.621,0.479,118.61,0.718
C07878,Small Practice,Psychology,3,182,0.716,0.621,0.606,0.396,0.033,72.4,0.476
C07879,Large Practice,Counseling,33,1633,0.72,0.792,1.0,1.0,1.0,323.9,0.395
C07880,Group Practice,Counseling,15,1052,1.0,0.663,0.906,0.581,0.541,193.18,0.616
C07881,Solo Provider,Counseling,1,176,0.45,0.434,0.349,0.312,0.448,57.23,0.714
C07882,Solo Provider,Counseling,1,98,0.495,0.413,0.602,0.568,0.0,70.3,0.737
C07883,Solo Provider,Psychiatry,1,129,0.785,1.0,0.426,0.576,0.236,72.65,0.645
C07884,Small Practice,Psychiatry,4,413,1.0,0.544,0.447,0.562,0.563,88.8,0.736
C07885,Solo Provider,Psychology,1,152,0.675,0.168,0.465,0.339,0.545,76.98,0.834
C07886,Solo Provider,Psychology,1,89,0.879,0.568,0.502,0.705,0.401,89.17,0.718
C07887,Solo Provider,Psychology,1,85,0.582,0.995,0.179,0.399,0.282,57.62,0.888
C07888,Solo Provider,Therapy,1,90,0.597,0.838,0.582,0.463,0.403,66.08,0.687
C07889,Small Practice,Therapy,5,211,0.506,0.352,0.465,0.739,0.527,138.8,0.59
C07890,Small Practice,Therapy,5,477,0.782,0.555,0.707,0.541,0.404,107.03,0.746
C07891,Small Practice,Psychiatry,2,247,0.684,0.177,0.803,0.612,0.34,89.04,0.786
C07892,Group Practice,Counseling,7,628,0.488,0.614,0.456,0.535,0.256,165.75,0.381
C07893,Solo Provider,Counseling,1,98,0.707,0.56,0.559,0.712,0.536,64.58,0.851
C07894,Solo Provider,Counseling,1,86,0.692,0.694,0.097,0.517,0.627,45.8,0.736
C07895,Solo Provider,Psychology,1,164,0.595,0.848,0.86,0.538,0.24,82.79,0.679
C07896,Small Practice,Therapy,3,318,0.876,0.555,0.74,0.566,0.297,98.43,0.445
C07897,Small Practice,Counseling,3,365,0.539,0.731,0.391,0.374,0.266,88.68,0.508
C07898,Solo Provider,Counseling,1,112,0.618,0.606,0.522,0.772,0.52,84.11,0.644
C07899,Large Practice,Counseling,40,4803,0.814,0.569,1.0,0.827,1.0,328.89,0.404
C07900,Solo Provider,Psychiatry,1,87,0.73,0.8,0.472,0.498,0.312,66.05,0.747
C07901,Solo Provider,Therapy,1,175,0.88,0.523,0.524,0.055,0.289,72.08,0.871
C07902,Small Practice,Counseling,2,177,0.742,0.79,0.359,0.239,0.183,100.08,0.49
C07903,Group Practice,Therapy,6,1320,0.634,0.488,0.704,0.534,0.504,151.7,0.358
C07904,Small Practice,Counseling,4,254,0.71,0.678,0.557,0.714,0.595,108.24,0.537
C07905,Large Practice,Counseling,38,2271,0.725,0.578,0.971,0.916,0.991,295.71,0.551
C07906,Solo Provider,Counseling,1,91,0.474,0.678,0.251,0.499,0.257,42.68,0.907
C07907,Small Practice,Psychology,3,159,0.527,0.715,0.524,0.483,0.498,99.59,0.422
C07908,Group Practice,Counseling,14,1468,0.724,0.659,0.695,0.741,0.892,175.67,0.52
C07909,Small Practice,Counseling,2,369,0.675,0.545,0.261,0.472,0.414,82.47,0.724
C07910,Solo Provider,Counseling,1,158,0.635,0.558,0.377,0.251,0.207,65.38,0.768
C07911,Large Practice,Psychiatry,22,3783,0.519,0.601,0.592,0.888,0.969,288.14,0.308
C07912,Solo Provider,Psychology,1,128,0.732,0.636,0.608,0.403,0.348,73.98,0.685
C07913,Solo Provider,Counseling,1,114,0.596,0.582,0.322,0.469,0.466,79.72,0.829
C07914,Group Practice,Therapy,7,1286,0.692,0.846,0.405,0.778,0.696,203.12,0.334
C07915,Group Practice,Therapy,12,1409,0.439,0.443,0.599,0.565,0.44,156.7,0.321
C07916,Large Practice,Psychiatry,25,2704,0.746,0.821,0.677,0.724,0.64,294.44,0.245
C07917,Group Practice,Psychiatry,6,1030,0.678,0.521,0.649,0.468,0.642,196.52,0.411
C07918,Solo Provider,Counseling,1,135,0.692,0.662,0.671,0.567,0.458,74.45,1.0
C07919,Group Practice,Counseling,14,879,0.726,0.861,0.707,0.471,0.589,168.97,0.598
C07920,Solo Provider,Therapy,1,101,0.442,0.499,0.637,0.164,0.386,61.1,0.85
C07921,Small Practice,Psychiatry,2,539,0.72,0.454,0.502,0.373,0.436,82.23,0.645
C07922,Solo Provider,Counseling,1,87,0.678,0.707,0.494,0.682,0.454,48.89,0.84
C07923,Group Practice,Psychology,12,1728,0.304,0.38,0.787,0.545,0.719,176.49,0.359
C07924,Small Practice,Therapy,3,493,0.913,0.808,0.402,0.432,0.414,102.34,0.877
C07925,Group Practice,Psychology,13,1591,0.568,0.598,0.678,0.485,0.711,197.34,0.375
C07926,Solo Provider,Counseling,1,85,0.724,0.572,0.028,0.435,0.356,66.21,0.797
C07927,Solo Provider,Psychiatry,1,162,0.778,0.473,0.604,0.672,0.407,66.9,0.871
C07928,Solo Provider,Psychiatry,1,93,0.665,0.597,0.652,0.537,0.245,60.43,0.789
C07929,Solo Provider,Psychology,1,107,0.667,0.397,0.296,0.44,0.567,69.64,0.612
C07930,Small Practice,Counseling,2,342,0.845,0.645,0.446,0.633,0.612,108.37,0.722
C07931,Solo Provider,Psychology,1,149,0.882,0.682,0.479,0.62,0.272,70.67,1.0
C07932,Small Practice,Counseling,5,398,0.827,0.847,0.422,0.269,0.39,94.78,0.678
C07933,Solo Provider,Counseling,1,136,0.681,0.356,0.564,0.665,0.398,60.99,0.839
C07934,Solo Provider,Psychiatry,1,105,0.682,0.771,0.26,0.338,0.154,55.5,0.968
C07935,Small Practice,Psychiatry,5,469,0.689,0.973,0.71,0.444,0.457,118.66,0.55
C07936,Solo Provider,Psychology,1,116,0.982,0.898,0.53,0.572,0.331,61.67,0.982
C07937,Solo Provider,Therapy,1,98,0.544,0.452,0.626,0.676,0.435,55.8,0.831
C07938,Solo Provider,Therapy,1,136,0.885,0.455,0.282,0.565,0.483,82.34,0.882
C07939,Solo Provider,Therapy,1,124,0.724,0.352,0.542,0.714,0.275,41.3,0.786
C07940,Small Practice,Counseling,2,277,0.94,0.57,0.322,0.857,0.478,107.7,0.698
C07941,Solo Provider,Counseling,1,178,0.66,0.949,0.362,0.744,0.42,51.96,0.835
C07942,Solo Provider,Counseling,1,178,0.764,0.638,0.223,0.519,0.304,53.27,0.826
C07943,Small Practice,Therapy,2,365,0.714,0.579,0.429,0.317,0.377,98.75,0.714
C07944,Small Practice,Psychiatry,3,561,0.454,0.497,0.383,0.679,0.524,98.16,0.681
C07945,Small Practice,Psychiatry,4,521,0.794,0.276,0.747,0.52,0.563,92.72,0.697
C07946,Solo Provider,Therapy,1,170,0.411,0.511,0.486,0.524,0.268,63.69,0.775
C07947,Group Practice,Psychiatry,15,1423,0.606,0.623,0.487,0.473,0.79,188.82,0.603
C07948,Solo Provider,Psychiatry,1,73,0.651,0.565,0.648,0.0,0.709,36.18,0.808
C07949,Solo Provider,Counseling,1,124,0.339,0.244,0.331,0.485,0.548,52.87,0.766
C07950,Group Practice,Therapy,8,1287,0.653,0.909,0.728,0.493,0.442,179.27,0.264
C07951,Small Practice,Counseling,5,369,0.758,0.764,0.758,0.494,0.448,108.9,0.807
C07952,Small Practice,Counseling,2,420,1.0,0.642,0.74,0.429,0.318,109.87,0.449
C07953,Group Practice,Therapy,6,968,0.713,0.733,0.671,0.32,0.469,160.73,0.616
C07954,Solo Provider,Psychiatry,1,126,0.494,0.845,0.487,0.507,0.307,59.24,0.892
C07955,Group Practice,Psychiatry,15,744,0.713,0.832,0.809,0.479,0.692,198.76,0.423
C07956,Small Practice,Counseling,2,264,0.418,0.792,0.145,0.548,0.67,104.74,0.79
C07957,Solo Provider,Counseling,1,133,0.691,0.839,0.347,0.583,0.24,59.97,0.772
C07958,Solo Provider,Counseling,1,162,0.762,0.749,0.788,0.486,0.416,72.28,0.918
C07959,Solo Provider,Psychiatry,1,72,0.791,0.528,0.495,0.374,0.32,62.61,1.0
C07960,Group Practice,Counseling,6,1734,0.303,0.729,0.836,0.428,0.621,147.29,0.388
C07961,Solo Provider,Counseling,1,110,0.634,0.527,0.482,0.461,0.218,76.47,0.853
C07962,Solo Provider,Psychology,1,158,0.556,0.767,0.492,0.499,0.456,78.5,0.745
C07963,Small Practice,Therapy,5,570,0.438,0.76,0.364,0.432,0.284,90.22,0.71
C07964,Small Practice,Psychiatry,4,477,0.815,0.698,0.75,0.389,0.442,100.85,0.421
C07965,Solo Provider,Therapy,1,131,0.502,0.814,0.654,0.466,0.711,60.1,0.716
C07966,Group Practice,Counseling,13,863,0.757,0.82,0.764,0.598,0.752,224.4,0.398
C07967,Small Practice,Psychiatry,3,471,0.398,0.562,0.382,0.896,0.264,113.11,0.425
C07968,Group Practice,Psychology,12,1798,0.934,0.587,0.752,0.58,0.781,176.57,0.491
C07969,Solo Provider,Psychiatry,1,62,0.964,0.697,0.546,0.593,0.262,74.57,0.635
C07970,Solo Provider,Counseling,1,136,0.92,0.76,0.266,0.587,0.512,78.53,0.921
C07971,Small Practice,Counseling,2,226,0.607,0.62,0.633,0.384,0.257,100.94,0.724
C07972,Solo Provider,Psychiatry,1,74,0.839,0.554,0.7,0.567,0.477,79.5,0.767
C07973,Small Practice,Psychiatry,3,457,0.385,0.982,0.369,0.446,0.315,103.93,0.835
C07974,Solo Provider,Therapy,1,139,0.8,0.83,0.584,0.555,0.401,57.65,0.953
C07975,Small Practice,Therapy,2,257,0.802,0.716,0.433,0.934,0.213,107.21,0.658
C07976,Group Practice,Counseling,12,695,0.604,0.6,0.872,0.583,0.628,192.37,0.392
C07977,Group Practice,Counseling,11,1060,0.675,0.777,0.599,0.64,0.616,183.58,0.482
C07978,Large Practice,Counseling,18,4311,0.515,0.339,0.51,0.794,0.621,283.33,0.237
C07979,Group Practice,Psychology,9,1223,0.462,0.494,0.443,0.619,0.318,170.48,0.382
C07980,Solo Provider,Therapy,1,126,0.503,0.668,0.484,0.548,0.157,56.6,0.898
C07981,Solo Provider,Therapy,1,77,0.527,0.663,0.564,0.613,0.561,52.5,0.736
C07982,Group Practice,Psychology,13,1538,0.276,0.5,0.595,0.572,0.66,184.68,0.448
C07983,Group Practice,Psychiatry,10,542,0.477,0.758,0.519,0.657,0.599,167.7,0.37
C07984,Large Practice,Therapy,39,4145,0.628,0.96,1.0,0.77,1.0,320.85,0.335
C07985,Small Practice,Therapy,2,480,0.746,0.635,0.24,0.135,0.569,92.15,0.68
C07986,Solo Provider,Psychology,1,78,0.746,0.764,0.348,0.545,0.447,42.01,0.75
C07987,Group Practice,Counseling,11,859,0.504,0.863,0.471,0.463,0.451,183.33,0.534
C07988,Group Practice,Psychiatry,6,1401,0.632,0.618,0.749,0.223,0.245,172.26,0.693
C07989,Small Practice,Counseling,3,253,1.0,0.765,0.512,0.787,0.273,108.14,0.601
C07990,Group Practice,Psychiatry,12,1575,0.751,0.687,0.571,0.704,0.606,179.95,0.449
C07991,Small Practice,Psychology,5,259,0.48,0.906,0.637,0.731,0.266,107.75,0.6
C07992,Group Practice,Therapy,15,1293,0.585,0.962,0.807,0.711,0.665,185.56,0.428
C07993,Solo Provider,Psychology,1,138,0.338,0.808,0.474,0.713,0.455,71.02,0.797
C07994,Group Practice,Psychiatry,14,1395,0.521,0.472,0.516,0.635,0.719,165.92,0.518
C07995,Solo Provider,Counseling,1,110,0.721,0.776,0.542,0.227,0.398,51.04,0.947
C07996,Solo Provider,Psychiatry,1,109,0.561,0.292,0.397,0.262,0.239,66.32,0.825
C07997,Solo Provider,Therapy,1,168,0.631,0.608,0.446,0.648,0.488,73.07,0.889
C07998,Solo Provider,Therapy,1,148,0.662,0.558,0.556,0.369,0.243,71.74,0.85
C07999,Solo Provider,Psychiatry,1,71,0.795,0.602,0.443,0.574,0.25,63.11,0.872
C08000,Large Practice,Psychiatry,25,4973,0.713,0.8,0.494,0.585,0.954,277.89,0.349
C08001,Small Practice,Psychiatry,2,528,0.79,0.93,0.417,0.748,0.471,99.24,0.558
C08002,Group Practice,Psychology,11,747,0.912,0.641,0.78,0.692,0.538,166.48,0.469
C08003,Solo Provider,Counseling,1,95,0.659,0.555,0.615,0.554,0.332,49.71,0.911
C08004,Solo Provider,Psychology,1,71,0.89,0.766,0.227,0.549,0.178,69.14,0.757
C08005,Small Practice,Psychiatry,4,285,0.69,0.502,0.683,0.632,0.301,101.42,0.662
C08006,Small Practice,Psychology,3,547,0.722,0.951,0.365,0.632,0.532,117.82,0.699
C08007,Small Practice,Counseling,5,483,0.774,0.672,0.333,0.383,0.598,102.5,0.604
C08008,Group Practice,Therapy,14,1479,0.682,0.778,0.644,0.493,0.755,202.74,0.368
C08009,Group Practice,Therapy,15,768,0.622,0.757,0.605,0.55,0.652,190.85,0.528
C08010,Small Practice,Therapy,2,562,0.498,0.618,0.316,0.507,0.381,103.32,0.721
C08011,Large Practice,Counseling,34,3923,0.697,0.578,1.0,0.98,1.0,320.3,0.491
C08012,Small Practice,Counseling,5,509,0.537,0.475,0.409,0.563,0.419,123.33,0.676
C08013,Small Practice,Psychiatry,2,290,0.773,0.664,0.642,0.632,0.378,111.16,0.746
C08014,Solo Provider,Counseling,1,77,0.83,0.658,0.565,0.473,0.215,73.35,0.754
C08015,Solo Provider,Psychology,1,137,0.597,0.898,0.316,0.54,0.306,50.44,0.82
C08016,Solo Provider,Counseling,1,139,0.45,0.54,0.567,0.544,0.165,64.96,0.897
C08017,Small Practice,Counseling,5,459,0.649,0.327,0.748,0.531,0.588,111.13,0.612
C08018,Small Practice,Counseling,2,418,0.576,0.917,0.611,0.725,0.459,117.95,0.675
C08019,Solo Provider,Psychiatry,1,153,0.745,0.667,0.609,0.336,0.323,54.37,0.661
C08020,Small Practice,Psychology,4,288,0.816,0.979,0.493,0.479,0.411,128.51,0.674
C08021,Solo Provider,Therapy,1,166,0.701,0.453,0.523,0.526,0.362,91.33,0.773
C08022,Solo Provider,Counseling,1,158,0.47,0.542,0.391,0.297,0.34,44.57,0.961
C08023,Group Practice,Psychiatry,12,1416,0.812,0.614,0.573,0.828,0.483,192.38,0.293
C08024,Solo Provider,Psychiatry,1,131,0.691,0.629,0.173,0.342,0.338,71.69,0.694
C08025,Solo Provider,Psychology,1,137,0.664,0.825,0.378,0.578,0.368,73.16,0.884
C08026,Solo Provider,Counseling,1,60,0.794,0.558,0.381,0.497,0.461,76.94,0.838
C08027,Solo Provider,Psychology,1,126,0.501,0.564,0.368,0.352,0.337,54.04,0.672
C08028,Small Practice,Counseling,5,206,0.525,0.429,0.378,0.648,0.398,101.15,0.661
C08029,Large Practice,Psychology,21,4466,0.775,0.746,0.737,0.746,0.551,282.19,0.23
C08030,Small Practice,Counseling,2,502,0.662,0.757,0.515,0.525,0.349,91.93,0.731
C08031,Small Practice,Psychology,2,307,0.657,0.746,0.573,0.542,0.543,100.7,0.719
C08032,Solo Provider,Psychiatry,1,167,0.731,0.695,0.607,0.263,0.528,73.7,0.644
C08033,Small Practice,Counseling,3,408,0.669,0.754,0.317,0.4,0.245,108.22,0.584
C08034,Solo Provider,Psychiatry,1,170,0.686,0.682,0.751,0.441,0.267,61.36,0.891
C08035,Solo Provider,Psychology,1,114,0.555,0.806,0.668,0.428,0.363,58.93,0.889
C08036,Group Practice,Psychiatry,11,1712,0.917,0.428,0.414,0.358,0.47,184.14,0.324
C08037,Solo Provider,Psychiatry,1,134,0.639,0.715,0.341,0.513,0.465,71.81,1.0
C08038,Solo Provider,Psychiatry,1,111,0.463,0.774,0.511,0.597,0.353,64.54,0.888
C08039,Solo Provider,Psychiatry,1,102,0.73,0.669,0.416,0.702,0.575,74.95,0.993
C08040,Group Practice,Counseling,13,515,0.743,0.508,0.778,0.611,0.673,192.97,0.335
C08041,Solo Provider,Counseling,1,107,0.893,0.534,0.401,0.435,0.3,66.43,0.937
C08042,Solo Provider,Psychology,1,126,0.583,0.289,0.356,0.306,0.193,43.52,0.762
C08043,Group Practice,Therapy,7,891,0.76,0.71,0.592,0.158,0.405,187.45,0.578
C08044,Solo Provider,Therapy,1,91,0.821,0.661,0.34,0.725,0.345,83.14,0.775
C08045,Group Practice,Therapy,7,813,0.689,0.385,0.638,0.859,0.55,175.15,0.647
C08046,Solo Provider,Psychology,1,77,0.461,0.688,0.266,0.577,0.32,60.56,0.78
C08047,Small Practice,Counseling,3,572,0.729,0.684,0.497,0.658,0.371,115.67,0.539
C08048,Large Practice,Psychiatry,31,2357,0.742,0.787,0.755,0.733,0.693,308.67,0.265
C08049,Small Practice,Psychiatry,4,409,0.912,0.709,0.425,0.432,0.659,106.54,0.728
C08050,Small Practice,Psychology,2,159,0.633,0.195,0.493,0.312,0.332,89.78,0.524
C08051,Solo Provider,Counseling,1,63,0.551,0.662,0.569,0.565,0.147,48.61,0.634
C08052,Small Practice,Psychiatry,3,396,1.0,0.529,0.341,0.772,0.341,106.47,0.642
C08053,Group Practice,Psychiatry,6,912,0.584,0.636,0.478,0.269,0.323,150.07,0.436
C08054,Small Practice,Psychology,5,185,0.583,0.976,0.533,0.573,0.363,85.34,0.623
C08055,Group Practice,Counseling,12,1150,0.995,0.811,0.385,0.693,0.633,174.6,0.602
C08056,Small Practice,Psychology,5,589,0.717,0.501,0.28,0.54,0.471,111.67,0.536
C08057,Small Practice,Psychology,5,174,0.701,0.495,0.528,0.873,0.301,104.47,0.474
C08058,Solo Provider,Psychology,1,103,0.422,0.723,0.267,0.27,0.491,92.58,0.94
C08059,Small Practice,Therapy,5,313,0.759,0.398,0.536,0.533,0.119,100.4,0.703
C08060,Group Practice,Counseling,6,1065,0.511,1.0,0.58,0.629,0.665,160.71,0.449
C08061,Small Practice,Therapy,2,278,0.677,0.824,0.462,0.893,0.378,109.83,0.586
C08062,Solo Provider,Psychiatry,1,132,0.627,0.491,0.665,0.293,0.52,62.89,0.959
C08063,Small Practice,Psychiatry,2,504,0.572,0.853,0.284,0.69,0.384,91.58,0.563
C08064,Small Practice,Psychology,3,277,0.518,0.745,0.517,0.465,0.474,98.42,0.568
C08065,Group Practice,Therapy,14,1509,0.506,0.585,0.421,0.569,0.339,164.43,0.345
C08066,Solo Provider,Therapy,1,104,0.552,0.42,0.404,0.83,0.115,67.66,0.867
C08067,Solo Provider,Counseling,1,79,1.0,0.699,0.468,0.515,0.359,63.03,0.868
C08068,Solo Provider,Psychiatry,1,66,0.826,0.612,0.425,0.506,0.358,70.39,0.862
C08069,Solo Provider,Psychology,1,134,0.917,0.475,0.458,0.344,0.295,72.9,0.747
C08070,Large Practice,Psychology,24,4275,0.909,0.911,0.917,0.593,0.997,285.45,0.257
C08071,Solo Provider,Psychology,1,129,0.571,0.874,0.584,1.0,0.413,101.19,0.787
C08072,Small Practice,Psychology,4,582,0.734,0.625,0.695,1.0,0.321,129.07,0.766
C08073,Solo Provider,Psychology,1,119,0.897,0.694,0.572,0.35,0.634,60.93,0.692
C08074,Solo Provider,Counseling,1,100,0.614,0.728,0.418,0.364,0.2,67.42,0.919
C08075,Large Practice,Counseling,26,4018,0.796,0.592,0.603,0.601,0.97,294.68,0.435
C08076,Solo Provider,Psychiatry,1,117,0.59,0.743,0.539,0.087,0.455,91.03,0.819
C08077,Solo Provider,Therapy,1,98,0.688,0.73,0.484,0.433,0.164,57.4,0.733
C08078,Solo Provider,Counseling,1,114,0.879,0.688,0.38,0.387,0.434,54.39,0.769
C08079,Large Practice,Psychiatry,29,4451,0.964,0.627,1.0,0.548,1.0,309.02,0.378
C08080,Large Practice,Psychiatry,21,3646,0.705,0.503,0.589,0.432,0.566,274.34,0.185
C08081,Solo Provider,Therapy,1,170,0.677,0.866,0.476,0.39,0.399,46.14,0.722
C08082,Small Practice,Psychology,5,238,0.797,0.615,0.505,0.488,0.672,109.63,0.68
C08083,Solo Provider,Psychology,1,143,0.845,0.841,0.532,0.676,0.451,86.21,0.805
C08084,Small Practice,Counseling,5,473,0.557,0.739,0.423,0.7,0.478,96.94,0.857
C08085,Solo Provider,Psychology,1,93,0.626,0.703,0.574,0.579,0.444,67.63,0.842
C08086,Group Practice,Psychology,7,825,0.837,0.59,0.438,0.631,0.508,171.45,0.29
C08087,Group Practice,Psychology,14,1117,0.413,0.721,0.479,0.887,0.72,205.06,0.475
C08088,Solo Provider,Counseling,1,80,0.845,0.489,0.617,0.396,0.506,54.5,0.758
C08089,Solo Provider,Counseling,1,139,0.628,0.844,0.661,0.218,0.368,67.26,0.865
C08090,Solo Provider,Counseling,1,157,0.722,0.699,0.225,0.784,0.467,61.54,0.735
C08091,Solo Provider,Psychiatry,1,100,0.739,0.716,0.548,0.551,0.086,71.02,0.759
C08092,Solo Provider,Psychiatry,1,116,0.797,0.565,0.46,0.71,0.579,84.57,0.833
C08093,Solo Provider,Therapy,1,74,0.806,0.648,0.375,0.827,0.638,81.12,0.803
C08094,Large Practice,Counseling,19,4066,0.708,0.667,0.911,0.546,0.6,270.52,0.393
C08095,Solo Provider,Psychology,1,60,0.894,0.67,0.524,0.484,0.577,59.73,0.891
C08096,Group Practice,Counseling,6,1400,0.862,0.651,0.651,0.8,0.45,166.16,0.489
C08097,Solo Provider,Counseling,1,149,0.566,0.779,0.703,0.371,0.576,64.5,0.804
C08098,Small Practice,Psychiatry,2,329,0.716,0.593,0.662,0.491,0.445,101.08,0.87
C08099,Solo Provider,Therapy,1,67,0.639,0.596,0.644,0.509,0.418,66.43,0.737
C08100,Group Practice,Therapy,13,916,0.491,0.342,0.579,0.598,0.552,179.01,0.432
C08101,Solo Provider,Counseling,1,66,0.912,0.808,0.455,0.676,0.0,76.51,0.839
C08102,Solo Provider,Psychiatry,1,170,0.623,0.755,0.378,0.578,0.18,64.4,0.896
C08103,Small Practice,Psychiatry,3,506,0.697,0.855,0.541,0.705,0.33,125.09,0.712
C08104,Small Practice,Counseling,2,193,0.324,0.689,0.266,0.467,0.312,91.16,0.715
C08105,Small Practice,Psychiatry,5,193,0.787,0.472,0.417,0.503,0.417,107.52,0.673
C08106,Solo Provider,Counseling,1,118,0.743,0.673,0.473,0.258,0.441,74.47,0.862
C08107,Solo Provider,Psychology,1,157,0.726,0.846,0.54,0.444,0.361,56.67,0.744
C08108,Group Practice,Counseling,15,780,0.664,0.777,0.956,0.86,0.477,200.69,0.395
C08109,Small Practice,Therapy,2,504,0.9,0.586,0.292,0.368,0.566,109.65,0.667
C08110,Small Practice,Psychiatry,5,452,0.592,0.77,0.328,0.645,0.685,99.94,0.425
C08111,Solo Provider,Therapy,1,111,0.632,0.629,0.798,0.403,0.338,51.38,0.702
C08112,Solo Provider,Therapy,1,150,0.767,0.359,0.27,0.52,0.456,56.03,0.713
C08113,Group Practice,Counseling,6,1278,0.776,0.656,0.542,0.349,0.58,175.65,0.4
C08114,Small Practice,Psychology,5,305,0.749,0.514,0.669,0.354,0.485,101.54,0.528
C08115,Solo Provider,Psychiatry,1,150,0.529,0.734,0.578,0.172,0.439,54.82,0.913
C08116,Group Practice,Psychiatry,10,1560,0.456,0.477,0.753,0.549,0.605,173.8,0.388
C08117,Small Practice,Therapy,4,378,0.902,0.678,0.479,0.414,0.542,122.21,0.638
C08118,Solo Provider,Therapy,1,97,0.448,0.572,0.443,0.599,0.174,73.71,0.786
C08119,Solo Provider,Counseling,1,133,0.75,0.504,0.432,0.338,0.52,67.68,0.842
C08120,Small Practice,Therapy,3,360,0.882,1.0,0.507,0.55,0.464,117.05,0.795
C08121,Solo Provider,Psychiatry,1,167,0.76,0.789,0.528,0.275,0.529,67.54,0.72
C08122,Small Practice,Therapy,5,463,0.661,0.693,0.729,0.488,0.66,98.31,0.49
C08123,Small Practice,Counseling,2,225,0.815,0.482,0.293,0.829,0.366,113.82,0.799
C08124,Solo Provider,Therapy,1,69,0.889,0.602,0.292,0.6,0.315,77.32,0.86
C08125,Group Practice,Psychiatry,10,1660,0.611,0.634,0.79,0.486,0.805,200.03,0.286
C08126,Solo Provider,Counseling,1,142,0.736,0.746,0.551,0.118,0.326,76.91,0.785
C08127,Solo Provider,Psychology,1,165,0.914,0.978,0.553,0.545,0.215,66.2,0.865
C08128,Small Practice,Psychiatry,3,342,0.483,0.532,0.638,0.832,0.516,110.56,0.78
C08129,Small Practice,Psychology,3,290,0.742,0.75,0.534,0.5,0.476,110.81,0.681
C08130,Solo Provider,Psychiatry,1,134,0.372,0.504,0.396,0.268,0.236,60.97,0.876
C08131,Small Practice,Psychiatry,2,191,0.844,0.838,0.494,0.762,0.308,115.76,0.785
C08132,Group Practice,Psychology,12,1749,0.704,0.536,0.637,0.393,0.728,175.56,0.406
C08133,Group Practice,Psychiatry,11,1769,0.549,1.0,0.524,0.812,0.359,178.21,0.318
C08134,Group Practice,Counseling,11,1325,0.611,0.651,0.5,0.84,0.851,169.06,0.555
C08135,Solo Provider,Psychiatry,1,132,0.614,0.547,0.572,0.531,0.386,56.79,0.805
C08136,Solo Provider,Counseling,1,154,0.548,0.6,0.436,0.583,0.501,70.71,0.782
C08137,Small Practice,Therapy,2,361,0.662,0.728,0.513,0.47,0.195,108.59,0.555
C08138,Solo Provider,Psychology,1,101,0.966,0.528,0.2,0.42,0.03,58.86,0.629
C08139,Small Practice,Psychology,2,409,0.473,0.66,0.491,0.609,0.421,106.83,0.644
C08140,Solo Provider,Psychology,1,148,0.836,0.661,0.541,0.067,0.302,54.49,0.944
C08141,Solo Provider,Psychiatry,1,119,0.735,0.536,0.533,0.434,0.294,54.37,0.75
C08142,Solo Provider,Psychology,1,141,0.549,0.562,0.475,0.447,0.301,71.8,1.0
C08143,Solo Provider,Therapy,1,69,0.738,0.702,0.991,0.569,0.684,71.24,0.76
C08144,Solo Provider,Psychology,1,148,0.527,0.809,0.328,0.402,0.445,66.66,0.767
C08145,Small Practice,Counseling,4,584,0.342,0.881,0.684,0.506,0.438,102.45,0.556
C08146,Small Practice,Psychiatry,4,309,0.969,0.701,0.225,0.637,0.382,104.72,0.609
C08147,Solo Provider,Therapy,1,152,0.722,0.83,0.529,0.579,0.468,55.82,0.759
C08148,Solo Provider,Psychology,1,73,0.94,0.376,0.509,0.821,0.42,80.42,0.861
C08149,Group Practice,Counseling,13,1402,0.904,0.393,0.843,0.646,0.471,187.37,0.343
C08150,Solo Provider,Psychiatry,1,116,0.712,0.65,0.509,0.648,0.545,91.1,0.916
C08151,Small Practice,Therapy,2,306,0.59,0.635,0.407,0.301,0.347,108.34,0.719
C08152,Small Practice,Psychiatry,4,448,0.862,0.651,0.153,0.317,0.483,83.72,0.469
C08153,Small Practice,Counseling,5,408,0.668,0.693,0.269,0.688,0.441,107.14,0.518
C08154,Group Practice,Psychiatry,10,874,0.584,0.422,0.597,0.577,0.491,175.08,0.437
C08155,Small Practice,Psychology,4,375,0.402,0.641,0.365,0.739,0.486,98.31,0.749
C08156,Large Practice,Psychiatry,23,2654,0.532,0.646,0.658,0.877,1.0,265.87,0.335
C08157,Group Practice,Psychology,15,1494,1.0,0.797,0.559,0.836,0.638,195.16,0.713
C08158,Solo Provider,Psychiatry,1,97,0.662,0.637,0.407,0.39,0.199,70.3,0.752
C08159,Solo Provider,Psychiatry,1,74,0.613,0.411,0.571,0.786,0.241,56.7,0.736
C08160,Solo Provider,Psychology,1,171,0.823,0.838,0.488,0.31,0.427,71.63,0.823
C08161,Solo Provider,Psychology,1,80,0.533,0.358,0.638,0.713,0.125,54.86,0.72
C08162,Small Practice,Psychiatry,4,478,0.713,0.928,0.466,0.32,0.312,113.82,0.559
C08163,Solo Provider,Psychiatry,1,69,0.988,0.738,0.36,0.556,0.123,44.87,0.78
C08164,Solo Provider,Therapy,1,95,0.675,0.798,0.576,0.418,0.52,102.15,0.682
C08165,Solo Provider,Psychology,1,61,0.499,0.784,0.652,0.543,0.213,54.01,0.723
C08166,Small Practice,Psychiatry,3,375,0.819,0.737,0.503,0.299,0.659,100.53,0.632
C08167,Small Practice,Psychology,2,438,0.451,0.64,0.449,0.495,0.569,99.67,0.525
C08168,Large Practice,Psychiatry,34,2995,0.668,0.8,0.941,0.861,0.61,284.64,0.378
C08169,Solo Provider,Counseling,1,159,0.572,0.239,0.486,0.44,0.445,71.07,0.854
C08170,Solo Provider,Psychology,1,142,0.776,0.739,0.608,0.573,0.4,74.57,0.783
C08171,Large Practice,Psychiatry,34,4024,0.774,0.618,1.0,1.0,0.839,329.94,0.299
C08172,Small Practice,Psychiatry,2,316,0.515,1.0,0.407,0.181,0.263,102.14,0.607
C08173,Small Practice,Psychology,5,319,0.488,0.121,0.598,0.57,0.621,103.37,0.586
C08174,Small Practice,Therapy,3,559,0.607,0.718,0.426,0.249,0.6,108.35,0.671
C08175,Solo Provider,Therapy,1,73,0.668,0.612,0.302,0.657,0.134,68.72,0.82
C08176,Group Practice,Therapy,12,1265,0.884,0.292,0.431,0.638,0.673,188.66,0.313
C08177,Small Practice,Psychiatry,3,509,0.641,0.674,0.67,0.795,0.327,104.78,0.567
C08178,Small Practice,Psychiatry,5,329,0.888,0.738,0.524,0.75,0.556,121.48,0.747
C08179,Small Practice,Psychiatry,3,469,0.494,0.744,0.731,0.482,0.318,101.91,0.613
C08180,Solo Provider,Therapy,1,104,0.862,0.651,0.635,0.594,0.509,71.22,0.805
C08181,Solo Provider,Psychiatry,1,75,0.335,0.579,0.086,0.496,0.467,26.7,0.802
C08182,Small Practice,Psychiatry,4,321,0.778,0.875,0.585,0.544,0.489,109.39,0.832
C08183,Small Practice,Psychiatry,4,573,0.626,0.512,0.332,0.423,0.832,100.56,0.545
C08184,Solo Provider,Psychology,1,119,1.0,0.748,0.512,0.598,0.391,75.79,0.75
C08185,Solo Provider,Psychiatry,1,91,0.441,0.561,0.204,0.352,0.44,56.75,0.753
C08186,Group Practice,Counseling,15,1474,0.491,0.433,0.411,0.705,0.626,199.0,0.53
C08187,Solo Provider,Counseling,1,74,0.906,0.714,0.494,0.56,0.216,61.27,0.827
C08188,Solo Provider,Psychology,1,88,0.43,0.214,0.427,0.396,0.255,50.83,0.684
C08189,Small Practice,Psychology,2,588,0.714,0.783,0.407,0.709,0.269,116.9,0.457
C08190,Group Practice,Therapy,7,701,0.616,0.791,0.741,0.556,0.39,179.75,0.66
C08191,Small Practice,Psychology,2,203,0.771,0.759,0.519,0.502,0.108,104.29,0.516
C08192,Group Practice,Psychiatry,15,1060,0.727,0.452,0.705,0.744,0.334,194.94,0.6
C08193,Solo Provider,Psychiatry,1,86,0.541,0.635,0.415,0.731,0.283,65.36,0.68
C08194,Group Practice,Counseling,8,571,0.844,0.633,0.391,0.47,0.423,146.68,0.418
C08195,Group Practice,Therapy,13,787,0.738,0.877,0.565,0.669,0.931,167.99,0.472
C08196,Small Practice,Psychiatry,2,555,0.729,0.568,0.307,0.66,0.0,87.87,0.605
C08197,Small Practice,Counseling,5,341,0.681,0.422,0.605,1.0,0.302,112.83,0.69
C08198,Solo Provider,Counseling,1,169,0.629,0.65,0.496,0.647,0.477,61.96,0.928
C08199,Solo Provider,Psychology,1,106,0.727,0.622,0.593,0.246,0.532,81.93,0.832
C08200,Solo Provider,Psychology,1,155,0.673,0.531,0.404,0.167,0.343,60.7,0.747
C08201,Solo Provider,Counseling,1,150,0.594,0.713,0.444,0.201,0.375,72.53,0.882
C08202,Large Practice,Therapy,20,2199,0.473,0.846,0.811,0.575,0.584,278.83,0.303
C08203,Solo Provider,Psychiatry,1,83,0.476,0.306,0.342,0.369,0.2,37.32,0.941
C08204,Small Practice,Therapy,4,269,1.0,0.505,0.507,0.788,0.404,101.64,0.688
C08205,Solo Provider,Psychiatry,1,170,0.569,0.36,0.432,0.576,0.658,84.08,0.746
C08206,Solo Provider,Counseling,1,87,0.589,0.655,0.471,0.276,0.33,59.26,0.716
C08207,Solo Provider,Psychology,1,112,0.675,0.641,0.374,0.332,0.102,58.43,0.893
C08208,Solo Provider,Counseling,1,109,0.676,0.646,0.423,0.449,0.403,77.48,0.769
C08209,Small Practice,Psychology,5,267,0.895,0.927,0.353,0.764,0.453,103.86,0.66
C08210,Large Practice,Counseling,33,4534,0.369,0.75,0.914,0.808,1.0,294.2,0.301
C08211,Solo Provider,Therapy,1,139,0.697,0.958,0.445,0.649,0.26,71.52,0.849
C08212,Large Practice,Psychiatry,30,2375,0.627,0.599,0.617,0.586,0.656,283.8,0.147
C08213,Small Practice,Psychiatry,5,558,0.542,0.866,0.484,0.711,0.218,117.54,0.692
C08214,Small Practice,Counseling,4,497,0.632,0.598,0.56,0.557,0.585,119.33,0.555
C08215,Solo Provider,Psychology,1,113,0.729,0.616,0.624,0.36,0.195,55.21,0.802
C08216,Solo Provider,Therapy,1,121,0.743,0.991,0.476,0.545,0.604,87.29,0.838
C08217,Group Practice,Therapy,14,1376,0.691,0.528,0.727,0.749,0.708,188.16,0.492
C08218,Small Practice,Psychiatry,2,455,0.92,0.672,0.28,0.356,0.422,91.31,0.564
C08219,Solo Provider,Therapy,1,61,0.759,0.935,0.241,0.686,0.515,69.58,0.827
C08220,Group Practice,Psychology,11,1388,0.709,0.621,0.344,0.71,0.757,169.79,0.31
C08221,Solo Provider,Counseling,1,85,0.629,0.6,0.357,0.727,0.667,65.44,0.822
C08222,Small Practice,Counseling,5,380,0.531,0.611,0.606,0.671,0.523,111.82,0.603
C08223,Solo Provider,Therapy,1,162,0.831,0.724,0.713,0.567,0.239,71.97,0.679
C08224,Group Practice,Psychiatry,12,1729,0.639,0.544,0.509,0.667,0.41,182.23,0.292
C08225,Solo Provider,Psychology,1,134,0.644,0.709,0.49,0.601,0.399,89.45,0.858
C08226,Solo Provider,Psychiatry,1,148,0.783,0.669,0.18,0.488,0.569,61.83,0.848
C08227,Small Practice,Psychiatry,2,251,0.533,0.774,0.407,0.553,0.233,67.2,0.671
C08228,Solo Provider,Therapy,1,62,0.635,0.512,0.355,0.0,0.264,43.91,0.826
C08229,Group Practice,Therapy,8,1400,0.834,0.702,0.627,0.64,0.575,164.66,0.382
C08230,Small Practice,Psychiatry,3,311,0.799,0.496,0.449,0.461,0.429,108.23,0.711
C08231,Solo Provider,Therapy,1,144,0.75,0.639,0.489,0.452,0.246,61.95,0.895
C08232,Solo Provider,Therapy,1,130,0.881,0.642,0.462,0.392,0.364,64.83,0.891
C08233,Group Practice,Psychology,10,1195,0.943,0.433,0.459,0.671,0.273,161.42,0.501
C08234,Small Practice,Counseling,4,234,0.827,0.424,0.211,0.188,0.464,83.37,0.734
C08235,Group Practice,Psychology,15,1072,0.689,0.656,0.812,0.375,0.715,168.66,0.264
C08236,Solo Provider,Therapy,1,92,0.784,0.761,0.59,0.496,0.303,66.05,0.844
C08237,Group Practice,Counseling,10,1053,0.679,0.628,0.895,0.762,0.592,182.55,0.405
C08238,Small Practice,Psychology,2,405,0.717,0.566,0.22,0.45,0.479,113.47,0.517
C08239,Small Practice,Psychiatry,5,271,0.9,0.623,0.185,0.481,0.329,106.72,0.557
C08240,Solo Provider,Psychiatry,1,92,0.552,0.376,0.357,0.639,0.315,57.55,0.7
C08241,Solo Provider,Counseling,1,159,0.758,0.728,0.521,0.214,0.334,36.1,0.89
C08242,Large Practice,Psychiatry,33,2245,0.522,0.496,0.934,0.657,1.0,294.54,0.512
C08243,Large Practice,Therapy,18,1908,0.619,0.728,0.726,0.823,0.616,297.66,0.322
C08244,Solo Provider,Psychiatry,1,147,0.624,0.628,0.516,0.918,0.48,68.17,0.8
C08245,Group Practice,Psychiatry,11,1108,0.671,0.905,0.559,0.512,0.313,150.69,0.49
C08246,Solo Provider,Psychiatry,1,127,0.468,0.302,0.442,0.656,0.334,66.54,0.866
C08247,Solo Provider,Psychiatry,1,82,0.786,0.914,0.343,0.52,0.059,57.29,0.926
C08248,Solo Provider,Psychology,1,90,0.635,0.508,0.562,0.59,0.269,75.06,0.963
C08249,Solo Provider,Psychiatry,1,105,0.926,0.295,0.355,0.659,0.169,50.06,0.748
C08250,Solo Provider,Psychology,1,171,0.634,0.45,0.71,0.606,0.448,80.04,0.81
C08251,Solo Provider,Psychiatry,1,69,0.769,0.306,0.745,0.801,0.292,57.9,0.629
C08252,Solo Provider,Counseling,1,168,0.738,0.569,0.368,0.612,0.346,65.71,0.892
C08253,Small Practice,Counseling,4,577,1.0,0.689,0.459,0.533,0.578,86.6,0.735
C08254,Group Practice,Psychiatry,8,1282,0.639,0.696,0.566,0.524,0.241,161.36,0.289
C08255,Small Practice,Therapy,5,332,0.687,0.693,0.399,0.319,0.585,96.78,0.704
C08256,Solo Provider,Psychology,1,151,0.828,0.466,0.496,0.549,0.27,50.16,0.848
C08257,Small Practice,Psychiatry,5,544,0.694,0.448,0.618,0.749,0.429,106.55,0.657
C08258,Solo Provider,Counseling,1,103,0.621,0.649,0.424,0.787,0.331,48.28,0.702
C08259,Small Practice,Psychiatry,4,360,0.912,0.434,0.597,0.632,0.419,113.21,0.535
C08260,Small Practice,Psychiatry,3,346,0.906,0.738,0.621,0.222,0.491,98.81,0.709
C08261,Solo Provider,Psychiatry,1,103,0.71,0.551,0.229,0.613,0.648,70.82,0.711
C08262,Solo Provider,Counseling,1,64,0.732,0.532,0.441,0.678,0.41,58.11,0.787
C08263,Group Practice,Therapy,14,1502,0.531,0.888,0.676,0.492,0.374,176.36,0.417
C08264,Group Practice,Counseling,14,622,0.546,0.792,0.28,0.682,0.493,194.83,0.459
C08265,Small Practice,Therapy,2,526,0.75,0.889,0.685,0.785,0.295,115.73,0.725
C08266,Large Practice,Counseling,30,2680,0.855,0.656,0.677,1.0,0.798,337.2,0.124
C08267,Group Practice,Psychology,9,1787,0.796,0.459,0.521,0.489,0.363,194.96,0.537
C08268,Solo Provider,Psychology,1,178,0.701,0.33,0.308,0.37,0.383,86.45,0.758
C08269,Small Practice,Therapy,2,384,0.821,0.619,0.474,0.463,0.385,99.91,0.6
C08270,Solo Provider,Psychology,1,101,1.0,0.721,0.552,0.483,0.147,64.47,0.665
C08271,Solo Provider,Psychology,1,98,0.669,0.72,0.493,0.432,0.766,68.27,0.835
C08272,Solo Provider,Psychiatry,1,62,0.808,0.61,0.608,0.497,0.31,80.54,0.656
C08273,Large Practice,Psychiatry,32,3870,0.813,0.542,1.0,1.0,0.813,332.55,0.216
C08274,Small Practice,Psychology,3,390,0.808,0.407,0.342,0.572,0.347,102.6,0.55
C08275,Solo Provider,Psychiatry,1,64,0.444,0.705,0.33,0.632,0.383,81.9,0.853
C08276,Solo Provider,Counseling,1,85,0.553,0.866,0.719,0.73,0.018,56.19,0.86
C08277,Solo Provider,Therapy,1,104,0.834,0.604,0.415,0.445,0.278,59.97,0.672
C08278,Small Practice,Psychiatry,3,268,0.924,0.742,0.452,0.474,0.0,97.73,0.611
C08279,Group Practice,Counseling,9,1696,0.621,0.203,0.376,0.421,0.404,160.21,0.146
C08280,Solo Provider,Counseling,1,156,0.762,0.573,0.589,0.815,0.157,73.24,0.675
C08281,Solo Provider,Psychiatry,1,106,0.788,0.431,0.718,0.352,0.331,83.39,0.867
C08282,Small Practice,Psychology,4,514,0.811,0.63,0.29,0.444,0.241,81.29,0.718
C08283,Solo Provider,Therapy,1,104,0.698,0.71,0.464,0.362,0.424,59.93,0.812
C08284,Small Practice,Therapy,5,202,0.522,0.74,0.613,0.51,0.476,107.0,0.694
C08285,Solo Provider,Counseling,1,179,0.616,0.635,0.373,0.744,0.499,62.02,0.807
C08286,Solo Provider,Psychology,1,92,0.611,0.632,0.223,0.416,0.203,80.77,0.729
C08287,Solo Provider,Therapy,1,106,0.651,0.684,0.431,0.618,0.309,58.72,0.745
C08288,Group Practice,Counseling,9,588,0.925,0.718,0.492,0.751,0.684,176.39,0.379
C08289,Solo Provider,Psychiatry,1,95,0.584,0.561,0.391,0.487,0.827,54.82,0.71
C08290,Solo Provider,Psychology,1,75,0.847,0.683,0.419,0.659,0.184,64.53,0.831
C08291,Small Practice,Counseling,5,376,0.708,1.0,0.449,0.417,0.52,92.45,0.752
C08292,Group Practice,Counseling,10,532,0.525,0.406,0.567,0.507,0.337,161.27,0.365
C08293,Solo Provider,Therapy,1,174,0.553,0.663,0.188,0.475,0.478,70.47,0.752
C08294,Solo Provider,Psychiatry,1,174,0.412,0.449,0.549,0.619,0.648,84.9,0.871
C08295,Small Practice,Psychiatry,2,520,0.699,0.402,0.643,0.475,0.459,70.28,0.42
C08296,Solo Provider,Counseling,1,105,1.0,0.714,0.697,0.387,0.132,64.92,0.965
C08297,Small Practice,Counseling,5,169,0.95,0.588,0.348,0.324,0.439,100.21,0.737
C08298,Solo Provider,Psychology,1,91,0.683,0.51,0.387,0.779,0.347,88.34,0.722
C08299,Solo Provider,Therapy,1,123,0.673,0.603,0.22,0.439,0.398,74.68,0.756
C08300,Solo Provider,Counseling,1,93,0.548,0.699,0.385,0.669,0.595,72.36,0.921
C08301,Small Practice,Psychology,5,152,0.682,0.454,0.658,0.196,0.378,81.49,0.81
C08302,Solo Provider,Psychiatry,1,115,0.811,0.544,0.305,0.223,0.294,42.02,0.719
C08303,Solo Provider,Psychiatry,1,124,0.846,0.49,0.53,0.361,0.445,79.14,0.818
C08304,Solo Provider,Psychiatry,1,165,0.582,0.812,0.364,0.442,0.447,67.44,0.768
C08305,Small Practice,Psychiatry,4,410,0.646,0.398,0.437,0.636,0.371,98.23,0.697
C08306,Solo Provider,Counseling,1,166,0.769,0.535,0.287,0.656,0.2,63.63,0.729
C08307,Small Practice,Counseling,2,594,0.611,0.528,0.436,0.48,0.312,112.86,0.63
C08308,Small Practice,Therapy,2,257,0.772,0.587,0.341,0.395,0.347,82.92,0.761
C08309,Solo Provider,Counseling,1,155,0.618,0.818,0.405,0.378,0.26,61.95,0.971
C08310,Large Practice,Psychiatry,35,2407,0.748,0.753,0.914,0.895,0.816,307.09,0.196
C08311,Group Practice,Counseling,9,640,0.673,0.782,0.858,0.433,0.563,155.44,0.387
C08312,Solo Provider,Counseling,1,155,1.0,0.63,0.402,0.657,0.723,107.09,0.827
C08313,Solo Provider,Psychology,1,138,0.847,0.498,0.34,0.559,0.562,80.75,0.747
C08314,Solo Provider,Psychology,1,76,0.753,0.597,0.571,0.375,0.521,77.69,0.776
C08315,Solo Provider,Psychology,1,170,0.713,0.04,0.38,0.343,0.451,40.73,0.777
C08316,Small Practice,Counseling,2,542,0.675,0.639,0.549,0.567,0.688,107.2,0.741
C08317,Group Practice,Psychiatry,9,630,0.668,0.562,0.717,0.883,0.487,167.0,0.505
C08318,Group Practice,Psychology,6,993,0.561,0.687,0.607,0.797,0.15,177.81,0.611
C08319,Solo Provider,Counseling,1,127,0.78,0.595,0.625,0.833,0.328,85.23,0.946
C08320,Solo Provider,Counseling,1,162,0.818,0.655,0.289,0.431,0.472,43.77,0.781
C08321,Solo Provider,Therapy,1,118,0.612,0.451,0.505,0.66,0.402,63.77,0.652
C08322,Small Practice,Psychiatry,4,473,0.681,0.789,0.527,0.556,0.661,124.17,0.562
C08323,Solo Provider,Psychology,1,149,1.0,0.704,0.197,0.451,0.18,53.9,1.0
C08324,Group Practice,Psychology,8,925,0.845,0.442,0.343,0.766,0.444,171.49,0.452
C08325,Group Practice,Psychology,13,1322,0.69,0.857,0.381,0.795,0.551,188.1,0.336
C08326,Solo Provider,Counseling,1,164,0.697,0.895,0.381,0.731,0.362,66.69,0.843
C08327,Small Practice,Psychology,5,365,0.842,0.642,0.476,0.729,0.665,134.55,0.597
C08328,Small Practice,Psychology,5,594,0.732,0.805,0.009,0.394,0.376,99.26,0.677
C08329,Group Practice,Counseling,13,1131,0.641,0.367,0.551,0.596,0.615,180.57,0.404
C08330,Solo Provider,Therapy,1,65,0.748,0.413,0.453,0.316,0.306,50.6,0.819
C08331,Solo Provider,Psychology,1,140,0.678,0.583,0.771,0.569,0.44,41.88,0.711
C08332,Small Practice,Psychiatry,4,303,0.453,0.685,0.547,0.579,0.407,94.88,0.558
C08333,Solo Provider,Counseling,1,71,0.994,0.689,0.516,0.83,0.361,79.15,0.704
C08334,Small Practice,Psychology,4,419,0.831,0.685,0.221,0.285,0.472,98.7,0.615
C08335,Solo Provider,Psychology,1,144,0.846,0.424,0.371,0.716,0.18,69.4,0.916
C08336,Small Practice,Counseling,4,493,0.722,0.716,0.609,0.202,0.612,118.96,0.675
C08337,Group Practice,Therapy,9,1016,1.0,0.522,0.828,0.461,0.594,177.41,0.556
C08338,Solo Provider,Psychology,1,144,0.72,0.565,0.6,0.361,0.286,60.74,0.733
C08339,Solo Provider,Counseling,1,179,0.713,0.753,0.539,0.295,0.238,58.95,0.741
C08340,Small Practice,Counseling,2,239,0.588,0.883,0.526,0.336,0.446,121.43,0.609
C08341,Solo Provider,Therapy,1,134,0.626,0.597,0.299,0.591,0.375,65.73,0.834
C08342,Small Practice,Counseling,4,259,0.943,0.749,0.241,0.601,0.597,94.48,0.418
C08343,Small Practice,Therapy,4,472,0.846,0.681,0.576,0.781,0.345,106.34,0.556
C08344,Solo Provider,Psychiatry,1,130,0.726,0.707,0.581,0.795,0.396,64.52,0.675
C08345,Group Practice,Counseling,6,845,0.918,0.768,0.407,0.461,0.414,160.7,0.457
C08346,Small Practice,Psychology,5,175,0.587,0.637,0.556,0.395,0.488,108.02,0.832
C08347,Small Practice,Psychology,5,528,0.494,0.783,0.438,0.742,0.71,105.85,0.582
C08348,Solo Provider,Psychology,1,92,0.509,0.668,0.422,0.498,0.065,88.95,0.851
C08349,Solo Provider,Counseling,1,141,0.638,0.391,0.585,0.364,0.373,46.88,0.729
C08350,Solo Provider,Therapy,1,99,0.597,0.362,0.509,1.0,0.521,111.18,0.796
C08351,Group Practice,Psychiatry,11,1394,0.786,0.98,0.462,0.683,0.453,184.03,0.416
C08352,Group Practice,Psychiatry,13,1166,0.549,0.657,0.382,0.593,0.356,185.93,0.304
C08353,Group Practice,Counseling,14,1154,0.667,0.571,0.707,0.587,0.489,176.03,0.555
C08354,Solo Provider,Psychology,1,75,0.901,0.55,0.578,0.556,0.452,80.03,0.829
C08355,Small Practice,Psychology,3,592,0.568,0.918,0.45,0.228,0.507,105.94,0.733
C08356,Small Practice,Counseling,5,412,0.559,0.555,0.55,0.513,0.283,92.78,0.624
C08357,Small Practice,Counseling,5,283,0.809,0.436,0.574,0.468,0.481,104.43,0.557
C08358,Solo Provider,Psychiatry,1,149,0.744,0.321,0.45,0.287,0.269,68.2,0.766
C08359,Group Practice,Psychiatry,6,1429,0.417,0.85,0.486,0.274,0.393,151.2,0.401
C08360,Solo Provider,Therapy,1,86,0.732,0.342,0.469,0.429,0.355,75.51,0.887
C08361,Solo Provider,Therapy,1,117,0.41,0.709,0.577,0.407,0.359,61.86,0.93
C08362,Group Practice,Psychiatry,14,616,0.687,0.726,0.794,0.476,0.661,201.32,0.398
C08363,Solo Provider,Psychology,1,74,0.649,0.587,0.335,0.5,0.448,92.33,0.806
C08364,Solo Provider,Counseling,1,118,0.569,0.626,0.516,0.295,0.564,87.06,0.774
C08365,Small Practice,Psychiatry,4,474,0.799,0.646,0.358,0.441,0.261,102.96,0.538
C08366,Large Practice,Psychology,30,2715,0.467,0.562,0.778,1.0,0.576,299.33,0.492
C08367,Solo Provider,Counseling,1,80,0.316,0.535,0.532,0.396,0.327,56.41,1.0
C08368,Small Practice,Psychiatry,2,531,0.837,0.398,0.585,0.623,0.66,103.93,0.691
C08369,Solo Provider,Therapy,1,87,1.0,0.661,0.433,0.501,0.439,57.85,0.762
C08370,Solo Provider,Counseling,1,90,0.599,0.491,0.442,0.408,0.341,65.95,0.785
C08371,Solo Provider,Psychology,1,95,0.955,0.874,0.546,0.637,0.198,64.75,0.742
C08372,Small Practice,Therapy,2,317,0.643,1.0,0.496,0.784,0.606,110.2,0.556
C08373,Solo Provider,Psychiatry,1,147,0.64,0.818,0.536,0.795,0.399,65.66,0.883
C08374,Solo Provider,Psychiatry,1,151,0.801,0.677,0.548,0.753,0.418,85.8,0.883
C08375,Small Practice,Therapy,3,351,0.61,1.0,0.553,0.585,0.257,106.77,0.675
C08376,Small Practice,Psychiatry,2,541,0.811,0.604,0.148,0.435,0.531,126.6,0.56
C08377,Small Practice,Counseling,2,229,1.0,0.452,0.298,0.483,0.196,113.57,0.604
C08378,Group Practice,Psychology,8,1020,0.461,0.704,0.768,0.278,0.291,148.89,0.456
C08379,Solo Provider,Counseling,1,173,0.675,0.909,0.408,0.59,0.447,57.9,0.721
C08380,Solo Provider,Counseling,1,166,0.707,0.688,0.46,0.49,0.397,72.16,0.688
C08381,Solo Provider,Psychiatry,1,68,0.55,1.0,0.557,0.56,0.208,61.54,0.91
C08382,Small Practice,Therapy,5,403,0.6,0.305,0.756,0.658,0.381,107.53,0.847
C08383,Solo Provider,Therapy,1,139,0.455,0.591,0.421,0.344,0.235,57.14,0.815
C08384,Solo Provider,Counseling,1,85,0.671,0.558,0.618,0.3,0.376,58.6,0.755
C08385,Solo Provider,Psychiatry,1,151,0.694,0.539,0.507,1.0,0.394,65.09,0.847
C08386,Solo Provider,Psychology,1,164,0.726,0.63,0.341,0.357,0.439,53.26,0.733
C08387,Large Practice,Psychiatry,27,4117,0.929,0.483,1.0,0.545,0.693,281.45,0.178
C08388,Small Practice,Counseling,3,487,0.774,0.424,0.429,0.375,0.439,115.48,0.662
C08389,Solo Provider,Psychology,1,105,0.87,0.854,0.384,0.449,0.417,44.1,0.9
C08390,Small Practice,Counseling,3,405,0.565,0.566,0.56,0.547,0.407,95.73,0.487
C08391,Small Practice,Psychiatry,2,534,0.566,0.849,0.424,0.378,0.68,104.38,0.695
C08392,Solo Provider,Counseling,1,112,0.68,0.529,0.339,0.312,0.318,71.42,0.648
C08393,Solo Provider,Psychology,1,109,0.828,0.5,0.523,0.273,0.272,65.38,0.748
C08394,Small Practice,Therapy,5,537,0.917,0.646,0.515,0.313,0.486,95.26,0.759
C08395,Solo Provider,Therapy,1,132,0.609,0.602,0.417,0.349,0.427,63.14,0.917
C08396,Small Practice,Psychiatry,5,403,0.532,1.0,0.459,0.645,0.19,117.77,0.574
C08397,Small Practice,Therapy,2,427,0.576,0.714,0.381,0.616,0.286,105.35,0.64
C08398,Small Practice,Counseling,2,234,0.511,0.571,0.331,0.44,0.387,105.45,0.65
C08399,Large Practice,Therapy,24,1911,0.697,0.896,0.859,0.948,0.773,286.08,0.38
C08400,Small Practice,Psychology,5,258,0.797,0.716,0.531,0.399,0.673,103.24,0.729
C08401,Small Practice,Psychology,5,363,0.905,0.614,0.397,0.64,0.411,95.9,0.919
C08402,Solo Provider,Psychology,1,101,0.639,0.608,0.339,0.532,0.237,47.53,0.777
C08403,Small Practice,Psychology,2,567,0.666,0.884,0.517,0.494,0.777,111.42,0.417
C08404,Group Practice,Counseling,14,1621,0.705,0.507,0.558,0.713,0.573,168.66,0.376
C08405,Group Practice,Counseling,14,677,0.663,0.426,0.404,0.713,0.554,212.09,0.466
C08406,Group Practice,Counseling,8,1508,0.693,0.346,0.813,0.607,0.86,162.73,0.368
C08407,Solo Provider,Psychiatry,1,128,0.914,0.694,0.651,0.303,0.182,31.44,0.697
C08408,Small Practice,Psychology,3,172,0.419,0.664,0.481,0.384,0.481,115.12,0.666
C08409,Group Practice,Therapy,10,1609,0.72,0.728,0.688,0.948,0.319,162.5,0.393
C08410,Small Practice,Counseling,2,225,0.642,0.492,0.543,0.609,0.385,121.45,0.682
C08411,Small Practice,Therapy,5,217,0.5,0.507,0.395,0.801,0.364,92.13,0.547
C08412,Small Practice,Therapy,5,499,0.608,0.512,0.656,0.51,0.428,116.55,0.725
C08413,Small Practice,Counseling,5,185,0.881,0.646,0.436,0.715,0.499,107.16,0.679
C08414,Solo Provider,Counseling,1,150,0.59,0.612,0.402,0.553,0.599,79.33,0.782
C08415,Solo Provider,Therapy,1,75,0.72,0.857,0.72,0.425,0.112,77.61,0.675
C08416,Group Practice,Counseling,13,737,0.553,0.938,0.597,0.595,0.54,173.62,0.577
C08417,Group Practice,Therapy,11,1569,0.784,0.896,0.73,0.692,0.652,176.96,0.459
C08418,Group Practice,Therapy,10,927,0.689,0.877,0.784,0.719,0.679,190.1,0.499
C08419,Solo Provider,Counseling,1,89,0.738,0.73,0.52,0.558,0.4,71.46,1.0
C08420,Solo Provider,Therapy,1,141,0.812,0.656,0.516,0.369,0.283,48.33,0.753
C08421,Solo Provider,Therapy,1,87,0.569,0.46,0.791,0.712,0.68,74.05,0.797
C08422,Group Practice,Counseling,6,607,0.765,0.598,0.435,0.683,0.23,159.04,0.514
C08423,Small Practice,Psychology,2,475,0.87,0.764,0.314,0.279,0.158,74.9,0.605
C08424,Large Practice,Psychology,23,1740,0.57,0.551,0.797,0.845,0.646,282.67,0.259
C08425,Solo Provider,Counseling,1,150,0.683,0.624,0.569,0.361,0.493,71.4,1.0
C08426,Small Practice,Therapy,4,332,0.484,0.561,0.565,0.529,0.414,97.03,0.639
C08427,Small Practice,Counseling,5,376,0.579,0.668,0.548,0.798,0.325,118.86,0.723
C08428,Solo Provider,Psychiatry,1,127,0.6,0.891,0.27,0.374,0.207,57.78,0.732
C08429,Large Practice,Psychology,22,1672,0.637,1.0,0.915,0.678,0.672,280.26,0.32
C08430,Small Practice,Psychiatry,2,498,0.59,0.372,0.744,0.548,0.339,92.88,0.583
C08431,Solo Provider,Psychiatry,1,133,0.48,0.679,0.581,0.778,0.487,87.01,0.875
C08432,Solo Provider,Psychiatry,1,68,0.499,0.79,0.358,0.497,0.216,72.36,0.915
C08433,Group Practice,Psychology,9,770,0.715,0.837,0.566,0.605,0.657,176.25,0.424
C08434,Small Practice,Counseling,5,568,0.549,0.527,0.268,0.901,0.458,93.74,0.755
C08435,Small Practice,Therapy,5,452,0.656,0.898,0.495,0.376,0.603,94.89,0.656
C08436,Small Practice,Psychology,3,256,0.762,0.645,0.526,0.576,0.383,112.1,0.688
C08437,Solo Provider,Counseling,1,100,0.678,0.743,0.551,0.694,0.033,71.85,0.757
C08438,Small Practice,Psychology,3,360,0.877,0.866,0.894,0.522,0.715,103.73,0.718
C08439,Group Practice,Counseling,6,1264,0.666,0.769,0.5,0.592,0.746,194.59,0.455
C08440,Solo Provider,Therapy,1,80,0.86,0.609,0.454,0.515,0.355,83.19,0.865
C08441,Small Practice,Psychiatry,3,506,0.595,0.65,0.644,0.546,0.21,90.37,0.729
C08442,Solo Provider,Psychiatry,1,132,0.729,0.96,0.571,0.619,0.592,80.45,0.788
C08443,Solo Provider,Psychology,1,71,0.818,0.41,0.332,0.518,0.458,55.69,0.99
C08444,Solo Provider,Psychiatry,1,138,0.69,0.696,0.293,0.385,0.099,48.79,0.855
C08445,Group Practice,Psychiatry,10,1063,0.763,0.615,0.487,0.685,0.492,189.25,0.504
C08446,Solo Provider,Counseling,1,77,0.635,0.88,0.674,0.348,0.242,68.76,0.715
C08447,Solo Provider,Therapy,1,169,0.491,0.656,0.459,0.408,0.381,59.73,0.809
C08448,Small Practice,Counseling,2,316,0.639,0.658,0.39,0.689,0.216,86.73,0.665
C08449,Solo Provider,Therapy,1,97,0.6,0.536,0.546,0.368,0.057,60.59,0.601
C08450,Small Practice,Psychiatry,5,258,0.726,0.573,0.572,0.246,0.138,95.7,0.504
C08451,Group Practice,Psychology,15,1351,0.549,0.489,0.77,0.609,0.647,172.88,0.46
C08452,Solo Provider,Counseling,1,72,0.969,0.491,0.75,0.605,0.409,77.72,0.651
C08453,Solo Provider,Counseling,1,73,0.666,0.416,0.596,0.669,0.111,60.98,0.74
C08454,Large Practice,Therapy,31,2578,0.721,0.637,0.988,1.0,0.864,325.67,0.403
C08455,Solo Provider,Psychology,1,79,0.929,0.768,0.563,0.585,0.622,72.04,0.761
C08456,Solo Provider,Psychiatry,1,178,1.0,0.926,0.374,0.307,0.338,69.73,0.807
C08457,Large Practice,Counseling,26,3512,0.589,0.869,0.932,0.693,0.963,318.4,0.398
C08458,Group Practice,Counseling,11,1520,0.599,0.623,0.754,0.419,0.549,192.3,0.454
C08459,Small Practice,Therapy,4,340,0.678,0.744,0.418,0.413,0.703,122.07,0.706
C08460,Small Practice,Psychiatry,5,196,0.682,0.541,0.44,0.435,0.331,111.37,0.572
C08461,Group Practice,Counseling,6,1090,0.909,0.786,0.641,0.612,0.52,160.9,0.408
C08462,Small Practice,Counseling,2,436,0.503,0.732,0.33,0.635,0.488,94.34,0.676
C08463,Small Practice,Psychology,4,222,0.591,0.484,0.508,0.529,0.708,126.22,0.836
C08464,Group Practice,Therapy,14,753,0.488,0.683,0.623,0.675,0.667,164.94,0.52
C08465,Small Practice,Psychiatry,3,323,0.844,0.547,0.628,0.493,0.409,95.2,0.635
C08466,Small Practice,Counseling,2,257,1.0,0.763,0.501,0.832,0.134,95.84,0.625
C08467,Solo Provider,Psychology,1,178,0.626,0.656,0.399,0.209,0.216,53.08,0.708
C08468,Small Practice,Therapy,5,599,0.673,0.624,0.202,0.378,0.472,80.25,0.639
C08469,Small Practice,Psychiatry,3,391,0.791,1.0,0.76,0.391,0.385,121.54,0.653
C08470,Solo Provider,Therapy,1,111,0.902,0.701,0.345,0.312,0.521,80.44,0.897
C08471,Solo Provider,Psychiatry,1,167,0.313,0.627,0.653,0.269,0.453,52.62,0.745
C08472,Group Practice,Psychiatry,6,1540,0.937,0.811,0.522,0.946,0.189,188.24,0.386
C08473,Solo Provider,Psychology,1,119,0.669,0.628,0.396,0.67,0.244,48.97,1.0
C08474,Solo Provider,Counseling,1,137,0.954,0.799,0.363,0.556,0.495,49.0,0.863
C08475,Solo Provider,Psychology,1,166,0.492,0.839,0.625,0.279,0.072,56.89,0.77
C08476,Solo Provider,Psychology,1,93,0.701,0.726,0.442,0.53,0.243,72.55,0.697
C08477,Small Practice,Psychiatry,5,335,0.646,0.46,0.758,0.851,0.611,103.17,0.713
C08478,Solo Provider,Psychology,1,71,0.787,0.466,0.571,0.425,0.492,74.88,0.914
C08479,Solo Provider,Counseling,1,174,0.575,0.761,0.549,0.393,0.317,84.99,0.99
C08480,Group Practice,Therapy,12,1265,0.397,0.917,0.948,0.912,0.513,176.77,0.517
C08481,Solo Provider,Psychiatry,1,100,0.613,0.536,0.452,0.417,0.478,96.99,0.715
C08482,Solo Provider,Therapy,1,72,0.783,0.587,0.319,0.459,0.337,58.2,0.773
C08483,Group Practice,Therapy,11,928,0.836,0.904,0.486,0.624,0.278,198.84,0.395
C08484,Small Practice,Therapy,4,473,0.793,0.442,0.405,0.46,0.575,104.66,0.78
C08485,Small Practice,Psychology,2,402,0.591,0.71,0.639,0.797,0.214,131.26,0.796
C08486,Group Practice,Counseling,10,1083,0.465,0.947,0.547,0.594,0.719,182.89,0.369
C08487,Group Practice,Counseling,6,959,0.843,0.82,0.579,0.589,0.469,168.92,0.442
C08488,Solo Provider,Therapy,1,175,0.446,0.996,0.507,0.91,0.419,83.41,0.81
C08489,Small Practice,Psychology,4,335,0.553,0.63,0.535,0.739,0.447,76.33,0.804
C08490,Small Practice,Psychiatry,5,504,0.652,0.789,0.718,0.351,0.67,134.05,0.734
C08491,Solo Provider,Psychiatry,1,74,0.725,0.665,0.367,0.407,0.372,74.73,0.867
C08492,Group Practice,Psychology,10,885,0.698,0.706,0.29,0.781,0.504,193.27,0.46
C08493,Solo Provider,Psychology,1,135,0.582,0.253,0.465,0.71,0.062,63.57,0.704
C08494,Group Practice,Psychology,6,593,0.642,0.69,0.826,0.59,0.504,147.23,0.505
C08495,Small Practice,Therapy,4,482,0.479,0.667,0.684,0.489,0.593,111.84,0.484
C08496,Small Practice,Psychiatry,4,221,0.306,0.754,0.072,0.588,0.498,102.13,0.614
C08497,Solo Provider,Psychiatry,1,93,1.0,0.562,0.299,0.869,0.406,53.83,0.921
C08498,Group Practice,Therapy,6,1605,0.575,0.624,0.466,0.488,0.182,154.34,0.475
C08499,Small Practice,Therapy,4,485,0.657,0.63,0.673,0.461,0.571,98.33,0.738
C08500,Solo Provider,Psychiatry,1,80,0.875,0.85,0.521,0.497,0.165,49.22,0.92
C08501,Solo Provider,Therapy,1,93,0.677,0.847,0.316,0.512,0.132,50.29,0.764
C08502,Small Practice,Psychology,4,411,0.787,0.77,0.425,0.596,0.354,91.3,0.615
C08503,Solo Provider,Therapy,1,117,0.405,1.0,0.646,0.93,0.539,52.52,0.832
C08504,Small Practice,Therapy,5,298,0.904,0.447,0.611,0.588,0.432,115.06,0.706
C08505,Small Practice,Counseling,4,597,0.848,0.39,0.585,0.6,0.311,81.58,0.776
C08506,Solo Provider,Psychology,1,128,0.742,0.687,0.704,0.626,0.036,85.74,0.754
C08507,Small Practice,Psychology,3,216,0.534,0.641,0.747,0.392,0.247,91.25,0.627
C08508,Solo Provider,Therapy,1,98,0.647,0.713,0.709,0.351,0.524,55.47,0.891
C08509,Group Practice,Therapy,15,1704,0.516,0.388,0.549,0.543,0.568,188.63,0.339
C08510,Group Practice,Counseling,11,1158,0.728,0.772,0.844,0.558,0.456,194.98,0.53
C08511,Solo Provider,Counseling,1,136,0.712,0.663,0.434,0.407,0.309,72.15,0.792
C08512,Small Practice,Counseling,5,254,0.563,0.661,0.417,0.516,0.459,103.47,0.746
C08513,Small Practice,Counseling,5,168,0.54,0.446,0.486,1.0,0.322,113.97,0.665
C08514,Large Practice,Therapy,30,2395,0.61,0.75,0.763,0.925,0.803,276.15,0.4
C08515,Solo Provider,Counseling,1,128,0.532,0.799,0.591,0.065,0.182,56.59,0.893
C08516,Small Practice,Psychiatry,2,415,0.697,0.679,0.628,0.321,0.32,100.71,0.546
C08517,Group Practice,Psychology,11,738,0.838,0.554,0.692,0.506,0.669,189.66,0.569
C08518,Solo Provider,Psychiatry,1,128,0.568,0.913,0.569,0.404,0.41,57.44,0.954
C08519,Small Practice,Psychology,4,179,0.681,0.398,0.526,0.672,0.448,116.58,0.577
C08520,Solo Provider,Counseling,1,122,0.581,0.697,0.646,0.413,0.608,72.95,0.808
C08521,Small Practice,Counseling,4,299,0.617,0.422,0.803,0.347,0.608,98.13,0.823
C08522,Solo Provider,Psychology,1,150,0.793,0.774,0.569,0.405,0.31,47.56,0.88
C08523,Large Practice,Psychiatry,34,4396,0.716,0.627,0.984,0.785,1.0,311.66,0.385
C08524,Solo Provider,Psychology,1,161,0.856,0.334,0.276,0.641,0.199,64.3,0.726
C08525,Solo Provider,Psychiatry,1,126,0.838,0.755,0.663,0.435,0.238,69.1,0.672
C08526,Group Practice,Therapy,13,524,1.0,0.76,0.388,0.851,0.457,197.4,0.319
C08527,Group Practice,Psychology,10,880,0.863,0.538,0.934,0.776,0.387,187.42,0.672
C08528,Small Practice,Therapy,4,207,0.616,0.071,0.625,0.443,0.387,89.17,0.64
C08529,Small Practice,Psychiatry,5,393,0.574,0.362,0.535,0.461,0.146,100.1,0.527
C08530,Solo Provider,Psychology,1,97,0.909,0.861,0.531,0.392,0.286,79.62,0.844
C08531,Small Practice,Counseling,2,411,0.63,0.687,0.441,0.165,0.354,102.54,0.609
C08532,Solo Provider,Psychology,1,109,0.534,0.472,0.624,0.355,0.265,70.72,0.85
C08533,Solo Provider,Counseling,1,144,0.647,0.596,0.441,0.41,0.433,50.91,0.767
C08534,Group Practice,Counseling,13,663,0.681,0.762,0.542,0.434,0.814,195.25,0.415
C08535,Small Practice,Therapy,3,529,0.927,0.64,0.281,0.211,0.364,96.86,0.82
C08536,Solo Provider,Counseling,1,71,0.904,0.475,0.683,0.627,0.388,65.3,0.894
C08537,Solo Provider,Psychiatry,1,108,0.573,0.54,0.327,0.36,0.107,42.2,1.0
C08538,Group Practice,Psychology,11,1329,0.447,0.546,0.561,0.874,0.598,177.06,0.343
C08539,Solo Provider,Therapy,1,115,0.878,0.839,0.365,0.262,0.272,42.03,0.868
C08540,Solo Provider,Psychology,1,157,0.517,0.562,0.542,0.501,0.472,112.36,0.922
C08541,Solo Provider,Psychology,1,137,0.836,0.758,0.367,0.664,0.603,67.48,0.732
C08542,Solo Provider,Counseling,1,179,0.502,0.647,0.263,0.495,0.416,57.66,0.828
C08543,Solo Provider,Counseling,1,113,0.468,0.869,0.2,0.532,0.591,83.18,0.809
C08544,Large Practice,Counseling,24,3814,0.491,0.886,0.722,0.715,0.885,294.72,0.205
C08545,Solo Provider,Psychology,1,165,0.948,0.857,0.434,0.441,0.258,56.24,0.775
C08546,Small Practice,Counseling,3,172,0.51,0.475,0.7,0.308,0.19,111.23,0.577
C08547,Small Practice,Therapy,2,161,0.654,0.701,0.559,0.505,0.444,85.94,0.746
C08548,Small Practice,Counseling,4,159,0.574,0.583,0.696,0.713,0.409,133.48,0.73
C08549,Small Practice,Therapy,3,308,0.6,0.601,0.551,0.624,0.245,110.54,0.668
C08550,Small Practice,Psychiatry,4,286,0.723,0.54,0.293,0.715,0.492,116.65,0.56
C08551,Small Practice,Counseling,5,381,0.716,0.401,0.48,0.23,0.422,109.72,0.612
C08552,Small Practice,Psychology,5,165,0.834,0.506,0.507,0.321,0.28,114.0,0.728
C08553,Small Practice,Counseling,5,175,0.778,0.79,0.365,0.637,0.442,107.18,0.685
C08554,Small Practice,Psychology,5,473,0.725,0.62,0.475,0.281,0.59,81.41,0.654
C08555,Small Practice,Psychology,3,270,0.764,0.816,0.45,0.534,0.564,104.72,0.694
C08556,Solo Provider,Therapy,1,177,0.604,0.189,0.602,0.673,0.48,57.99,0.914
C08557,Small Practice,Counseling,4,570,0.629,0.298,0.42,0.577,0.579,96.69,0.702
C08558,Small Practice,Psychology,4,502,0.746,0.356,0.541,0.687,0.507,96.46,0.536
C08559,Solo Provider,Psychology,1,94,0.569,0.667,0.092,0.741,0.492,55.12,0.977
C08560,Group Practice,Psychiatry,14,982,0.55,0.936,0.304,0.852,0.613,193.63,0.522
C08561,Solo Provider,Counseling,1,115,0.774,1.0,0.747,0.618,0.406,95.02,0.953
C08562,Solo Provider,Psychiatry,1,103,0.718,0.488,0.521,0.56,0.524,85.77,0.987
C08563,Group Practice,Therapy,7,559,0.675,0.588,0.676,0.693,0.59,161.48,0.358
C08564,Solo Provider,Therapy,1,174,0.631,0.788,0.472,0.781,0.222,66.75,0.704
C08565,Solo Provider,Psychology,1,154,0.582,0.668,0.485,0.3,0.281,58.6,0.873
C08566,Solo Provider,Psychology,1,117,0.578,0.587,0.282,0.816,0.502,71.61,1.0
C08567,Group Practice,Therapy,7,1415,0.571,0.733,0.488,0.421,0.675,171.15,0.454
C08568,Solo Provider,Psychology,1,89,0.762,0.335,0.292,0.825,0.361,77.39,0.841
C08569,Small Practice,Counseling,3,250,0.54,0.404,0.344,0.419,0.29,104.82,0.521
C08570,Small Practice,Psychology,5,307,0.56,0.342,0.534,0.817,0.24,76.45,0.52
C08571,Small Practice,Counseling,2,504,0.55,0.808,0.589,0.778,0.55,104.36,0.492
C08572,Group Practice,Therapy,13,1206,0.495,0.582,0.655,0.648,0.628,171.68,0.382
C08573,Group Practice,Psychiatry,6,1185,0.673,1.0,0.373,0.562,0.259,159.47,0.487
C08574,Solo Provider,Psychology,1,77,0.779,0.521,0.189,0.729,0.503,79.81,0.894
C08575,Large Practice,Psychiatry,21,1970,0.792,0.487,0.702,0.945,1.0,242.66,0.333
C08576,Small Practice,Therapy,4,444,0.913,0.595,0.359,0.711,0.369,86.05,0.614
C08577,Solo Provider,Psychiatry,1,136,0.825,0.427,0.73,0.851,0.211,80.39,0.731
C08578,Solo Provider,Psychiatry,1,131,0.929,0.68,0.367,0.446,0.385,81.86,0.746
C08579,Small Practice,Therapy,2,477,0.769,0.787,0.481,0.486,0.382,109.9,0.563
C08580,Solo Provider,Psychiatry,1,110,0.662,0.453,0.757,0.658,0.149,59.79,0.857
C08581,Small Practice,Psychiatry,4,479,0.59,0.743,0.488,0.539,0.465,132.98,0.744
C08582,Solo Provider,Counseling,1,174,0.66,0.574,0.481,0.632,0.533,100.23,0.7
C08583,Small Practice,Psychiatry,2,235,0.834,0.785,0.27,0.57,0.124,94.38,0.567
C08584,Solo Provider,Psychiatry,1,113,0.887,0.525,0.52,0.669,0.359,53.03,0.799
C08585,Group Practice,Psychiatry,12,1499,0.574,0.901,0.839,0.856,0.622,184.07,0.502
C08586,Solo Provider,Psychology,1,134,0.644,0.284,0.496,0.592,0.276,78.68,0.891
C08587,Solo Provider,Psychiatry,1,78,1.0,0.748,0.698,0.395,0.586,71.56,0.866
C08588,Solo Provider,Counseling,1,74,0.535,0.652,0.582,0.525,0.381,51.69,0.751
C08589,Solo Provider,Psychiatry,1,169,0.561,0.821,0.591,0.796,0.311,54.21,0.796
C08590,Small Practice,Psychiatry,5,335,0.699,0.664,0.468,0.454,0.477,121.97,0.62
C08591,Small Practice,Therapy,3,431,0.62,0.845,0.344,0.469,0.247,113.97,0.625
C08592,Solo Provider,Counseling,1,93,0.728,0.339,0.407,0.557,0.412,75.09,0.783
C08593,Group Practice,Psychiatry,14,706,0.677,0.693,0.639,0.678,0.631,193.12,0.552
C08594,Solo Provider,Therapy,1,146,0.639,0.769,0.513,0.496,0.322,58.88,0.807
C08595,Solo Provider,Therapy,1,60,0.484,0.933,0.705,0.538,0.449,78.29,0.779
C08596,Small Practice,Psychiatry,3,496,0.732,0.476,0.766,0.351,0.533,80.89,0.572
C08597,Small Practice,Counseling,4,188,0.729,0.41,0.614,0.492,0.7,101.86,0.512
C08598,Small Practice,Therapy,2,165,0.641,0.509,0.519,0.717,0.383,92.88,0.632
C08599,Solo Provider,Therapy,1,91,0.538,0.876,0.576,0.299,0.287,72.2,0.878
C08600,Solo Provider,Psychology,1,125,0.69,0.61,0.469,0.441,0.534,72.45,0.873
C08601,Small Practice,Psychiatry,4,463,0.612,0.542,0.46,0.583,0.663,91.68,0.67
C08602,Solo Provider,Counseling,1,136,0.502,0.736,0.403,0.614,0.451,56.1,0.82
C08603,Solo Provider,Counseling,1,108,0.61,0.746,0.495,0.825,0.392,67.93,0.88
C08604,Large Practice,Psychology,24,2521,0.875,0.524,0.598,0.563,0.837,261.23,0.233
C08605,Small Practice,Psychiatry,4,542,0.372,0.576,0.753,0.558,0.791,97.52,0.728
C08606,Solo Provider,Psychology,1,151,0.615,0.604,0.314,0.401,0.477,41.3,0.709
C08607,Solo Provider,Psychology,1,128,0.762,0.606,0.603,0.382,0.521,75.87,0.871
C08608,Small Practice,Psychiatry,3,295,0.691,0.813,0.412,0.179,0.302,88.01,0.555
C08609,Solo Provider,Psychiatry,1,120,0.816,0.759,0.329,0.438,0.237,51.61,0.849
C08610,Solo Provider,Counseling,1,156,0.572,0.668,0.338,0.797,0.26,77.53,0.873
C08611,Solo Provider,Psychology,1,138,0.661,0.493,0.601,0.499,0.502,90.17,0.963
C08612,Small Practice,Psychiatry,4,562,0.523,0.437,0.68,0.676,0.524,103.06,0.705
C08613,Small Practice,Counseling,2,488,0.75,0.67,0.383,0.798,0.206,117.5,0.608
C08614,Solo Provider,Psychiatry,1,151,0.839,0.421,0.136,0.337,0.386,59.9,0.806
C08615,Solo Provider,Therapy,1,105,0.704,0.822,0.579,0.145,0.381,67.66,0.779
C08616,Small Practice,Counseling,5,381,0.458,0.732,0.629,0.246,0.699,96.84,0.744
C08617,Small Practice,Counseling,5,412,0.73,0.673,0.618,0.644,0.528,110.45,0.539
C08618,Small Practice,Psychiatry,3,198,0.664,0.766,0.657,0.395,0.399,97.57,0.597
C08619,Solo Provider,Counseling,1,62,0.454,0.724,0.895,0.583,0.711,68.96,0.929
C08620,Small Practice,Psychiatry,2,565,0.818,0.782,0.372,0.56,0.637,117.75,0.495
C08621,Group Practice,Psychology,7,1279,0.443,0.537,0.514,0.733,0.477,168.0,0.395
C08622,Small Practice,Therapy,3,504,0.676,0.943,0.5,0.662,0.245,97.27,0.686
C08623,Solo Provider,Psychology,1,88,0.931,0.531,0.388,0.218,0.235,74.47,0.63
C08624,Small Practice,Therapy,4,429,0.821,0.734,0.366,0.687,0.393,73.7,0.708
C08625,Solo Provider,Therapy,1,111,0.521,0.523,0.511,0.244,0.709,83.01,0.926
C08626,Solo Provider,Counseling,1,177,0.782,0.447,0.534,0.428,0.333,58.45,0.886
C08627,Solo Provider,Therapy,1,103,0.608,0.823,0.342,0.459,0.355,73.79,0.858
C08628,Group Practice,Psychiatry,12,1725,0.449,0.88,0.292,0.713,0.559,181.72,0.476
C08629,Solo Provider,Counseling,1,146,0.687,0.71,0.505,0.039,0.358,51.89,0.88
C08630,Group Practice,Counseling,8,1509,0.853,0.667,0.589,0.365,0.48,163.43,0.5
C08631,Small Practice,Psychiatry,2,244,0.778,0.714,0.55,0.257,0.449,95.54,0.49
C08632,Small Practice,Therapy,3,286,0.785,0.709,0.369,0.798,0.451,98.6,0.418
C08633,Solo Provider,Psychiatry,1,104,0.741,0.609,0.627,0.32,0.394,68.51,0.737
C08634,Small Practice,Psychology,3,440,0.709,0.922,0.258,0.886,0.926,132.95,0.6
C08635,Solo Provider,Psychiatry,1,140,0.815,0.513,0.323,0.431,0.304,53.48,0.677
C08636,Solo Provider,Psychology,1,81,0.851,0.928,0.329,0.927,0.153,48.25,0.681
C08637,Solo Provider,Counseling,1,71,0.871,0.563,0.458,0.45,0.166,35.74,0.622
C08638,Solo Provider,Psychology,1,102,0.644,0.707,0.305,0.104,0.486,42.31,0.892
C08639,Small Practice,Psychology,4,367,0.793,0.272,0.279,0.769,0.319,85.78,0.638
C08640,Solo Provider,Psychology,1,98,0.664,0.804,0.361,0.289,0.325,54.13,0.698
C08641,Solo Provider,Therapy,1,141,0.546,0.39,0.555,0.563,0.191,51.62,0.961
C08642,Large Practice,Psychology,32,2326,0.28,0.565,0.625,0.706,0.961,284.27,0.312
C08643,Solo Provider,Counseling,1,143,0.719,0.503,0.54,0.506,0.26,58.13,0.965
C08644,Solo Provider,Psychology,1,166,0.513,0.796,0.532,0.137,0.045,45.35,0.83
C08645,Solo Provider,Counseling,1,168,0.614,0.714,0.552,0.163,0.191,62.59,0.942
C08646,Solo Provider,Counseling,1,151,0.778,1.0,0.617,0.503,0.173,83.0,0.92
C08647,Small Practice,Psychiatry,2,492,0.978,0.701,0.49,0.728,0.46,81.01,0.726
C08648,Solo Provider,Psychiatry,1,122,0.625,0.548,0.429,0.394,0.476,43.68,0.679
C08649,Solo Provider,Counseling,1,93,0.677,0.889,0.385,0.466,0.324,77.33,1.0
C08650,Small Practice,Psychiatry,3,331,0.668,0.508,0.774,0.274,0.257,118.3,0.738
C08651,Solo Provider,Psychology,1,73,0.658,0.656,0.476,0.869,0.433,78.17,0.763
C08652,Group Practice,Psychology,11,631,0.558,0.696,0.618,0.436,0.484,168.04,0.402
C08653,Large Practice,Therapy,33,4695,0.703,0.712,1.0,0.885,0.877,325.65,0.449
C08654,Solo Provider,Psychiatry,1,102,0.836,0.63,0.518,0.374,0.383,76.37,0.682
C08655,Solo Provider,Psychiatry,1,152,0.531,0.966,0.559,0.38,0.406,82.59,0.954
C08656,Solo Provider,Therapy,1,116,0.881,0.583,0.324,0.512,0.386,59.32,0.779
C08657,Solo Provider,Counseling,1,143,0.807,0.523,0.586,0.461,0.354,72.23,0.682
C08658,Solo Provider,Counseling,1,66,0.659,0.456,0.431,0.365,0.132,44.7,0.875
C08659,Small Practice,Counseling,4,352,1.0,0.481,0.58,0.479,0.459,111.68,0.473
C08660,Solo Provider,Therapy,1,88,1.0,0.282,0.392,0.59,0.5,84.7,0.788
C08661,Solo Provider,Psychiatry,1,136,0.71,0.674,0.205,0.611,0.596,64.45,0.701
C08662,Solo Provider,Therapy,1,118,0.77,0.621,0.587,0.499,0.353,70.42,0.794
C08663,Large Practice,Therapy,18,1899,0.764,0.907,0.866,1.0,0.499,286.14,0.224
C08664,Group Practice,Psychology,8,1449,0.943,0.558,0.548,0.533,0.496,186.77,0.616
C08665,Solo Provider,Counseling,1,160,0.994,1.0,0.396,0.34,0.393,51.2,0.833
C08666,Small Practice,Therapy,2,346,0.544,0.576,0.592,0.605,0.397,108.58,0.674
C08667,Solo Provider,Psychology,1,61,0.749,0.649,0.486,0.709,0.411,65.46,0.942
C08668,Small Practice,Therapy,3,413,0.472,0.477,0.439,0.617,0.329,102.68,0.541
C08669,Small Practice,Counseling,4,328,0.456,0.503,0.569,0.4,0.437,106.51,0.725
C08670,Group Practice,Therapy,13,698,0.725,0.906,0.739,0.589,0.44,168.18,0.466
C08671,Solo Provider,Psychiatry,1,71,0.668,0.624,0.642,0.391,0.434,78.5,0.703
C08672,Solo Provider,Therapy,1,141,0.576,0.676,0.854,0.386,0.15,52.28,0.823
C08673,Large Practice,Psychiatry,37,4495,0.831,0.466,0.784,1.0,1.0,332.93,0.27
C08674,Solo Provider,Psychiatry,1,152,0.965,0.778,0.486,0.627,0.499,72.98,0.576
C08675,Solo Provider,Psychology,1,162,0.565,0.708,0.451,0.518,0.349,65.76,0.781
C08676,Small Practice,Counseling,3,588,0.797,0.481,0.429,0.653,0.364,101.96,0.701
C08677,Small Practice,Counseling,5,234,0.891,0.722,0.815,0.448,0.303,106.55,0.69
C08678,Small Practice,Psychiatry,3,346,0.754,0.418,0.168,0.659,0.189,93.17,0.599
C08679,Small Practice,Counseling,3,199,0.817,0.77,0.531,0.633,0.25,146.45,0.575
C08680,Small Practice,Psychiatry,4,359,0.832,0.443,0.62,0.505,0.342,122.43,0.826
C08681,Solo Provider,Therapy,1,125,0.696,0.694,0.408,0.318,0.382,76.61,0.825
C08682,Small Practice,Psychology,3,285,0.552,0.283,0.448,0.319,0.39,98.64,0.696
C08683,Small Practice,Psychology,4,454,0.764,0.905,0.573,0.614,0.344,126.31,0.669
C08684,Group Practice,Psychiatry,9,828,0.656,0.874,0.566,0.716,0.55,187.37,0.506
C08685,Solo Provider,Psychology,1,60,0.866,0.921,0.435,0.315,0.352,66.14,1.0
C08686,Solo Provider,Psychiatry,1,118,0.428,1.0,0.503,0.38,0.202,72.64,0.821
C08687,Small Practice,Therapy,3,225,0.845,0.394,0.329,0.546,0.584,76.51,0.614
C08688,Solo Provider,Psychiatry,1,69,0.294,0.572,0.593,0.651,0.129,79.83,0.897
C08689,Solo Provider,Psychiatry,1,171,0.809,0.618,0.545,0.398,0.54,65.73,0.959
C08690,Group Practice,Psychiatry,13,643,0.863,0.621,0.311,0.693,0.128,181.71,0.618
C08691,Small Practice,Counseling,5,557,0.852,0.449,0.706,0.608,0.485,108.21,0.613
C08692,Solo Provider,Psychiatry,1,96,0.568,0.429,0.629,0.604,0.225,65.82,0.811
C08693,Solo Provider,Psychology,1,160,0.593,0.69,0.461,0.666,0.431,63.09,0.746
C08694,Solo Provider,Therapy,1,116,0.431,0.447,0.437,0.49,0.517,60.11,0.659
C08695,Small Practice,Psychiatry,2,494,0.652,0.516,0.385,0.567,0.345,83.02,0.612
C08696,Solo Provider,Counseling,1,120,1.0,0.676,0.702,0.464,0.386,70.62,0.851
C08697,Solo Provider,Counseling,1,177,0.736,0.611,0.45,0.688,0.223,73.9,0.974
C08698,Solo Provider,Counseling,1,93,0.657,0.814,0.592,0.569,0.353,61.74,0.638
C08699,Solo Provider,Therapy,1,167,0.775,0.666,0.53,0.473,0.467,71.97,1.0
C08700,Solo Provider,Counseling,1,60,0.684,0.653,0.59,0.509,0.491,92.32,0.894
C08701,Solo Provider,Psychiatry,1,97,0.72,0.718,0.469,0.548,0.579,56.71,0.756
C08702,Small Practice,Therapy,3,211,0.733,0.834,0.476,0.464,0.316,91.33,0.59
C08703,Solo Provider,Therapy,1,80,0.524,0.26,0.591,0.549,0.686,94.32,0.654
C08704,Solo Provider,Counseling,1,100,0.463,0.29,0.386,0.667,0.409,78.41,0.764
C08705,Solo Provider,Psychology,1,76,0.719,0.366,0.659,0.336,0.209,66.06,0.778
C08706,Solo Provider,Psychology,1,112,0.436,0.541,0.614,0.512,0.536,62.37,0.852
C08707,Solo Provider,Counseling,1,70,0.592,0.685,0.495,0.532,0.399,66.2,0.786
C08708,Solo Provider,Therapy,1,120,0.541,0.784,0.316,0.193,0.316,57.17,0.828
C08709,Solo Provider,Therapy,1,101,0.521,0.849,0.5,0.709,0.361,56.58,0.849
C08710,Solo Provider,Counseling,1,114,0.705,0.409,0.595,0.669,0.415,70.03,0.716
C08711,Small Practice,Psychology,3,566,0.761,0.485,0.212,0.6,0.401,99.01,0.707
C08712,Solo Provider,Counseling,1,93,0.676,0.618,0.418,0.92,0.333,80.22,0.767
C08713,Small Practice,Psychology,3,219,0.713,0.496,0.298,0.527,0.375,107.98,0.6
C08714,Small Practice,Therapy,4,584,0.873,0.465,0.666,0.226,0.414,89.71,0.736
C08715,Solo Provider,Psychology,1,127,0.692,0.947,0.721,0.712,0.218,99.27,0.8
C08716,Solo Provider,Counseling,1,70,0.835,0.372,0.586,0.387,0.325,60.63,0.875
C08717,Solo Provider,Therapy,1,134,0.862,0.786,0.515,0.871,0.4,72.12,0.833
C08718,Solo Provider,Therapy,1,171,0.555,0.395,0.595,0.437,0.756,62.46,0.712
C08719,Small Practice,Psychiatry,4,506,0.547,0.382,0.612,0.177,0.453,109.41,0.672
C08720,Solo Provider,Psychiatry,1,136,1.0,0.583,0.266,0.981,0.384,54.93,0.713
C08721,Group Practice,Psychology,11,830,0.583,0.511,0.304,0.569,0.612,168.24,0.35
C08722,Solo Provider,Therapy,1,62,0.627,0.666,0.716,0.548,0.194,71.29,0.788
C08723,Small Practice,Counseling,3,192,0.563,0.482,0.467,0.472,0.151,93.86,0.592
C08724,Small Practice,Therapy,5,301,0.501,0.485,0.354,0.281,0.043,93.04,0.694
C08725,Small Practice,Therapy,3,517,0.739,0.57,0.398,0.715,0.5,93.36,0.637
C08726,Group Practice,Counseling,7,1493,0.729,0.537,0.59,0.682,0.541,180.85,0.545
C08727,Large Practice,Psychiatry,23,3849,0.619,0.79,0.867,0.914,0.782,272.43,0.348
C08728,Solo Provider,Psychology,1,96,0.882,0.947,0.446,0.816,0.343,75.22,0.87
C08729,Solo Provider,Psychiatry,1,109,0.89,0.687,0.375,0.689,0.294,48.74,0.831
C08730,Solo Provider,Psychiatry,1,122,0.419,0.56,0.26,0.322,0.363,67.59,0.733
C08731,Solo Provider,Psychology,1,86,0.663,0.68,0.342,0.639,0.395,77.0,0.853
C08732,Small Practice,Counseling,3,228,0.762,0.681,0.661,0.564,0.342,116.96,0.742
C08733,Solo Provider,Therapy,1,142,0.793,0.732,0.478,0.262,0.203,62.29,0.763
C08734,Solo Provider,Counseling,1,105,0.524,0.273,0.45,0.513,0.498,48.86,0.993
C08735,Small Practice,Therapy,2,173,1.0,0.413,0.334,0.689,0.414,109.13,0.678
C08736,Solo Provider,Counseling,1,110,0.764,0.748,0.285,0.679,0.603,78.79,0.911
C08737,Small Practice,Counseling,5,472,0.728,0.829,0.779,0.498,0.637,104.53,0.537
C08738,Solo Provider,Counseling,1,142,0.552,0.263,0.358,0.526,0.322,31.65,0.672
C08739,Small Practice,Psychology,2,592,0.573,0.991,0.477,0.822,0.278,106.52,0.755
C08740,Small Practice,Counseling,3,371,0.739,0.613,0.449,0.254,0.699,89.62,0.704
C08741,Solo Provider,Counseling,1,173,0.648,0.902,0.421,0.504,0.274,65.86,0.848
C08742,Small Practice,Psychology,4,236,0.746,1.0,0.489,0.413,0.313,93.92,0.578
C08743,Solo Provider,Counseling,1,163,0.928,0.604,0.511,0.296,0.369,70.17,0.566
C08744,Small Practice,Psychiatry,3,260,0.941,0.8,0.617,0.388,0.459,96.6,0.847
C08745,Small Practice,Counseling,5,474,0.709,0.696,0.628,0.654,0.476,135.46,0.58
C08746,Solo Provider,Counseling,1,148,0.773,0.88,0.463,0.311,0.508,94.04,0.677
C08747,Small Practice,Psychology,2,252,0.919,0.996,0.285,0.286,0.471,108.74,0.81
C08748,Group Practice,Therapy,7,1731,0.942,1.0,0.423,0.662,0.582,164.15,0.43
C08749,Small Practice,Therapy,5,362,0.445,0.819,0.459,0.855,0.533,130.51,0.649
C08750,Small Practice,Therapy,5,246,0.626,0.794,0.452,0.599,0.502,114.13,0.661
C08751,Small Practice,Psychology,4,300,0.734,0.562,0.36,0.428,0.326,120.47,0.719
C08752,Solo Provider,Psychiatry,1,111,0.704,0.877,0.364,0.492,0.347,59.68,0.862
C08753,Small Practice,Counseling,3,402,0.756,0.684,0.413,0.258,0.34,75.85,0.727
C08754,Group Practice,Psychiatry,7,1294,0.659,0.501,1.0,0.627,0.417,171.01,0.565
C08755,Solo Provider,Therapy,1,102,0.975,0.277,0.321,0.603,0.226,73.7,0.704
C08756,Solo Provider,Psychology,1,60,0.6,0.718,0.428,0.573,0.354,78.41,0.884
C08757,Solo Provider,Therapy,1,124,0.459,0.626,0.378,0.391,0.108,57.91,0.759
C08758,Solo Provider,Counseling,1,155,0.611,0.641,0.563,0.753,0.598,66.21,0.735
C08759,Solo Provider,Therapy,1,153,0.822,0.683,0.678,0.543,0.284,67.15,0.795
C08760,Solo Provider,Psychiatry,1,133,0.592,0.665,0.334,0.748,0.11,57.57,0.92
C08761,Small Practice,Counseling,5,585,0.43,0.638,0.462,0.629,0.376,104.79,0.708
C08762,Solo Provider,Psychology,1,64,0.83,0.741,0.42,0.754,0.358,66.51,0.727
C08763,Solo Provider,Counseling,1,100,0.758,0.829,0.565,0.626,0.313,70.74,0.909
C08764,Small Practice,Psychiatry,5,187,0.413,0.759,0.437,0.375,0.248,101.01,0.739
C08765,Solo Provider,Counseling,1,96,0.667,0.657,0.459,0.314,0.49,59.48,0.714
C08766,Solo Provider,Psychology,1,173,0.755,0.836,0.372,0.641,0.417,69.48,0.778
C08767,Small Practice,Psychology,3,153,0.734,0.857,0.539,0.49,0.336,97.04,0.664
C08768,Large Practice,Therapy,22,1936,0.832,0.856,0.761,0.733,0.948,288.96,0.249
C08769,Small Practice,Counseling,4,206,0.752,0.543,0.646,0.85,0.281,109.82,0.726
C08770,Solo Provider,Therapy,1,83,0.77,0.424,0.346,0.471,0.551,72.89,0.77
C08771,Solo Provider,Psychiatry,1,80,0.708,0.662,0.488,0.374,0.345,64.28,0.759
C08772,Large Practice,Psychology,33,2144,0.972,0.343,0.694,0.969,1.0,303.89,0.461
C08773,Small Practice,Counseling,3,487,0.775,0.902,0.298,0.569,0.5,109.83,0.617
C08774,Small Practice,Psychology,3,274,0.883,0.333,0.456,0.633,0.361,102.69,0.735
C08775,Small Practice,Psychiatry,4,570,0.785,0.641,0.262,0.846,0.627,106.53,0.722
C08776,Solo Provider,Psychiatry,1,91,0.441,0.369,0.826,0.301,0.322,67.49,0.814
C08777,Solo Provider,Counseling,1,100,0.7,0.583,0.45,0.705,0.464,47.74,0.868
C08778,Small Practice,Psychiatry,2,561,0.719,0.536,0.756,0.274,0.381,100.42,0.768
C08779,Group Practice,Counseling,13,1782,0.916,0.344,0.465,0.82,0.439,169.84,0.424
C08780,Solo Provider,Therapy,1,149,0.88,0.366,0.501,0.219,0.683,74.95,0.708
C08781,Small Practice,Psychology,2,199,0.72,0.571,0.275,0.775,0.244,93.91,0.638
C08782,Solo Provider,Psychology,1,93,0.847,1.0,0.363,0.536,0.529,70.83,0.933
C08783,Large Practice,Psychology,17,4143,0.893,0.318,0.842,0.568,0.678,256.91,0.306
C08784,Solo Provider,Psychiatry,1,157,0.646,0.832,0.35,0.334,0.385,82.26,0.793
C08785,Small Practice,Psychology,2,403,0.7,0.432,0.509,0.33,0.358,101.29,0.558
C08786,Solo Provider,Psychiatry,1,120,0.684,0.857,0.314,0.518,0.387,79.89,0.785
C08787,Small Practice,Psychology,4,264,0.542,0.72,0.777,0.43,0.41,116.64,0.669
C08788,Small Practice,Counseling,4,519,0.717,0.572,0.438,0.628,0.314,100.23,0.511
C08789,Solo Provider,Psychology,1,137,0.642,0.745,0.478,0.471,0.189,44.09,0.759
C08790,Group Practice,Psychology,12,558,0.579,0.651,0.638,0.601,0.395,193.12,0.277
C08791,Group Practice,Counseling,6,902,0.656,0.563,0.669,0.621,0.35,148.62,0.502
C08792,Group Practice,Therapy,6,1072,0.249,0.706,0.476,0.533,0.639,155.68,0.375
C08793,Solo Provider,Psychology,1,60,0.477,0.659,0.455,0.636,0.363,73.2,0.833
C08794,Small Practice,Psychology,4,495,0.68,0.747,0.607,0.718,0.764,121.69,0.55
C08795,Small Practice,Psychology,4,319,0.73,0.786,0.543,0.367,0.344,93.25,0.707
C08796,Small Practice,Therapy,4,574,0.654,0.39,0.396,0.878,0.34,95.09,0.688
C08797,Solo Provider,Counseling,1,174,0.661,0.792,0.417,0.432,0.345,68.27,0.8
C08798,Small Practice,Therapy,5,353,0.565,0.396,0.437,0.272,0.248,103.09,0.626
C08799,Solo Provider,Psychiatry,1,99,0.649,1.0,0.511,0.547,0.198,74.0,0.858
C08800,Solo Provider,Psychology,1,140,0.706,0.925,0.504,0.656,0.317,76.51,0.624
C08801,Solo Provider,Psychiatry,1,160,0.676,0.693,0.472,0.378,0.378,53.05,0.737
C08802,Solo Provider,Therapy,1,98,0.573,0.623,0.332,0.758,0.441,69.31,0.701
C08803,Solo Provider,Psychology,1,173,0.704,0.669,0.372,0.398,0.59,55.84,0.71
C08804,Solo Provider,Psychiatry,1,120,0.662,0.418,0.795,0.281,0.253,76.47,1.0
C08805,Small Practice,Counseling,4,207,0.702,0.693,0.362,0.652,0.208,112.68,0.479
C08806,Small Practice,Counseling,3,376,0.975,0.629,0.728,0.439,0.575,97.78,0.836
C08807,Solo Provider,Psychiatry,1,124,0.43,0.688,0.493,0.483,0.512,66.07,0.687
C08808,Small Practice,Psychology,3,387,0.943,0.788,0.387,0.542,0.377,122.59,0.517
C08809,Group Practice,Therapy,10,1208,1.0,0.655,0.786,0.624,0.576,160.14,0.408
C08810,Group Practice,Counseling,15,1567,0.608,0.913,0.988,0.568,0.493,167.57,0.392
C08811,Group Practice,Therapy,10,1679,0.894,0.479,0.67,0.581,0.497,180.18,0.448
C08812,Large Practice,Counseling,21,3089,0.702,0.541,0.784,0.596,0.864,260.29,0.265
C08813,Small Practice,Counseling,3,437,0.689,0.562,0.253,0.514,0.428,111.04,0.692
C08814,Large Practice,Psychiatry,33,2138,0.749,0.752,0.86,1.0,0.932,294.39,0.281
C08815,Group Practice,Counseling,8,1080,0.75,0.784,0.362,0.718,0.467,165.47,0.36
C08816,Solo Provider,Psychology,1,60,0.749,0.572,0.453,0.433,0.349,41.08,0.686
C08817,Group Practice,Psychology,6,1044,0.706,1.0,0.529,0.567,0.414,168.08,0.506
C08818,Small Practice,Psychiatry,3,296,0.541,0.43,0.51,0.561,0.419,85.72,0.577
C08819,Small Practice,Therapy,4,519,0.728,0.751,0.651,0.197,0.429,87.55,0.76
C08820,Group Practice,Psychology,15,789,0.524,0.371,0.758,0.708,0.429,173.61,0.264
C08821,Solo Provider,Therapy,1,125,0.857,0.432,0.196,0.477,0.175,60.19,0.961
C08822,Solo Provider,Psychiatry,1,152,0.63,0.524,0.375,0.905,0.496,74.01,0.767
C08823,Small Practice,Therapy,3,526,0.834,0.022,0.387,0.328,0.514,73.38,0.632
C08824,Small Practice,Therapy,3,173,0.667,0.877,0.504,0.49,0.378,90.05,0.398
C08825,Group Practice,Therapy,13,596,0.968,0.521,0.707,0.442,0.49,184.72,0.393
C08826,Group Practice,Therapy,13,1062,0.565,0.235,0.942,0.524,0.487,193.88,0.367
C08827,Small Practice,Counseling,4,561,0.589,0.641,0.655,0.502,0.391,95.96,0.613
C08828,Large Practice,Counseling,23,4865,0.54,0.677,0.673,0.835,0.718,276.63,0.299
C08829,Solo Provider,Counseling,1,103,0.497,0.594,0.155,0.507,0.254,56.46,0.752
C08830,Large Practice,Therapy,28,2949,0.315,0.537,0.871,1.0,1.0,283.95,0.474
C08831,Solo Provider,Counseling,1,98,0.832,0.729,0.426,0.525,0.398,69.97,0.72
C08832,Small Practice,Psychology,4,224,1.0,0.558,0.574,0.567,0.424,120.16,0.7
C08833,Solo Provider,Counseling,1,104,0.7,0.779,0.523,0.278,0.36,71.38,0.77
C08834,Small Practice,Counseling,2,569,0.707,0.707,0.493,0.415,0.563,124.13,0.703
C08835,Solo Provider,Psychiatry,1,64,0.606,0.262,0.805,0.596,0.481,72.46,0.969
C08836,Solo Provider,Psychology,1,153,0.591,0.81,0.428,0.2,0.593,57.18,0.689
C08837,Small Practice,Psychology,3,251,0.396,0.664,0.53,0.715,0.492,115.32,0.721
C08838,Small Practice,Psychiatry,2,454,0.628,0.468,0.336,0.627,0.34,109.5,0.588
C08839,Solo Provider,Psychiatry,1,142,0.933,0.697,0.545,0.441,0.048,54.41,0.745
C08840,Small Practice,Therapy,3,199,0.725,0.814,0.424,0.602,0.317,95.04,0.634
C08841,Solo Provider,Therapy,1,163,0.745,0.754,0.722,0.414,0.336,65.05,0.912
C08842,Solo Provider,Counseling,1,100,0.624,0.721,0.554,0.734,0.253,67.55,0.849
C08843,Solo Provider,Psychology,1,168,0.454,0.538,0.353,0.585,0.237,61.81,0.809
C08844,Small Practice,Psychology,3,587,0.628,0.384,0.634,0.441,0.569,104.0,0.648
C08845,Small Practice,Psychology,3,370,0.797,0.636,0.43,0.528,0.133,86.99,0.748
C08846,Small Practice,Psychiatry,2,415,0.64,0.717,0.46,0.637,0.463,92.84,0.568
C08847,Group Practice,Therapy,7,688,0.807,0.747,0.65,0.54,0.627,165.77,0.485
C08848,Small Practice,Counseling,2,382,0.822,0.921,0.221,0.569,0.145,101.44,0.575
C08849,Small Practice,Counseling,2,236,0.923,0.504,0.414,0.682,0.398,114.5,0.65
C08850,Large Practice,Therapy,29,2187,0.642,0.76,0.847,0.864,0.614,294.5,0.243
C08851,Solo Provider,Counseling,1,84,0.651,0.36,0.57,0.749,0.217,73.2,0.642
C08852,Solo Provider,Psychiatry,1,86,0.737,0.731,0.57,0.536,0.573,96.15,0.948
C08853,Solo Provider,Psychology,1,124,0.593,0.843,0.493,0.187,0.446,64.38,0.729
C08854,Small Practice,Therapy,3,331,0.896,0.489,0.384,0.73,0.445,115.82,0.829
C08855,Small Practice,Psychiatry,4,496,0.544,0.713,0.784,0.363,0.424,108.11,0.64
C08856,Solo Provider,Therapy,1,82,0.814,0.674,0.769,0.112,0.0,74.46,0.775
C08857,Group Practice,Counseling,11,879,0.637,0.308,0.569,0.542,0.523,181.91,0.436
C08858,Large Practice,Psychiatry,28,2476,0.572,0.653,0.867,0.628,0.91,299.18,0.174
C08859,Solo Provider,Psychiatry,1,164,0.529,1.0,0.481,0.692,0.357,79.65,0.931
C08860,Solo Provider,Psychology,1,97,0.659,0.825,0.643,0.441,0.366,71.33,1.0
C08861,Solo Provider,Counseling,1,115,0.824,0.847,0.615,0.049,0.289,66.34,0.77
C08862,Solo Provider,Psychiatry,1,146,0.568,0.631,0.277,0.169,0.771,80.98,0.757
C08863,Group Practice,Psychology,13,1399,0.638,0.925,0.511,0.643,0.676,183.62,0.453
C08864,Small Practice,Psychology,4,195,0.815,0.815,0.438,0.707,0.46,118.76,0.761
C08865,Solo Provider,Psychiatry,1,169,1.0,0.49,0.011,0.066,0.435,49.78,0.574
C08866,Solo Provider,Counseling,1,126,0.868,0.198,0.429,0.499,0.137,58.1,0.825
C08867,Solo Provider,Therapy,1,123,0.692,0.562,0.519,0.728,0.575,83.83,0.86
C08868,Solo Provider,Counseling,1,65,0.601,0.603,0.535,0.554,0.46,67.64,0.944
C08869,Solo Provider,Psychiatry,1,134,0.566,0.688,0.409,0.303,0.362,69.34,0.726
C08870,Small Practice,Therapy,4,485,0.875,0.483,0.417,0.286,0.59,122.48,0.664
C08871,Small Practice,Counseling,2,297,0.633,0.33,0.526,0.882,0.514,115.3,0.637
C08872,Group Practice,Counseling,10,1115,0.89,0.496,0.665,0.367,0.249,183.55,0.52
C08873,Solo Provider,Counseling,1,155,0.701,0.634,0.517,0.708,0.502,81.18,0.833
C08874,Small Practice,Therapy,5,280,0.539,0.747,0.332,0.743,0.567,107.66,0.656
C08875,Solo Provider,Counseling,1,72,0.741,0.696,0.515,0.582,0.543,71.11,0.639
C08876,Solo Provider,Psychology,1,177,0.397,0.722,0.369,0.536,0.252,57.02,0.718
C08877,Group Practice,Counseling,8,1482,0.803,0.517,0.591,0.665,0.42,155.12,0.488
C08878,Small Practice,Psychiatry,4,521,0.859,0.248,0.459,0.56,0.459,101.11,0.678
C08879,Solo Provider,Counseling,1,143,0.573,0.928,0.58,0.562,0.357,69.31,0.74
C08880,Solo Provider,Psychology,1,92,0.555,0.897,0.333,0.299,0.814,60.46,0.786
C08881,Small Practice,Psychiatry,2,402,0.5,0.525,0.6,0.888,0.54,123.66,0.723
C08882,Group Practice,Therapy,12,571,0.48,0.524,0.836,0.442,0.545,183.09,0.455
C08883,Small Practice,Counseling,3,443,0.798,1.0,0.61,0.782,0.413,101.6,0.85
C08884,Solo Provider,Psychology,1,136,0.685,0.829,0.549,0.732,0.445,86.03,0.796
C08885,Solo Provider,Therapy,1,157,0.578,0.333,0.137,0.823,0.408,61.15,0.849
C08886,Solo Provider,Therapy,1,136,0.595,0.648,0.196,0.194,0.173,71.19,0.716
C08887,Solo Provider,Counseling,1,122,1.0,0.858,0.0,0.814,0.311,91.74,0.644
C08888,Small Practice,Therapy,4,559,0.557,0.554,0.462,0.652,0.454,81.53,0.586
C08889,Small Practice,Therapy,4,510,0.738,0.519,0.532,0.549,0.594,118.39,0.679
C08890,Solo Provider,Psychology,1,70,0.947,0.569,0.339,0.74,0.274,55.25,0.691
C08891,Small Practice,Counseling,4,219,0.66,0.725,0.626,0.553,0.564,98.24,0.732
C08892,Small Practice,Psychiatry,2,427,0.953,0.474,0.413,0.159,0.398,114.03,0.628
C08893,Small Practice,Psychology,4,375,0.655,0.826,0.486,0.628,0.133,103.66,0.594
C08894,Solo Provider,Psychology,1,114,0.66,0.883,0.519,0.617,0.401,82.23,0.802
C08895,Solo Provider,Psychology,1,155,0.387,0.468,0.474,0.741,0.486,64.25,0.719
C08896,Solo Provider,Psychology,1,86,0.813,0.542,0.508,0.396,0.441,34.99,0.864
C08897,Solo Provider,Therapy,1,175,0.986,0.284,0.431,0.235,0.048,78.18,0.881
C08898,Solo Provider,Psychology,1,160,0.697,0.931,0.366,0.266,0.31,68.18,0.722
C08899,Solo Provider,Therapy,1,92,0.527,0.406,0.597,0.452,0.485,58.84,0.718
C08900,Solo Provider,Psychology,1,149,0.854,0.798,0.674,0.476,0.562,79.63,0.845
C08901,Solo Provider,Counseling,1,112,0.799,0.604,0.744,0.512,0.341,71.37,0.928
C08902,Group Practice,Counseling,12,1350,0.47,0.489,0.356,0.628,0.695,207.77,0.393
C08903,Small Practice,Therapy,4,310,0.779,0.728,0.447,0.522,0.671,120.83,0.757
C08904,Solo Provider,Counseling,1,98,0.56,0.739,0.588,0.659,0.158,70.42,0.834
C08905,Group Practice,Psychiatry,9,1449,0.66,0.442,0.443,0.67,0.686,177.61,0.413
C08906,Solo Provider,Therapy,1,127,0.38,0.736,0.534,0.634,0.054,55.36,0.945
C08907,Solo Provider,Psychology,1,134,0.609,0.77,0.477,0.8,0.476,68.55,0.954
C08908,Group Practice,Psychology,8,581,0.367,0.635,0.368,0.618,0.522,169.54,0.546
C08909,Solo Provider,Psychiatry,1,100,0.632,0.687,0.369,0.715,0.312,59.55,0.903
C08910,Solo Provider,Psychology,1,67,0.794,0.613,0.64,0.838,0.399,73.25,0.99
C08911,Solo Provider,Psychology,1,106,0.684,0.47,0.685,0.539,0.305,90.28,0.729
C08912,Small Practice,Therapy,4,407,0.677,0.835,0.742,0.461,0.516,107.27,0.712
C08913,Small Practice,Psychology,2,506,0.609,0.837,0.518,0.538,0.279,102.84,0.754
C08914,Solo Provider,Psychiatry,1,66,0.57,0.588,0.579,0.213,0.363,65.32,0.884
C08915,Solo Provider,Therapy,1,103,0.387,0.416,0.599,0.581,0.328,72.07,0.828
C08916,Solo Provider,Psychiatry,1,80,0.627,0.525,0.265,0.759,0.379,51.02,0.952
C08917,Small Practice,Counseling,5,440,0.522,0.967,0.934,0.773,0.272,112.48,0.534
C08918,Solo Provider,Psychology,1,106,0.778,0.735,0.468,0.473,0.245,36.94,0.868
C08919,Group Practice,Psychiatry,14,1700,0.734,0.61,0.782,0.835,0.633,183.1,0.681
C08920,Small Practice,Psychiatry,4,554,0.638,0.853,0.565,0.221,0.373,121.19,0.59
C08921,Solo Provider,Counseling,1,169,0.579,0.647,0.229,0.539,0.65,79.87,0.717
C08922,Small Practice,Psychology,2,385,0.697,0.762,0.292,0.394,0.25,106.47,0.819
C08923,Solo Provider,Counseling,1,135,0.852,0.796,0.222,0.411,0.335,52.03,0.813
C08924,Solo Provider,Psychology,1,117,0.492,0.46,0.351,0.449,0.432,77.51,0.785
C08925,Solo Provider,Counseling,1,144,0.653,0.731,0.449,0.412,0.377,77.74,0.842
C08926,Solo Provider,Psychology,1,74,1.0,0.879,0.315,0.241,0.562,60.22,0.788
C08927,Small Practice,Psychiatry,4,365,0.672,0.63,0.414,0.202,0.284,76.21,0.586
C08928,Large Practice,Psychiatry,33,3703,0.74,0.814,0.831,0.578,0.895,302.05,0.175
C08929,Solo Provider,Therapy,1,95,0.62,0.637,0.158,0.446,0.609,56.58,0.856
C08930,Solo Provider,Counseling,1,95,0.532,0.645,0.541,0.382,0.339,73.84,0.607
C08931,Small Practice,Counseling,4,249,0.795,0.713,0.579,0.504,0.669,130.82,0.585
C08932,Solo Provider,Psychology,1,130,0.719,0.608,0.482,0.514,0.629,69.49,0.679
C08933,Solo Provider,Psychiatry,1,65,0.558,0.546,0.468,0.768,0.44,66.82,0.704
C08934,Large Practice,Therapy,28,3026,0.612,0.674,0.931,0.799,0.717,319.34,0.325
C08935,Group Practice,Psychology,7,1189,0.62,0.783,0.913,0.439,0.299,177.19,0.53
C08936,Large Practice,Therapy,28,2235,0.655,0.442,0.815,0.787,0.997,292.71,0.422
C08937,Solo Provider,Psychology,1,73,0.844,0.412,0.635,0.65,0.656,97.09,0.827
C08938,Solo Provider,Psychiatry,1,133,0.44,0.57,0.168,0.46,0.393,71.66,0.797
C08939,Solo Provider,Counseling,1,157,0.646,0.879,0.572,0.575,0.496,85.43,0.766
C08940,Group Practice,Counseling,13,823,0.724,0.595,1.0,0.473,0.658,180.18,0.576
C08941,Solo Provider,Therapy,1,144,0.706,0.559,0.4,0.799,0.085,39.88,0.828
C08942,Solo Provider,Psychiatry,1,138,0.643,0.34,0.443,0.307,0.517,50.1,0.904
C08943,Solo Provider,Counseling,1,67,0.782,0.534,0.422,0.852,0.312,91.74,0.947
C08944,Small Practice,Therapy,4,158,0.744,0.567,0.514,0.662,0.412,98.29,0.691
C08945,Small Practice,Psychology,2,461,0.647,0.679,0.676,0.496,0.45,113.12,0.558
C08946,Small Practice,Therapy,4,334,0.669,0.664,0.431,0.362,0.493,86.69,0.743
C08947,Solo Provider,Psychiatry,1,113,0.738,0.588,0.413,0.697,0.696,81.64,0.932
C08948,Small Practice,Therapy,2,221,0.773,0.529,0.537,0.298,0.276,92.62,0.745
C08949,Solo Provider,Therapy,1,164,0.577,0.543,0.283,0.568,0.305,67.82,0.776
C08950,Solo Provider,Psychiatry,1,69,0.522,0.443,0.455,0.623,0.268,65.59,0.747
C08951,Solo Provider,Therapy,1,140,0.719,0.641,0.523,0.358,0.595,89.75,0.77
C08952,Small Practice,Counseling,3,365,0.446,0.635,0.645,0.576,0.388,102.12,0.679
C08953,Solo Provider,Psychology,1,156,0.623,0.879,0.354,0.462,0.222,77.87,0.885
C08954,Large Practice,Psychiatry,19,2960,0.782,0.673,0.824,0.929,0.521,265.55,0.194
C08955,Solo Provider,Psychiatry,1,63,0.634,0.688,0.467,0.478,0.357,56.88,0.822
C08956,Solo Provider,Counseling,1,86,0.564,0.85,0.077,0.705,0.283,51.79,0.885
C08957,Small Practice,Counseling,2,369,0.571,0.626,0.538,0.284,0.443,89.23,0.653
C08958,Small Practice,Therapy,2,591,0.713,0.745,0.51,0.542,0.683,90.82,0.455
C08959,Solo Provider,Psychology,1,122,0.864,0.386,0.599,0.566,0.172,79.65,0.899
C08960,Small Practice,Psychiatry,2,263,0.685,0.884,0.225,0.642,0.17,94.51,0.708
C08961,Solo Provider,Counseling,1,98,0.947,0.368,0.573,0.5,0.383,78.11,0.886
C08962,Solo Provider,Counseling,1,150,0.793,0.493,0.558,0.641,0.443,72.26,0.863
C08963,Small Practice,Psychology,2,373,0.639,0.566,0.484,0.456,0.657,101.87,0.696
C08964,Small Practice,Psychology,5,174,0.764,1.0,0.593,0.492,0.287,132.39,0.673
C08965,Solo Provider,Therapy,1,90,0.56,0.829,0.483,0.235,0.399,38.6,0.914
C08966,Solo Provider,Counseling,1,166,0.808,0.425,0.435,0.431,0.535,51.5,0.9
C08967,Small Practice,Psychology,5,262,0.493,0.377,0.589,0.172,0.343,104.6,0.743
C08968,Solo Provider,Psychiatry,1,64,0.73,0.478,0.368,0.415,0.3,53.37,0.791
C08969,Group Practice,Therapy,15,1159,0.834,0.651,0.511,0.697,0.397,191.69,0.461
C08970,Small Practice,Psychology,4,179,0.763,0.455,0.425,0.742,0.375,113.4,0.641
C08971,Group Practice,Psychiatry,12,1669,0.689,0.58,0.914,0.978,0.572,200.39,0.452
C08972,Solo Provider,Psychology,1,145,0.766,0.655,0.576,0.402,0.535,75.72,0.866
C08973,Group Practice,Psychiatry,8,693,0.607,0.332,0.306,0.312,0.677,149.2,0.384
C08974,Solo Provider,Therapy,1,82,0.557,0.579,0.548,0.456,0.319,47.89,0.798
C08975,Solo Provider,Psychiatry,1,135,0.743,0.907,0.41,0.529,0.242,78.31,0.728
C08976,Solo Provider,Counseling,1,106,0.799,0.698,0.441,0.718,0.1,61.6,0.719
C08977,Solo Provider,Counseling,1,151,0.707,0.596,0.496,0.745,0.195,64.86,0.952
C08978,Group Practice,Psychiatry,9,1558,0.704,0.7,0.765,0.413,0.404,161.56,0.513
C08979,Small Practice,Counseling,3,538,0.797,0.511,0.627,0.46,0.575,97.35,0.675
C08980,Small Practice,Therapy,3,413,0.665,0.66,0.399,0.316,0.37,100.1,0.804
C08981,Small Practice,Counseling,5,407,0.722,0.763,0.386,0.516,0.418,91.22,0.61
C08982,Small Practice,Counseling,2,170,0.384,0.531,0.371,0.429,0.605,110.36,0.619
C08983,Small Practice,Therapy,4,208,0.767,0.597,0.618,0.443,0.355,91.23,0.598
C08984,Group Practice,Psychology,15,1639,0.83,0.589,0.555,1.0,0.562,192.59,0.523
C08985,Small Practice,Psychiatry,4,537,0.692,0.641,0.501,0.505,0.431,110.32,0.573
C08986,Small Practice,Counseling,5,429,0.56,0.707,0.527,0.368,0.557,98.04,0.606
C08987,Solo Provider,Therapy,1,70,0.649,0.86,0.546,0.528,0.463,68.93,0.879
C08988,Large Practice,Counseling,30,4226,0.829,1.0,0.657,0.67,0.746,283.29,0.268
C08989,Solo Provider,Counseling,1,158,0.792,0.389,0.401,0.428,0.517,50.53,0.795
C08990,Solo Provider,Psychiatry,1,156,0.561,0.435,0.631,0.439,0.442,69.6,0.752
C08991,Group Practice,Psychiatry,9,557,0.728,0.585,0.387,0.759,0.584,173.51,0.482
C08992,Solo Provider,Psychology,1,87,0.869,0.571,0.548,0.821,0.38,67.01,0.766
C08993,Solo Provider,Therapy,1,148,0.705,0.948,0.53,0.547,0.39,69.69,0.645
C08994,Solo Provider,Counseling,1,72,0.561,0.921,0.334,0.285,0.11,23.34,0.723
C08995,Solo Provider,Therapy,1,61,0.735,0.454,0.594,0.484,0.345,80.23,0.887
C08996,Group Practice,Therapy,7,1649,0.484,0.582,0.787,0.452,0.621,167.52,0.353
C08997,Group Practice,Psychology,14,576,0.762,0.677,0.526,0.586,0.442,169.68,0.473
C08998,Solo Provider,Psychiatry,1,94,0.714,0.722,0.564,0.626,0.418,61.05,0.692
C08999,Large Practice,Therapy,33,4890,0.69,0.846,0.84,0.843,1.0,326.44,0.163
C09000,Small Practice,Counseling,5,408,0.595,0.589,0.78,0.475,0.547,109.71,0.854
C09001,Group Practice,Therapy,14,1476,1.0,0.454,0.657,0.74,0.371,177.99,0.334
C09002,Solo Provider,Therapy,1,136,0.627,0.634,0.582,0.614,0.061,70.33,0.818
C09003,Solo Provider,Psychology,1,139,0.688,0.745,0.58,0.567,0.354,41.63,0.825
C09004,Solo Provider,Counseling,1,142,0.898,0.875,0.484,0.609,0.389,88.68,0.832
C09005,Solo Provider,Therapy,1,160,0.434,0.729,0.34,0.316,0.349,45.63,0.675
C09006,Small Practice,Psychiatry,5,299,0.628,0.746,0.649,0.896,0.379,115.46,0.73
C09007,Solo Provider,Counseling,1,178,0.756,0.794,0.537,0.445,0.456,76.97,0.737
C09008,Small Practice,Counseling,3,304,0.42,0.625,0.635,0.514,0.438,98.67,0.602
C09009,Small Practice,Therapy,3,338,0.635,0.443,0.168,0.407,0.239,78.72,0.501
C09010,Solo Provider,Psychology,1,95,0.551,0.46,0.672,0.231,0.455,71.73,0.854
C09011,Solo Provider,Counseling,1,178,0.89,0.65,0.433,0.71,0.342,76.69,0.641
C09012,Small Practice,Psychology,3,226,0.744,0.585,0.534,0.652,0.249,100.08,0.446
C09013,Group Practice,Psychology,7,1683,0.53,0.42,0.585,0.545,0.372,155.01,0.566
C09014,Solo Provider,Counseling,1,126,0.754,0.801,0.434,0.655,0.468,67.6,0.818
C09015,Large Practice,Psychiatry,21,4486,0.836,0.783,0.774,0.66,0.438,267.24,0.352
C09016,Group Practice,Therapy,14,1474,0.727,0.69,1.0,0.881,0.669,205.27,0.44
C09017,Small Practice,Psychology,2,589,0.642,0.603,0.515,0.395,0.283,116.47,0.537
C09018,Solo Provider,Psychology,1,145,0.503,0.239,0.558,0.351,0.482,78.6,0.795
C09019,Small Practice,Counseling,3,158,0.709,0.85,0.677,0.721,0.487,117.34,0.647
C09020,Group Practice,Counseling,9,636,0.643,0.904,0.723,0.401,0.565,170.91,0.36
C09021,Solo Provider,Psychiatry,1,85,0.922,0.322,0.273,0.538,0.438,79.78,0.77
C09022,Large Practice,Counseling,33,2905,0.741,0.66,0.907,1.0,0.823,318.82,0.429
C09023,Group Practice,Therapy,9,1568,1.0,0.726,0.604,0.688,0.45,166.77,0.441
C09024,Solo Provider,Counseling,1,135,0.549,0.503,0.433,0.325,0.27,69.39,0.765
C09025,Small Practice,Therapy,2,271,0.622,0.704,0.555,0.965,0.605,92.51,0.815
C09026,Small Practice,Psychology,4,312,0.794,0.43,0.475,0.686,0.552,109.88,0.778
C09027,Small Practice,Psychology,3,506,0.791,0.687,0.565,0.22,0.405,99.58,0.693
C09028,Group Practice,Psychology,6,514,0.68,0.493,0.669,0.522,0.081,149.05,0.389
C09029,Solo Provider,Counseling,1,76,0.651,0.533,0.449,0.546,0.249,71.97,0.805
C09030,Solo Provider,Psychology,1,126,0.799,0.888,0.324,0.562,0.673,64.13,0.824
C09031,Solo Provider,Therapy,1,171,0.773,0.62,0.275,0.483,0.196,72.01,0.636
C09032,Group Practice,Psychology,15,1790,0.91,0.752,0.899,0.963,0.789,194.53,0.407
C09033,Solo Provider,Psychiatry,1,179,0.849,0.991,0.314,0.65,0.374,78.79,0.804
C09034,Group Practice,Psychology,12,1259,0.704,0.427,0.74,0.697,0.82,179.5,0.6
C09035,Solo Provider,Psychiatry,1,71,0.741,0.94,0.537,0.635,0.616,79.25,0.95
C09036,Solo Provider,Therapy,1,155,0.841,0.962,0.487,0.735,0.315,84.52,0.853
C09037,Group Practice,Psychology,15,1296,0.757,0.658,0.793,0.78,0.647,176.41,0.525
C09038,Small Practice,Therapy,4,258,0.454,0.503,0.569,0.55,0.177,94.92,0.467
C09039,Solo Provider,Psychiatry,1,81,0.434,0.41,0.381,0.665,0.196,77.63,0.586
C09040,Solo Provider,Psychology,1,155,0.755,0.644,0.779,0.567,0.381,77.48,0.782
C09041,Solo Provider,Counseling,1,71,0.59,0.851,0.661,0.729,0.361,57.14,0.838
C09042,Solo Provider,Psychiatry,1,169,0.816,0.815,0.204,0.294,0.228,55.02,0.835
C09043,Solo Provider,Psychiatry,1,68,0.525,0.593,0.416,0.666,0.328,41.71,0.946
C09044,Small Practice,Psychiatry,4,511,1.0,0.626,0.468,0.435,0.204,91.72,0.756
C09045,Solo Provider,Psychology,1,158,0.759,0.768,0.323,0.57,0.369,37.36,0.819
C09046,Solo Provider,Therapy,1,111,0.779,1.0,0.274,0.673,0.333,61.16,0.696
C09047,Solo Provider,Psychology,1,152,0.743,0.627,0.229,0.606,0.53,55.0,0.83
C09048,Solo Provider,Counseling,1,86,0.779,0.985,0.441,0.688,0.335,74.23,0.782
C09049,Large Practice,Therapy,38,4650,0.631,0.653,1.0,0.97,1.0,339.21,0.32
C09050,Solo Provider,Counseling,1,133,0.801,0.802,0.44,0.721,0.509,59.02,0.884
C09051,Solo Provider,Psychology,1,129,0.62,0.53,0.574,0.665,0.33,95.13,0.775
C09052,Small Practice,Psychology,2,549,0.769,0.608,0.68,0.594,0.413,98.99,0.673
C09053,Group Practice,Psychology,8,1771,0.701,0.93,0.527,0.776,0.435,167.66,0.263
C09054,Small Practice,Counseling,4,599,0.812,0.32,0.523,0.421,0.329,98.83,0.737
C09055,Group Practice,Psychology,15,1316,0.686,0.579,0.556,0.397,0.678,198.1,0.48
C09056,Group Practice,Counseling,9,1540,0.633,0.621,0.671,0.795,0.452,174.65,0.561
C09057,Small Practice,Psychiatry,5,417,0.604,0.599,0.523,0.756,0.723,98.1,0.629
C09058,Large Practice,Therapy,26,3825,0.655,0.701,0.571,0.992,0.683,284.73,0.331
C09059,Solo Provider,Psychology,1,74,0.901,0.569,0.322,0.603,0.5,72.34,0.78
C09060,Group Practice,Therapy,10,1680,0.669,0.606,0.718,0.595,0.414,163.08,0.45
C09061,Group Practice,Therapy,10,1705,0.845,0.431,0.594,0.722,0.521,177.82,0.589
C09062,Group Practice,Therapy,9,1002,0.908,0.743,0.583,0.535,0.49,165.07,0.485
C09063,Solo Provider,Psychiatry,1,158,0.898,1.0,0.467,0.222,0.485,76.89,0.811
C09064,Small Practice,Therapy,5,264,0.843,0.521,0.588,0.615,0.501,121.81,0.729
C09065,Solo Provider,Psychology,1,70,0.82,0.684,0.437,0.561,0.404,48.18,0.81
C09066,Small Practice,Psychology,2,342,0.67,0.713,0.472,0.886,0.356,103.55,0.498
C09067,Solo Provider,Therapy,1,76,0.633,0.687,0.398,0.62,0.366,85.21,0.835
C09068,Small Practice,Psychiatry,5,264,0.5,0.564,0.318,0.46,0.0,75.85,0.734
C09069,Small Practice,Counseling,5,460,0.604,0.601,0.769,0.507,0.294,91.23,0.6
C09070,Solo Provider,Counseling,1,152,0.783,0.596,0.58,0.614,0.327,66.62,0.824
C09071,Solo Provider,Therapy,1,129,0.601,0.19,0.422,0.509,0.157,55.82,0.883
C09072,Solo Provider,Psychology,1,62,0.739,0.627,0.376,0.387,0.11,63.24,0.944
C09073,Small Practice,Psychiatry,2,426,0.781,0.437,0.567,0.593,0.285,92.81,0.489
C09074,Small Practice,Psychiatry,5,332,0.461,0.52,0.717,0.543,0.832,111.41,0.691
C09075,Small Practice,Psychology,4,490,0.524,0.672,0.434,0.489,0.446,112.5,0.579
C09076,Solo Provider,Counseling,1,164,0.738,0.54,0.497,0.119,0.423,37.19,0.835
C09077,Group Practice,Psychology,14,630,0.651,0.533,0.65,0.675,0.83,197.0,0.413
C09078,Small Practice,Counseling,4,225,0.757,0.574,0.311,0.442,0.477,102.84,0.533
C09079,Solo Provider,Counseling,1,122,0.749,0.781,0.768,0.294,0.309,61.47,0.793
C09080,Solo Provider,Counseling,1,112,0.874,0.872,0.799,0.486,0.194,58.75,0.776
C09081,Solo Provider,Counseling,1,89,0.812,0.787,0.777,0.513,0.271,59.18,0.795
C09082,Solo Provider,Counseling,1,144,0.596,0.651,0.538,0.369,0.17,50.81,0.871
C09083,Solo Provider,Psychiatry,1,76,0.871,0.795,0.553,0.696,0.403,103.33,0.689
C09084,Solo Provider,Counseling,1,90,0.766,0.735,0.491,0.222,0.237,38.59,0.964
C09085,Solo Provider,Counseling,1,81,0.74,0.586,0.768,0.25,0.258,69.37,0.832
C09086,Solo Provider,Psychology,1,62,0.715,0.698,0.369,0.454,0.21,42.16,0.84
C09087,Solo Provider,Psychology,1,101,0.831,0.543,0.826,0.433,0.299,80.97,0.932
C09088,Group Practice,Counseling,15,1627,0.686,0.831,0.705,0.623,0.592,186.02,0.647
C09089,Small Practice,Therapy,4,271,0.694,0.661,0.399,0.819,0.367,126.61,0.7
C09090,Solo Provider,Therapy,1,92,0.651,0.723,0.282,0.382,0.391,72.65,0.762
C09091,Small Practice,Counseling,2,336,0.664,0.541,0.65,0.494,0.292,85.71,0.565
C09092,Small Practice,Psychology,4,559,0.69,1.0,0.431,0.287,0.392,106.42,0.878
C09093,Solo Provider,Psychology,1,105,0.622,0.593,0.646,0.371,0.373,66.33,0.815
C09094,Solo Provider,Psychology,1,60,0.654,0.389,0.498,0.466,0.553,67.27,0.783
C09095,Solo Provider,Psychology,1,95,0.771,0.326,0.512,0.224,0.313,85.42,0.864
C09096,Small Practice,Therapy,4,250,0.575,0.347,0.401,0.938,0.184,112.8,0.339
C09097,Solo Provider,Psychiatry,1,68,0.829,0.659,0.484,0.646,0.489,57.54,0.698
C09098,Solo Provider,Therapy,1,143,0.584,0.78,0.623,0.454,0.41,58.79,0.791
C09099,Small Practice,Psychiatry,2,506,0.71,0.786,0.541,0.49,0.595,86.62,0.806
C09100,Large Practice,Therapy,34,3648,0.483,0.812,0.918,0.918,1.0,302.61,0.299
C09101,Solo Provider,Counseling,1,161,0.535,0.608,0.585,0.225,0.295,72.29,0.607
C09102,Small Practice,Psychiatry,3,475,0.459,0.8,0.398,0.227,0.483,120.43,0.661
C09103,Solo Provider,Psychology,1,78,0.551,0.516,0.612,0.175,0.313,74.57,0.824
C09104,Small Practice,Therapy,4,156,0.738,0.531,0.32,0.523,0.374,124.26,0.697
C09105,Small Practice,Therapy,5,314,0.694,0.742,0.408,0.687,0.335,103.73,0.678
C09106,Small Practice,Psychiatry,4,471,0.932,0.48,0.575,0.466,0.549,102.99,0.513
C09107,Solo Provider,Counseling,1,83,0.554,0.924,0.651,0.383,0.188,73.97,0.751
C09108,Solo Provider,Counseling,1,110,0.636,0.848,0.513,0.362,0.053,56.92,1.0
C09109,Group Practice,Psychology,6,566,0.743,0.347,0.731,0.778,0.422,174.16,0.338
C09110,Solo Provider,Psychology,1,89,0.881,0.631,0.408,0.384,0.315,58.82,0.784
C09111,Large Practice,Psychology,30,3559,0.948,0.606,0.82,0.893,0.926,288.04,0.294
C09112,Solo Provider,Psychology,1,132,0.722,0.708,0.505,0.544,0.207,71.11,1.0
C09113,Solo Provider,Psychology,1,165,0.814,0.76,0.447,0.342,0.335,47.09,0.704
C09114,Solo Provider,Therapy,1,90,0.822,0.668,0.475,0.615,0.349,85.69,0.738
C09115,Solo Provider,Psychiatry,1,116,0.561,0.861,0.467,0.553,0.313,58.01,0.683
C09116,Group Practice,Counseling,7,1195,0.567,0.492,0.66,0.65,0.278,179.65,0.566
C09117,Solo Provider,Psychiatry,1,85,0.44,0.394,0.378,0.712,0.388,82.85,0.676
C09118,Small Practice,Therapy,5,374,0.819,0.591,0.235,0.259,0.313,103.08,0.68
C09119,Small Practice,Psychology,4,445,0.696,0.631,0.363,0.703,0.639,107.88,0.587
C09120,Group Practice,Psychiatry,14,817,0.578,0.329,0.681,0.765,0.461,207.58,0.448
C09121,Small Practice,Psychology,3,432,0.775,0.553,0.589,0.257,0.388,107.93,0.597
C09122,Large Practice,Psychology,21,2102,1.0,0.57,1.0,0.875,0.776,283.96,0.324
C09123,Group Practice,Psychology,14,633,0.763,0.613,0.742,0.738,0.542,191.31,0.4
C09124,Solo Provider,Counseling,1,99,0.763,0.561,0.314,0.555,0.421,65.56,0.812
C09125,Group Practice,Psychology,9,1541,0.554,0.499,0.499,0.588,0.417,179.12,0.389
C09126,Large Practice,Counseling,18,4140,0.82,0.651,0.613,0.904,0.613,277.9,0.334
C09127,Solo Provider,Therapy,1,71,0.662,0.509,0.481,0.382,0.326,56.37,0.764
C09128,Small Practice,Counseling,5,246,0.871,0.789,0.233,0.566,0.772,108.66,0.659
C09129,Solo Provider,Psychiatry,1,168,0.891,0.645,0.64,0.483,0.43,83.23,0.736
C09130,Small Practice,Psychology,3,501,0.923,0.673,0.635,0.614,0.378,105.37,0.511
C09131,Solo Provider,Therapy,1,98,0.702,0.612,0.653,0.603,0.316,86.71,0.869
C09132,Small Practice,Psychology,2,241,0.666,0.528,0.535,0.878,0.563,115.43,0.618
C09133,Solo Provider,Therapy,1,139,0.885,0.357,0.315,0.67,0.147,71.77,0.807
C09134,Small Practice,Psychology,2,555,0.686,0.898,0.605,0.899,0.218,104.66,0.597
C09135,Solo Provider,Therapy,1,68,0.811,0.577,0.318,0.327,0.63,69.97,0.798
C09136,Small Practice,Therapy,4,369,0.705,0.496,0.53,0.491,0.315,116.86,0.77
C09137,Solo Provider,Therapy,1,147,0.774,0.327,0.307,0.34,0.65,82.26,0.906
C09138,Small Practice,Psychiatry,2,282,0.47,0.833,0.14,0.538,0.477,115.03,0.538
C09139,Solo Provider,Counseling,1,118,0.749,0.746,0.493,0.416,0.246,72.34,0.838
C09140,Solo Provider,Counseling,1,66,0.847,0.623,0.477,0.362,0.521,75.75,0.715
C09141,Solo Provider,Therapy,1,70,0.85,0.405,0.233,0.356,0.209,62.98,1.0
C09142,Group Practice,Counseling,11,1582,0.551,0.932,0.809,0.407,0.664,178.25,0.419
C09143,Solo Provider,Psychology,1,131,0.497,0.579,0.31,0.727,0.223,59.01,0.916
C09144,Small Practice,Psychiatry,4,358,0.601,0.421,0.575,0.34,0.345,83.74,0.676
C09145,Solo Provider,Counseling,1,74,0.72,0.653,0.228,0.411,0.315,71.32,0.669
C09146,Small Practice,Therapy,3,194,0.557,0.572,0.487,0.859,0.45,97.15,0.559
C09147,Solo Provider,Therapy,1,75,0.624,0.736,0.509,0.575,0.338,73.23,0.634
C09148,Solo Provider,Therapy,1,88,0.765,0.409,0.447,0.62,0.651,88.63,0.736
C09149,Solo Provider,Therapy,1,126,0.841,0.569,0.453,0.404,0.246,50.72,0.646
C09150,Solo Provider,Psychiatry,1,131,0.709,0.909,0.492,0.51,0.267,79.23,0.985
C09151,Solo Provider,Therapy,1,163,0.502,1.0,0.688,0.326,0.48,45.71,0.778
C09152,Solo Provider,Therapy,1,114,0.809,0.758,0.874,0.537,0.091,63.1,0.698
C09153,Small Practice,Psychiatry,5,586,0.644,0.699,0.742,0.618,0.143,83.43,0.681
C09154,Large Practice,Psychology,22,1692,0.952,0.271,1.0,0.841,0.784,282.21,0.157
C09155,Solo Provider,Counseling,1,95,0.612,0.478,0.433,0.897,0.473,75.82,0.769
C09156,Group Practice,Therapy,6,1512,0.793,0.413,0.655,0.297,0.402,181.54,0.552
C09157,Solo Provider,Psychology,1,148,0.509,0.638,0.562,0.395,0.353,62.87,0.796
C09158,Solo Provider,Therapy,1,104,0.687,0.647,0.706,0.473,0.555,63.93,0.794
C09159,Solo Provider,Counseling,1,61,0.44,0.452,0.353,0.533,0.613,54.38,0.764
C09160,Solo Provider,Psychiatry,1,82,0.826,0.683,0.639,0.677,0.452,86.05,0.836
C09161,Solo Provider,Counseling,1,149,0.842,0.817,0.455,0.374,0.372,56.11,0.76
C09162,Group Practice,Counseling,11,795,0.698,0.461,0.816,0.651,0.697,190.06,0.413
C09163,Small Practice,Psychiatry,5,386,0.716,0.537,0.585,0.662,0.26,125.66,0.892
C09164,Small Practice,Psychiatry,5,538,0.828,0.647,0.43,0.722,0.318,99.94,0.687
C09165,Solo Provider,Psychiatry,1,76,0.574,0.676,0.621,0.556,0.378,66.53,0.62
C09166,Solo Provider,Psychiatry,1,65,0.709,0.649,0.456,0.507,0.443,72.33,0.857
C09167,Small Practice,Psychiatry,5,525,0.338,0.47,0.591,0.561,0.311,110.91,0.694
C09168,Solo Provider,Psychology,1,131,0.586,0.534,0.22,0.495,0.361,55.73,0.694
C09169,Solo Provider,Psychiatry,1,132,0.838,0.581,0.329,0.764,0.472,80.24,0.67
C09170,Solo Provider,Counseling,1,105,0.621,0.835,0.403,0.207,0.282,52.84,0.712
C09171,Solo Provider,Psychiatry,1,91,0.682,0.284,0.446,0.102,0.204,63.37,0.855
C09172,Small Practice,Psychiatry,3,229,0.782,0.321,0.641,0.736,0.372,76.77,0.606
C09173,Solo Provider,Psychiatry,1,119,0.691,0.769,0.519,0.537,0.153,54.6,0.813
C09174,Solo Provider,Psychology,1,150,0.79,0.698,0.471,0.351,0.245,52.79,0.991
C09175,Group Practice,Therapy,13,1362,0.715,0.65,0.672,0.974,0.605,186.17,0.5
C09176,Large Practice,Psychiatry,37,1605,0.77,0.903,1.0,0.407,0.764,301.94,0.508
C09177,Solo Provider,Psychiatry,1,136,0.642,0.545,0.269,0.381,0.287,48.3,0.75
C09178,Solo Provider,Psychology,1,73,0.686,0.677,0.479,0.423,0.262,72.71,0.652
C09179,Small Practice,Therapy,2,326,0.884,0.718,0.717,0.459,0.24,114.75,0.836
C09180,Solo Provider,Psychiatry,1,151,0.421,0.733,0.571,0.474,0.175,64.93,0.781
C09181,Solo Provider,Psychology,1,161,0.808,0.361,0.491,0.842,0.458,71.12,0.945
C09182,Solo Provider,Counseling,1,131,0.731,0.572,0.405,0.598,0.227,70.64,0.883
C09183,Solo Provider,Psychiatry,1,146,0.845,1.0,0.598,0.182,0.724,53.11,0.579
C09184,Large Practice,Counseling,35,4290,0.659,0.3,0.638,0.801,0.87,308.26,0.269
C09185,Small Practice,Psychology,4,226,0.693,0.728,0.464,0.743,0.647,95.69,0.589
C09186,Large Practice,Counseling,21,2647,0.627,0.607,0.763,0.712,0.536,273.92,0.273
C09187,Small Practice,Therapy,5,419,0.611,0.642,0.502,0.468,0.363,109.01,0.461
C09188,Small Practice,Counseling,4,406,0.634,0.735,0.245,0.795,0.302,114.28,0.621
C09189,Small Practice,Psychiatry,4,441,0.624,0.515,0.588,0.383,0.532,84.94,0.673
C09190,Small Practice,Therapy,2,169,0.976,0.482,0.399,0.3,0.374,87.79,0.757
C09191,Solo Provider,Therapy,1,179,0.558,0.875,0.347,0.387,0.329,53.13,0.624
C09192,Solo Provider,Psychology,1,175,0.805,0.757,0.556,0.616,0.304,74.38,0.792
C09193,Small Practice,Psychology,3,410,0.896,0.344,0.447,0.724,0.553,110.5,0.6
C09194,Solo Provider,Therapy,1,158,0.745,1.0,0.345,0.547,0.306,66.15,0.952
C09195,Solo Provider,Counseling,1,113,0.811,0.506,0.493,0.626,0.108,87.22,0.719
C09196,Solo Provider,Psychiatry,1,116,0.733,0.445,0.487,0.194,0.393,60.74,0.839
C09197,Small Practice,Psychology,4,584,0.968,0.59,0.226,0.52,0.598,73.8,0.812
C09198,Solo Provider,Psychology,1,150,0.644,0.68,0.261,0.606,0.507,67.69,0.712
C09199,Solo Provider,Psychology,1,162,0.822,0.968,0.623,0.423,0.436,63.04,0.777
C09200,Solo Provider,Psychology,1,70,0.773,0.649,0.615,0.464,0.354,72.3,0.82
C09201,Solo Provider,Counseling,1,132,0.561,0.99,0.566,0.512,0.371,87.12,0.792
C09202,Large Practice,Psychology,29,3029,0.795,1.0,0.974,0.695,0.983,317.82,0.353
C09203,Solo Provider,Counseling,1,166,0.721,0.824,0.213,0.593,0.454,69.64,0.667
C09204,Solo Provider,Counseling,1,172,0.601,0.571,0.604,0.336,0.334,66.81,0.707
C09205,Solo Provider,Psychiatry,1,178,0.507,0.589,0.437,0.532,0.51,62.68,0.704
C09206,Group Practice,Psychology,10,649,0.817,0.477,0.583,0.691,0.663,184.08,0.482
C09207,Small Practice,Therapy,3,353,0.707,0.365,0.42,0.746,0.533,102.12,0.648
C09208,Solo Provider,Counseling,1,66,0.589,0.494,0.607,0.458,0.412,67.97,1.0
C09209,Solo Provider,Counseling,1,165,0.831,0.844,0.174,0.724,0.233,81.99,0.961
C09210,Small Practice,Counseling,5,291,0.573,0.848,0.588,0.428,0.519,111.56,0.537
C09211,Group Practice,Psychology,13,743,0.772,0.868,0.571,0.547,0.588,181.38,0.532
C09212,Solo Provider,Counseling,1,138,0.459,0.603,0.489,0.38,0.015,41.03,0.831
C09213,Solo Provider,Counseling,1,156,1.0,0.489,0.518,0.563,0.138,49.29,0.558
C09214,Solo Provider,Therapy,1,132,0.654,1.0,0.551,0.362,0.234,42.93,0.732
C09215,Solo Provider,Psychiatry,1,88,0.769,0.609,0.404,0.654,0.199,51.97,0.843
C09216,Small Practice,Psychology,2,444,0.71,0.679,0.46,0.617,0.258,95.77,0.751
C09217,Large Practice,Psychiatry,21,2067,0.799,0.512,0.839,0.625,0.489,296.21,0.319
C09218,Large Practice,Psychology,17,3912,0.777,0.797,0.531,0.599,0.843,267.18,0.366
C09219,Small Practice,Psychology,5,282,0.613,0.744,0.053,0.698,0.61,122.49,0.83
C09220,Solo Provider,Counseling,1,72,0.76,0.79,0.412,0.418,0.434,62.5,0.718
C09221,Large Practice,Counseling,24,3566,0.589,0.693,0.566,0.648,0.66,265.4,0.288
C09222,Solo Provider,Therapy,1,110,0.623,0.614,0.214,0.245,0.484,63.49,0.742
C09223,Solo Provider,Psychiatry,1,62,0.757,0.661,0.261,0.161,0.303,75.3,0.802
C09224,Small Practice,Psychiatry,5,310,0.75,0.632,0.51,0.548,0.334,100.53,0.783
C09225,Solo Provider,Psychology,1,131,0.746,0.225,0.308,0.567,0.551,74.64,0.818
C09226,Group Practice,Psychiatry,6,1681,0.704,0.438,0.656,0.579,0.718,151.25,0.448
C09227,Large Practice,Counseling,39,4418,0.631,0.821,0.926,1.0,0.844,303.62,0.441
C09228,Small Practice,Psychiatry,3,159,0.802,1.0,0.508,0.297,0.053,115.7,0.745
C09229,Small Practice,Psychiatry,3,290,0.725,0.512,0.572,0.595,0.701,119.41,0.702
C09230,Solo Provider,Counseling,1,119,0.682,0.472,0.459,0.1,0.365,52.6,0.831
C09231,Solo Provider,Psychiatry,1,112,0.861,0.673,0.45,0.445,0.329,57.03,0.997
C09232,Small Practice,Therapy,5,239,0.842,0.511,0.657,0.401,0.438,92.36,0.743
C09233,Small Practice,Psychiatry,5,519,0.835,0.602,0.717,0.531,0.425,124.91,0.722
C09234,Group Practice,Psychiatry,13,880,0.388,0.418,0.739,0.693,0.301,183.55,0.644
C09235,Solo Provider,Psychology,1,73,0.661,0.741,0.418,0.698,0.57,79.07,0.957
C09236,Solo Provider,Psychology,1,72,0.855,0.956,0.426,0.76,0.286,76.66,0.722
C09237,Solo Provider,Psychology,1,168,0.59,0.309,0.437,0.924,0.09,61.58,0.887
C09238,Small Practice,Psychiatry,2,459,0.574,0.668,0.438,0.627,0.718,98.57,0.673
C09239,Small Practice,Psychology,3,450,0.604,0.567,0.393,0.698,0.535,87.12,0.633
C09240,Large Practice,Therapy,32,4323,0.694,0.861,0.476,0.926,1.0,311.81,0.37
C09241,Solo Provider,Therapy,1,105,0.667,0.786,0.188,0.437,0.42,52.05,0.751
C09242,Solo Provider,Psychology,1,101,0.604,0.77,0.449,0.506,0.426,85.5,0.827
C09243,Solo Provider,Counseling,1,168,0.764,0.601,0.669,0.8,0.139,67.78,0.793
C09244,Solo Provider,Psychology,1,164,0.558,0.563,0.411,0.696,0.162,54.6,0.826
C09245,Solo Provider,Therapy,1,78,0.718,0.822,0.482,0.239,0.291,70.22,0.974
C09246,Small Practice,Counseling,5,334,0.933,0.542,0.33,0.752,0.598,94.89,0.654
C09247,Solo Provider,Psychiatry,1,129,0.62,0.682,0.582,0.344,0.524,78.12,0.88
C09248,Solo Provider,Psychology,1,125,0.375,0.707,0.408,0.611,0.13,68.49,0.598
C09249,Small Practice,Counseling,5,508,0.381,0.46,0.5,0.752,0.446,103.46,0.592
C09250,Group Practice,Counseling,6,1772,0.783,0.779,0.802,0.58,0.564,174.36,0.236
C09251,Solo Provider,Therapy,1,124,0.497,0.537,0.396,0.511,0.281,70.01,0.762
C09252,Solo Provider,Therapy,1,119,0.69,0.649,0.431,0.68,0.354,74.28,1.0
C09253,Small Practice,Psychology,4,344,0.653,0.75,0.663,0.584,0.364,130.24,0.759
C09254,Small Practice,Counseling,2,385,0.629,0.642,0.426,0.514,0.236,95.9,0.743
C09255,Group Practice,Counseling,10,586,0.657,0.526,0.501,0.894,0.383,153.52,0.41
C09256,Solo Provider,Psychology,1,77,0.772,0.809,0.202,0.389,0.249,68.21,0.764
C09257,Small Practice,Therapy,4,207,0.7,0.393,0.504,0.71,0.438,121.16,0.449
C09258,Group Practice,Psychology,12,1563,0.785,0.818,0.702,0.756,0.48,157.55,0.529
C09259,Solo Provider,Psychology,1,104,0.837,0.914,0.528,0.716,0.36,82.2,0.864
C09260,Solo Provider,Psychiatry,1,154,0.346,0.791,0.483,0.549,0.502,68.69,0.747
C09261,Large Practice,Psychology,17,1539,0.758,0.263,0.806,0.825,0.46,275.84,0.226
C09262,Solo Provider,Therapy,1,132,0.923,0.482,0.611,0.348,0.492,72.08,0.823
C09263,Small Practice,Counseling,3,432,0.699,0.509,0.362,0.76,0.833,116.0,0.573
C09264,Group Practice,Therapy,7,1620,0.605,0.491,0.555,0.587,0.097,169.15,0.476
C09265,Solo Provider,Counseling,1,103,0.774,0.603,0.247,0.59,0.252,63.84,0.768
C09266,Small Practice,Counseling,2,171,0.856,0.688,0.485,0.654,0.254,118.38,0.581
C09267,Solo Provider,Psychology,1,156,0.435,0.56,0.604,0.577,0.346,60.39,0.679
C09268,Group Practice,Counseling,8,1456,0.904,0.514,0.589,0.667,0.478,157.18,0.446
C09269,Group Practice,Counseling,14,1034,0.651,0.541,0.868,0.994,0.75,188.25,0.601
C09270,Group Practice,Therapy,13,545,0.571,0.671,0.512,0.476,0.174,185.83,0.496
C09271,Solo Provider,Psychology,1,92,0.86,0.788,0.588,0.459,0.131,62.05,0.692
C09272,Small Practice,Psychology,3,416,0.784,0.725,0.575,0.691,0.133,88.11,0.571
C09273,Group Practice,Counseling,11,1228,0.594,0.26,0.719,0.861,0.438,188.08,0.387
C09274,Small Practice,Psychology,4,548,0.784,0.467,0.601,0.615,0.354,79.84,0.645
C09275,Small Practice,Psychology,3,231,0.704,0.575,0.367,0.771,0.59,111.59,0.654
C09276,Solo Provider,Psychology,1,129,0.532,0.566,0.306,0.683,0.274,88.09,0.679
C09277,Group Practice,Therapy,8,1791,0.81,0.3,0.791,0.841,0.234,164.27,0.223
C09278,Solo Provider,Psychiatry,1,69,0.754,0.907,0.182,0.82,0.117,65.62,0.887
C09279,Solo Provider,Psychiatry,1,179,0.756,0.638,0.567,0.377,0.35,75.07,0.665
C09280,Group Practice,Counseling,15,818,0.768,0.689,0.63,1.0,0.614,201.35,0.294
C09281,Group Practice,Counseling,10,1753,1.0,0.648,0.396,0.909,0.575,208.37,0.393
C09282,Large Practice,Psychology,37,3140,0.616,0.822,1.0,1.0,1.0,329.71,0.11
C09283,Solo Provider,Therapy,1,150,0.712,0.675,0.389,0.441,0.331,38.31,0.814
C09284,Solo Provider,Psychology,1,128,0.847,0.734,0.554,0.676,0.403,73.0,1.0
C09285,Solo Provider,Psychiatry,1,163,0.846,0.489,0.445,0.7,0.343,73.33,0.744
C09286,Solo Provider,Psychology,1,107,0.561,0.581,0.498,0.099,0.375,56.64,0.709
C09287,Group Practice,Psychiatry,8,809,0.646,0.973,0.417,0.482,0.438,147.13,0.237
C09288,Small Practice,Psychology,5,511,0.61,0.972,0.383,0.874,0.175,96.58,0.632
C09289,Solo Provider,Therapy,1,96,0.813,0.529,0.382,0.492,0.749,66.89,0.937
C09290,Solo Provider,Therapy,1,94,0.565,0.448,0.617,0.383,0.547,65.59,0.918
C09291,Solo Provider,Therapy,1,162,0.475,0.787,0.275,0.511,0.593,64.49,0.556
C09292,Group Practice,Counseling,12,614,0.629,0.393,0.941,0.672,0.258,191.3,0.487
C09293,Small Practice,Therapy,3,265,0.944,0.274,0.666,0.493,0.269,109.92,0.729
C09294,Solo Provider,Psychiatry,1,177,0.92,0.663,0.223,0.202,0.109,59.59,0.756
C09295,Solo Provider,Psychiatry,1,71,0.782,0.753,0.341,0.745,0.609,73.45,0.699
C09296,Solo Provider,Counseling,1,142,0.918,0.758,0.375,0.337,0.205,56.71,0.774
C09297,Solo Provider,Psychiatry,1,172,0.507,0.778,0.412,0.586,0.173,73.33,0.901
C09298,Group Practice,Counseling,12,1402,0.682,0.607,0.724,0.864,0.562,180.0,0.294
C09299,Small Practice,Counseling,4,302,0.816,0.705,0.446,0.838,0.267,112.98,0.652
C09300,Solo Provider,Psychology,1,155,0.581,0.799,0.555,0.543,0.432,92.15,0.747
C09301,Small Practice,Psychiatry,4,580,0.602,0.622,0.684,0.662,0.443,97.88,0.553
C09302,Solo Provider,Psychology,1,103,0.716,0.956,0.645,0.624,0.485,79.41,0.574
C09303,Solo Provider,Psychology,1,175,0.485,1.0,0.54,0.614,0.26,70.56,0.83
C09304,Small Practice,Therapy,4,448,0.85,0.693,0.288,0.341,0.041,100.58,0.62
C09305,Solo Provider,Counseling,1,88,0.717,0.772,0.791,0.356,0.23,48.7,0.816
C09306,Solo Provider,Psychiatry,1,103,0.636,0.426,0.274,0.427,0.268,76.02,0.767
C09307,Group Practice,Counseling,9,1782,0.763,0.777,0.436,0.717,0.365,194.37,0.512
C09308,Group Practice,Psychology,6,1545,0.838,0.463,0.544,0.626,0.621,168.51,0.383
C09309,Solo Provider,Counseling,1,99,0.952,0.671,0.136,0.331,0.277,64.8,0.705
C09310,Small Practice,Therapy,4,300,0.91,0.914,0.433,0.523,0.419,113.03,0.951
C09311,Solo Provider,Therapy,1,135,0.577,0.882,0.29,0.57,0.369,90.35,0.774
C09312,Small Practice,Therapy,4,592,0.866,0.452,0.677,0.797,0.473,102.64,0.612
C09313,Solo Provider,Counseling,1,84,0.712,0.625,0.383,0.602,0.407,64.29,0.767
C09314,Small Practice,Counseling,3,261,0.682,0.435,0.444,0.594,0.133,100.73,0.625
C09315,Solo Provider,Counseling,1,66,0.612,0.414,0.599,0.408,0.269,60.05,0.887
C09316,Group Practice,Psychiatry,12,857,0.782,0.734,0.705,0.866,0.101,168.89,0.52
C09317,Group Practice,Psychiatry,15,1523,0.679,0.635,0.412,0.478,0.408,185.4,0.366
C09318,Solo Provider,Psychiatry,1,177,0.643,0.702,0.346,0.744,0.3,68.52,0.89
C09319,Small Practice,Counseling,5,222,1.0,0.872,0.493,0.717,0.438,105.23,0.623
C09320,Solo Provider,Psychiatry,1,134,0.747,0.689,0.552,0.508,0.173,56.34,0.84
C09321,Small Practice,Psychology,3,455,0.661,0.549,0.363,0.307,0.44,85.24,0.58
C09322,Solo Provider,Psychology,1,85,0.752,0.604,0.511,0.476,0.413,84.67,0.648
C09323,Solo Provider,Psychiatry,1,98,0.727,0.793,0.439,0.873,0.368,47.9,0.863
C09324,Small Practice,Psychiatry,4,196,0.763,0.321,0.403,0.488,0.58,87.98,0.619
C09325,Solo Provider,Psychology,1,73,0.626,0.741,0.443,0.618,0.0,60.99,0.979
C09326,Small Practice,Counseling,2,473,0.825,0.872,0.648,0.384,0.131,111.63,0.697
C09327,Small Practice,Therapy,5,449,0.384,1.0,0.444,0.703,0.152,115.54,0.789
C09328,Solo Provider,Psychology,1,111,0.892,0.681,0.589,0.491,0.26,73.64,0.981
C09329,Solo Provider,Therapy,1,63,0.491,0.676,0.569,0.7,0.689,66.62,0.862
C09330,Small Practice,Therapy,3,559,0.896,0.524,0.526,0.454,0.357,104.11,0.627
C09331,Small Practice,Psychology,4,271,0.458,0.871,0.677,0.583,0.61,120.17,0.724
C09332,Solo Provider,Psychiatry,1,94,0.814,0.465,0.416,0.264,0.19,64.22,0.925
C09333,Solo Provider,Psychiatry,1,82,0.626,0.477,0.258,0.306,0.275,68.82,0.516
C09334,Small Practice,Therapy,4,275,0.763,0.764,0.505,0.585,0.415,95.89,0.795
C09335,Small Practice,Counseling,5,527,0.538,0.44,0.303,0.232,0.478,101.97,0.547
C09336,Group Practice,Counseling,13,1611,0.631,0.716,0.8,0.705,0.603,188.51,0.282
C09337,Solo Provider,Counseling,1,83,0.972,0.584,0.648,0.407,0.508,73.38,0.717
C09338,Small Practice,Therapy,5,194,0.701,0.651,0.539,0.425,0.433,101.87,0.684
C09339,Small Practice,Therapy,2,457,0.588,0.828,0.481,0.761,0.35,109.42,0.635
C09340,Solo Provider,Therapy,1,173,0.783,0.891,0.14,0.593,0.208,50.48,0.788
C09341,Solo Provider,Therapy,1,110,0.54,0.307,0.291,0.705,0.468,42.4,0.926
C09342,Solo Provider,Psychiatry,1,92,0.966,1.0,0.308,0.575,0.274,88.71,0.877
C09343,Group Practice,Psychology,10,776,0.502,0.603,1.0,0.763,0.605,196.57,0.553
C09344,Solo Provider,Therapy,1,146,0.692,0.546,0.498,0.707,0.531,71.11,0.745
C09345,Small Practice,Psychiatry,2,366,0.861,0.743,0.439,0.452,0.241,115.43,0.658
C09346,Small Practice,Psychology,4,257,0.494,0.671,0.687,0.711,0.605,122.1,0.598
C09347,Solo Provider,Psychiatry,1,145,0.756,0.603,0.469,0.651,0.454,78.91,0.855
C09348,Group Practice,Psychiatry,11,1138,0.501,0.526,0.748,0.39,0.55,183.11,0.465
C09349,Small Practice,Psychology,4,246,0.362,0.547,0.594,0.784,0.322,107.36,0.566
C09350,Solo Provider,Counseling,1,63,0.769,0.746,0.759,0.671,0.393,75.49,0.688
C09351,Small Practice,Psychiatry,5,162,0.544,0.818,0.508,0.524,0.3,112.64,0.685
C09352,Small Practice,Therapy,5,154,0.777,0.811,0.651,0.599,0.392,94.03,0.624
C09353,Solo Provider,Counseling,1,129,0.606,0.597,0.344,0.537,0.592,61.83,0.967
C09354,Small Practice,Psychology,4,528,0.87,0.525,0.585,0.544,0.113,109.34,0.522
C09355,Small Practice,Psychiatry,5,478,0.97,0.83,0.627,0.295,0.597,122.07,0.746
C09356,Solo Provider,Psychology,1,101,0.962,0.519,0.435,0.362,0.485,51.67,0.776
C09357,Large Practice,Counseling,18,4318,0.399,0.663,0.738,0.64,0.825,268.27,0.119
C09358,Small Practice,Therapy,2,222,0.693,0.871,0.383,0.508,0.402,81.25,0.611
C09359,Small Practice,Counseling,2,452,0.582,0.512,0.143,0.534,0.412,89.88,0.775
C09360,Solo Provider,Psychology,1,101,0.738,0.83,0.672,0.576,0.315,85.85,0.92
C09361,Solo Provider,Psychology,1,156,0.752,0.826,0.573,0.466,0.296,70.95,0.938
C09362,Solo Provider,Counseling,1,100,0.673,0.625,0.465,0.486,0.541,73.81,0.844
C09363,Small Practice,Psychiatry,3,269,0.787,0.488,0.522,0.26,0.367,97.13,0.598
C09364,Small Practice,Counseling,2,227,0.778,0.527,0.61,0.788,0.224,98.86,0.712
C09365,Small Practice,Psychology,4,242,0.537,0.867,0.454,0.51,0.389,112.93,0.538
C09366,Solo Provider,Counseling,1,119,0.774,0.603,0.433,0.682,0.143,56.97,0.571
C09367,Small Practice,Psychiatry,3,528,0.663,0.513,0.746,0.749,0.004,104.79,0.583
C09368,Group Practice,Psychology,9,1352,0.579,0.888,0.448,0.603,0.5,165.37,0.474
C09369,Small Practice,Psychiatry,3,262,0.574,0.71,0.409,0.773,0.367,116.7,0.667
C09370,Small Practice,Psychiatry,2,210,0.82,0.433,0.563,0.49,0.515,108.25,0.698
C09371,Group Practice,Psychiatry,10,1409,0.854,0.279,0.484,0.617,0.354,172.59,0.426
C09372,Solo Provider,Counseling,1,143,0.937,0.78,0.573,0.521,0.109,47.07,0.728
C09373,Small Practice,Counseling,5,246,0.715,0.688,0.601,0.481,0.245,109.85,0.607
C09374,Large Practice,Therapy,33,2216,0.73,0.434,1.0,0.679,1.0,293.68,0.16
C09375,Small Practice,Counseling,5,295,0.674,0.296,0.631,0.2,0.413,101.45,0.857
C09376,Solo Provider,Psychology,1,170,0.689,0.453,0.491,0.881,0.304,75.95,0.719
C09377,Large Practice,Therapy,26,3513,0.716,0.594,0.923,0.563,0.745,283.52,0.069
C09378,Solo Provider,Counseling,1,154,0.668,0.839,0.337,0.689,0.337,77.91,0.864
C09379,Solo Provider,Therapy,1,171,0.741,0.546,0.645,0.97,0.149,68.27,0.807
C09380,Solo Provider,Counseling,1,75,0.767,0.36,0.307,0.805,0.588,95.65,0.64
C09381,Solo Provider,Psychiatry,1,166,0.826,0.63,0.504,0.539,0.513,94.08,0.751
C09382,Solo Provider,Counseling,1,125,0.87,0.591,0.477,0.539,0.313,77.61,0.77
C09383,Solo Provider,Psychiatry,1,139,0.625,0.669,0.319,0.807,0.487,73.74,0.794
C09384,Group Practice,Therapy,8,640,0.622,0.651,0.677,0.393,0.578,150.24,0.701
C09385,Solo Provider,Counseling,1,66,0.838,0.43,0.258,0.446,0.448,63.17,0.857
C09386,Small Practice,Psychology,4,593,0.679,0.324,0.636,0.482,0.588,112.6,0.553
C09387,Group Practice,Psychiatry,10,1780,0.902,0.729,0.546,0.546,0.483,156.63,0.45
C09388,Group Practice,Therapy,6,540,0.653,0.833,0.462,0.397,0.448,163.75,0.508
C09389,Solo Provider,Counseling,1,131,0.707,0.621,0.381,0.378,0.372,64.74,0.832
C09390,Solo Provider,Counseling,1,60,0.43,0.817,0.259,0.287,0.211,56.03,0.757
C09391,Small Practice,Psychiatry,3,585,0.849,0.337,0.226,0.718,0.377,107.42,0.547
C09392,Group Practice,Psychology,6,1093,0.762,0.511,0.217,0.66,0.439,143.28,0.366
C09393,Small Practice,Therapy,3,390,0.617,0.68,0.632,0.42,0.722,116.61,0.639
C09394,Solo Provider,Therapy,1,115,0.788,0.488,0.563,0.935,0.205,63.87,0.567
C09395,Small Practice,Psychology,3,343,0.713,0.574,0.656,0.459,0.536,94.37,0.612
C09396,Small Practice,Counseling,4,574,0.726,0.986,0.574,0.595,0.439,106.5,0.594
C09397,Small Practice,Counseling,2,434,0.72,0.373,0.22,0.396,0.256,83.66,0.679
C09398,Group Practice,Psychiatry,8,616,0.603,1.0,0.529,0.662,0.396,176.19,0.406
C09399,Small Practice,Therapy,4,246,0.809,0.832,0.819,0.67,0.427,104.42,0.609
C09400,Small Practice,Psychology,5,458,0.732,0.86,0.58,0.511,0.26,108.76,0.571
C09401,Small Practice,Psychology,4,331,0.842,0.82,0.358,0.43,0.55,105.99,0.754
C09402,Small Practice,Counseling,5,542,0.872,0.771,0.577,0.27,0.3,123.13,0.641
C09403,Small Practice,Therapy,5,413,0.594,0.825,0.391,0.115,0.729,70.92,0.427
C09404,Solo Provider,Psychology,1,116,0.737,0.593,0.517,0.827,0.513,64.42,0.855
C09405,Small Practice,Psychology,5,454,0.787,0.572,0.645,0.598,0.41,106.47,0.762
C09406,Small Practice,Psychology,5,303,0.886,0.651,0.491,0.539,0.354,91.44,0.912
C09407,Solo Provider,Therapy,1,73,0.731,0.795,0.412,0.723,0.318,70.94,0.751
C09408,Solo Provider,Therapy,1,152,0.752,0.847,0.271,0.669,0.516,70.76,0.874
C09409,Small Practice,Psychology,5,446,0.775,0.692,0.303,0.715,0.339,119.4,0.586
C09410,Small Practice,Therapy,3,268,0.676,0.584,0.46,0.532,0.652,135.95,0.458
C09411,Solo Provider,Psychology,1,86,0.646,0.684,0.493,0.694,0.389,84.53,0.839
C09412,Solo Provider,Therapy,1,104,0.41,0.622,0.5,0.458,0.114,53.05,0.805
C09413,Solo Provider,Counseling,1,147,0.699,0.346,0.422,0.397,0.176,43.85,0.851
C09414,Large Practice,Psychiatry,38,1602,0.832,0.63,1.0,1.0,1.0,336.28,0.27
C09415,Group Practice,Psychiatry,8,644,1.0,0.668,0.613,0.331,0.631,170.77,0.462
C09416,Small Practice,Psychiatry,4,526,0.567,0.517,0.267,0.582,0.66,95.14,0.69
C09417,Solo Provider,Psychiatry,1,85,0.749,0.173,0.721,0.417,0.445,74.09,0.794
C09418,Small Practice,Psychology,4,205,0.379,0.697,0.553,0.484,0.311,99.97,0.746
C09419,Small Practice,Psychology,5,262,0.655,0.621,0.617,0.657,0.323,119.88,0.62
C09420,Large Practice,Psychology,31,2724,0.952,0.939,0.945,1.0,0.963,308.4,0.226
C09421,Solo Provider,Counseling,1,179,0.839,0.793,0.45,0.473,0.266,65.28,0.767
C09422,Solo Provider,Therapy,1,153,0.749,0.67,0.344,0.429,0.352,58.62,0.851
C09423,Small Practice,Counseling,5,518,0.533,0.707,0.595,0.46,0.291,87.23,0.51
C09424,Solo Provider,Psychology,1,131,0.464,0.679,0.542,0.28,0.213,50.27,0.791
C09425,Small Practice,Psychiatry,2,439,0.848,0.613,0.225,0.552,0.335,124.98,0.703
C09426,Small Practice,Counseling,4,279,0.59,0.702,0.64,0.895,0.359,100.67,0.563
C09427,Solo Provider,Psychology,1,173,0.634,0.605,0.49,0.517,0.176,61.83,0.647
C09428,Solo Provider,Therapy,1,156,0.611,0.809,0.563,0.45,0.521,86.83,0.908
C09429,Small Practice,Therapy,4,382,0.669,0.85,0.464,0.754,0.386,96.1,0.652
C09430,Group Practice,Psychology,12,1625,0.761,0.825,0.475,0.869,0.748,199.46,0.49
C09431,Solo Provider,Psychology,1,128,0.621,0.395,0.387,0.714,0.557,55.74,0.682
C09432,Solo Provider,Therapy,1,105,0.409,0.54,0.537,0.001,0.357,67.87,0.942
C09433,Small Practice,Psychology,3,565,0.716,0.854,0.571,0.489,0.544,116.21,0.514
C09434,Solo Provider,Psychology,1,65,0.782,0.686,0.479,0.798,0.53,81.18,0.937
C09435,Small Practice,Counseling,2,357,0.767,0.624,0.598,0.479,0.563,101.06,0.529
C09436,Small Practice,Psychology,5,457,1.0,0.533,0.517,0.21,0.698,126.75,0.569
C09437,Solo Provider,Counseling,1,127,0.555,0.801,0.234,0.586,0.255,84.95,1.0
C09438,Small Practice,Therapy,4,402,1.0,0.54,0.628,0.389,0.554,93.42,0.685
C09439,Small Practice,Counseling,2,448,0.716,0.663,0.75,0.344,0.285,106.77,0.354
C09440,Solo Provider,Psychiatry,1,60,0.823,0.809,0.459,0.387,0.189,54.07,0.856
C09441,Small Practice,Psychology,4,599,0.856,0.584,0.535,0.0,0.416,120.16,0.626
C09442,Group Practice,Counseling,9,1338,0.245,0.607,0.586,0.832,0.505,170.99,0.406
C09443,Small Practice,Counseling,2,541,0.779,0.596,0.638,0.321,0.267,74.31,0.592
C09444,Solo Provider,Therapy,1,157,0.575,0.674,0.374,0.571,0.671,65.28,0.762
C09445,Small Practice,Therapy,3,381,0.653,0.284,0.727,0.417,0.251,105.93,0.63
C09446,Solo Provider,Psychology,1,81,0.659,0.864,0.391,0.367,0.357,76.75,0.782
C09447,Small Practice,Counseling,4,464,0.623,0.346,0.604,0.324,0.404,123.24,0.703
C09448,Small Practice,Psychology,4,255,0.766,0.266,0.329,0.518,0.364,100.92,0.662
C09449,Solo Provider,Therapy,1,170,0.796,0.473,0.49,0.842,0.208,63.81,0.816
C09450,Solo Provider,Therapy,1,82,0.538,0.673,0.342,0.655,0.47,78.29,0.979
C09451,Group Practice,Psychology,6,1251,0.386,0.823,0.662,0.44,0.739,171.47,0.548
C09452,Solo Provider,Psychology,1,109,0.774,0.687,0.435,0.731,0.147,85.24,0.821
C09453,Group Practice,Counseling,14,1544,0.823,0.651,0.505,0.828,0.829,199.39,0.393
C09454,Small Practice,Psychology,4,448,0.643,0.864,0.473,0.368,0.366,93.7,0.633
C09455,Small Practice,Psychiatry,4,517,0.522,0.592,0.536,0.39,0.255,96.25,0.546
C09456,Solo Provider,Therapy,1,176,0.619,0.347,0.27,0.492,0.306,79.03,0.788
C09457,Solo Provider,Counseling,1,177,0.415,0.53,0.512,0.391,0.214,54.47,0.887
C09458,Solo Provider,Counseling,1,66,0.564,0.489,0.712,0.312,0.332,71.99,0.782
C09459,Small Practice,Therapy,5,244,0.569,0.789,0.892,0.458,0.34,104.04,0.895
C09460,Large Practice,Psychiatry,40,2104,0.727,0.723,1.0,1.0,0.861,336.41,0.277
C09461,Group Practice,Psychiatry,14,1114,0.503,0.777,0.672,0.558,0.649,174.92,0.494
C09462,Solo Provider,Psychology,1,116,0.524,0.858,0.231,0.49,0.487,63.77,1.0
C09463,Solo Provider,Counseling,1,60,1.0,0.445,0.553,0.393,0.614,59.33,0.791
C09464,Solo Provider,Therapy,1,98,0.634,0.416,0.417,0.684,0.346,66.43,0.761
C09465,Large Practice,Counseling,31,2762,1.0,0.64,1.0,1.0,0.746,324.0,0.172
C09466,Solo Provider,Therapy,1,178,0.577,0.579,0.35,0.001,0.333,68.66,0.792
C09467,Solo Provider,Counseling,1,116,0.607,0.746,0.598,0.312,0.069,78.8,1.0
C09468,Small Practice,Psychology,4,432,0.648,0.64,0.378,0.445,0.401,128.92,0.506
C09469,Small Practice,Therapy,2,341,0.381,0.809,0.417,0.593,0.383,97.07,0.61
C09470,Solo Provider,Psychology,1,157,0.757,0.851,0.348,0.589,0.295,56.55,0.761
C09471,Small Practice,Psychiatry,5,273,0.513,0.441,0.385,0.172,0.294,98.73,0.598
C09472,Solo Provider,Psychiatry,1,68,0.69,0.712,0.42,0.538,0.395,59.26,0.76
C09473,Solo Provider,Therapy,1,142,0.719,0.447,0.121,0.381,0.276,58.68,0.81
C09474,Solo Provider,Psychology,1,82,0.705,0.803,0.43,0.345,0.299,46.06,0.866
C09475,Solo Provider,Counseling,1,100,0.791,0.54,0.62,0.548,0.449,83.14,0.885
C09476,Large Practice,Psychology,39,3486,0.549,0.772,0.823,0.755,1.0,314.91,0.418
C09477,Small Practice,Counseling,5,181,0.783,0.555,0.584,0.572,0.287,85.43,0.758
C09478,Small Practice,Psychiatry,4,179,0.788,1.0,0.236,0.517,0.06,89.49,0.63
C09479,Solo Provider,Psychology,1,169,0.904,0.796,0.404,0.624,0.372,69.52,0.692
C09480,Small Practice,Counseling,3,554,1.0,0.881,0.598,0.227,0.428,109.79,0.791
C09481,Large Practice,Psychiatry,26,4399,0.774,0.833,0.581,1.0,0.939,294.44,0.417
C09482,Solo Provider,Psychology,1,128,0.78,0.781,0.439,0.376,0.201,52.81,0.787
C09483,Large Practice,Therapy,24,4781,0.92,0.942,0.757,1.0,0.754,294.03,0.262
C09484,Small Practice,Psychology,2,301,0.649,0.891,0.53,0.589,0.352,103.32,0.618
C09485,Small Practice,Counseling,3,529,0.751,0.759,0.225,0.365,0.312,100.48,0.693
C09486,Solo Provider,Counseling,1,164,0.648,0.669,0.731,0.518,0.089,79.2,0.848
C09487,Small Practice,Psychiatry,3,287,0.651,0.603,0.608,0.56,0.486,109.26,0.593
C09488,Small Practice,Psychology,4,424,0.668,0.455,0.388,0.304,0.187,99.18,0.556
C09489,Large Practice,Psychology,22,4715,0.825,0.567,0.553,0.824,0.743,263.84,0.286
C09490,Group Practice,Counseling,6,924,0.801,0.433,0.264,0.596,0.336,155.54,0.524
C09491,Solo Provider,Counseling,1,79,0.543,0.675,0.459,0.505,0.205,55.65,0.92
C09492,Group Practice,Counseling,10,646,0.442,0.805,0.675,0.568,0.28,148.56,0.455
C09493,Group Practice,Counseling,8,1391,0.817,0.613,0.539,0.829,0.513,170.9,0.621
C09494,Small Practice,Psychiatry,5,422,0.676,0.711,0.4,0.601,0.486,87.04,0.662
C09495,Solo Provider,Psychiatry,1,96,0.745,0.728,0.691,0.498,0.469,68.88,0.876
C09496,Solo Provider,Psychiatry,1,101,0.7,0.507,0.097,0.384,0.16,47.41,0.649
C09497,Solo Provider,Psychiatry,1,74,0.525,0.741,0.182,0.561,0.469,57.56,0.688
C09498,Solo Provider,Counseling,1,71,0.559,0.739,0.507,0.647,0.343,55.19,0.646
C09499,Large Practice,Counseling,16,4019,0.57,0.543,0.618,0.665,0.356,257.39,0.38
C09500,Solo Provider,Counseling,1,147,0.616,0.554,0.408,0.586,0.342,66.47,0.827
C09501,Small Practice,Psychology,4,177,0.457,0.895,0.601,0.765,0.346,100.4,0.683
C09502,Small Practice,Therapy,3,538,0.929,0.932,0.722,0.542,0.514,112.65,0.702
C09503,Small Practice,Therapy,2,516,0.584,0.373,0.545,0.337,0.259,110.58,0.606
C09504,Solo Provider,Psychiatry,1,81,0.69,0.491,0.28,0.482,0.336,64.18,0.683
C09505,Small Practice,Psychology,3,430,0.538,0.895,0.319,0.513,0.461,119.65,0.832
C09506,Small Practice,Psychiatry,3,446,0.538,0.477,0.423,0.95,0.478,108.78,0.644
C09507,Small Practice,Psychology,2,372,0.608,0.663,0.445,0.4,0.348,99.55,0.685
C09508,Solo Provider,Counseling,1,86,0.606,0.691,0.285,0.498,0.136,81.72,0.847
C09509,Small Practice,Psychiatry,3,322,0.641,0.824,0.271,0.609,0.784,105.13,0.692
C09510,Solo Provider,Counseling,1,145,0.649,0.698,0.457,0.429,0.343,73.8,0.632
C09511,Small Practice,Psychology,4,374,0.848,0.772,0.455,0.606,0.481,122.01,0.618
C09512,Solo Provider,Counseling,1,101,0.513,0.827,0.512,0.254,0.032,47.08,0.749
C09513,Solo Provider,Therapy,1,179,0.688,0.439,0.29,0.162,0.158,46.98,0.753
C09514,Group Practice,Psychiatry,8,774,0.648,0.358,0.524,0.673,0.136,167.38,0.57
C09515,Solo Provider,Counseling,1,61,0.769,0.569,0.453,0.427,0.49,71.64,0.72
C09516,Group Practice,Counseling,11,1153,0.732,0.661,0.676,0.513,0.22,162.73,0.35
C09517,Group Practice,Psychology,11,1541,0.563,0.509,0.727,0.697,0.727,163.91,0.439
C09518,Solo Provider,Therapy,1,111,1.0,0.759,0.376,0.658,0.397,74.59,0.922
C09519,Solo Provider,Therapy,1,68,0.741,0.824,0.346,0.521,0.187,64.64,0.848
C09520,Solo Provider,Psychiatry,1,170,0.795,0.831,0.365,0.544,0.402,56.98,0.735
C09521,Group Practice,Counseling,8,911,0.637,0.574,0.532,0.682,0.423,171.16,0.372
C09522,Small Practice,Psychiatry,3,457,0.769,0.538,0.331,0.372,0.453,92.81,0.703
C09523,Solo Provider,Counseling,1,72,0.519,0.638,0.568,0.397,0.525,58.31,0.695
C09524,Small Practice,Psychology,2,182,0.723,0.605,0.519,0.562,0.564,99.84,0.657
C09525,Solo Provider,Therapy,1,77,0.76,0.33,0.259,0.664,0.287,68.87,0.72
C09526,Small Practice,Psychology,3,379,0.843,0.575,0.686,0.476,0.543,97.08,0.659
C09527,Small Practice,Psychiatry,3,153,0.716,0.633,0.378,0.78,0.441,107.76,0.43
C09528,Solo Provider,Therapy,1,171,0.4,0.522,0.604,0.539,0.392,55.98,0.68
C09529,Group Practice,Psychology,9,756,0.417,0.189,0.897,0.484,0.554,172.47,0.563
C09530,Solo Provider,Therapy,1,147,0.685,0.715,0.772,0.521,0.149,55.87,0.69
C09531,Small Practice,Counseling,5,331,0.519,0.542,0.499,0.727,0.304,108.11,0.708
C09532,Small Practice,Counseling,4,312,0.341,0.326,0.279,0.776,0.304,96.9,0.532
C09533,Large Practice,Counseling,37,4044,0.596,0.528,1.0,0.983,1.0,320.57,0.252
C09534,Solo Provider,Therapy,1,91,0.739,0.422,0.682,0.687,0.48,104.72,0.997
C09535,Group Practice,Counseling,12,1392,0.704,0.777,0.72,0.236,0.522,181.32,0.358
C09536,Solo Provider,Psychiatry,1,60,0.764,0.649,0.356,0.416,0.641,105.94,0.556
C09537,Group Practice,Psychology,7,1116,0.672,0.763,0.535,0.552,0.405,175.04,0.381
C09538,Solo Provider,Therapy,1,118,0.707,0.574,0.756,0.694,0.255,75.29,0.929
C09539,Small Practice,Counseling,3,309,0.841,0.389,0.579,0.524,0.694,116.23,0.556
C09540,Solo Provider,Psychiatry,1,87,0.516,1.0,0.55,0.422,0.584,76.39,0.976
C09541,Large Practice,Psychology,31,2500,0.524,0.467,0.72,1.0,1.0,315.71,0.188
C09542,Large Practice,Psychiatry,31,4168,0.609,0.73,0.9,0.559,0.85,275.11,0.158
C09543,Solo Provider,Counseling,1,133,0.682,0.4,0.471,0.522,0.47,75.61,0.778
C09544,Small Practice,Psychology,4,282,0.463,0.963,0.693,0.495,0.274,95.63,0.734
C09545,Small Practice,Psychiatry,3,536,0.646,0.865,0.714,0.852,0.366,108.24,0.633
C09546,Solo Provider,Psychiatry,1,163,0.603,0.528,0.399,0.831,0.239,74.31,0.822
C09547,Small Practice,Therapy,5,360,0.745,0.6,0.378,0.408,0.438,102.99,0.619
C09548,Small Practice,Psychiatry,5,501,0.602,0.718,0.681,0.25,0.466,110.21,0.794
C09549,Small Practice,Counseling,2,508,0.792,0.556,0.613,0.604,0.672,113.09,0.64
C09550,Solo Provider,Counseling,1,130,0.716,0.497,0.664,0.552,0.373,87.58,0.891
C09551,Group Practice,Counseling,13,1605,0.573,0.776,0.789,0.641,0.488,172.97,0.568
C09552,Solo Provider,Therapy,1,102,0.762,0.525,0.472,0.249,0.213,92.05,0.619
C09553,Small Practice,Psychiatry,3,531,0.833,0.514,0.138,0.581,0.791,128.0,0.572
C09554,Solo Provider,Counseling,1,82,0.539,0.339,0.347,0.697,0.065,60.66,0.849
C09555,Solo Provider,Psychiatry,1,148,0.601,0.561,0.438,0.527,0.614,68.8,0.758
C09556,Solo Provider,Therapy,1,150,0.551,0.939,0.34,0.592,0.328,90.85,0.8
C09557,Solo Provider,Psychiatry,1,170,0.739,0.524,0.326,0.727,0.435,82.44,0.749
C09558,Small Practice,Counseling,3,307,0.568,0.624,0.45,0.237,0.326,90.11,0.706
C09559,Small Practice,Counseling,2,152,0.546,0.701,0.553,0.763,0.337,110.02,0.624
C09560,Small Practice,Therapy,5,265,0.794,0.781,0.364,0.37,0.353,125.37,0.478
C09561,Small Practice,Counseling,3,537,0.873,0.465,0.657,0.737,0.144,123.28,0.639
C09562,Solo Provider,Psychology,1,82,0.835,0.697,0.598,0.727,0.34,69.03,0.8
C09563,Solo Provider,Counseling,1,152,0.514,0.776,0.477,0.726,0.66,70.1,0.746
C09564,Small Practice,Psychology,2,158,0.918,0.403,0.532,0.272,0.607,92.96,0.723
C09565,Small Practice,Psychology,2,542,0.58,0.672,0.15,0.631,0.333,84.02,0.628
C09566,Small Practice,Psychology,5,353,0.618,0.882,0.586,0.412,0.106,71.57,0.846
C09567,Solo Provider,Psychology,1,165,0.774,0.614,0.379,0.642,0.532,84.63,0.91
C09568,Group Practice,Counseling,13,841,0.654,0.378,0.543,0.548,0.593,192.15,0.478
C09569,Solo Provider,Psychology,1,119,0.696,0.791,0.412,0.862,0.273,74.11,0.735
C09570,Small Practice,Therapy,2,428,0.584,0.598,0.426,0.35,0.304,109.7,0.582
C09571,Solo Provider,Therapy,1,107,0.625,0.987,0.738,0.806,0.302,101.06,0.904
C09572,Small Practice,Psychiatry,5,229,0.668,0.572,0.558,0.871,0.45,111.08,0.594
C09573,Solo Provider,Psychiatry,1,143,0.878,0.141,0.523,0.474,0.271,70.68,0.624
C09574,Small Practice,Counseling,2,166,0.769,0.447,0.195,0.316,0.352,93.43,0.468
C09575,Solo Provider,Therapy,1,106,0.746,0.201,0.358,0.482,0.339,56.89,0.931
C09576,Small Practice,Counseling,3,591,0.645,0.737,0.742,0.536,0.634,94.51,0.659
C09577,Solo Provider,Therapy,1,136,0.867,0.646,0.68,0.652,0.508,64.0,0.724
C09578,Small Practice,Psychiatry,5,320,0.496,0.455,0.412,0.352,0.424,93.69,0.652
C09579,Solo Provider,Psychiatry,1,116,0.575,0.691,0.428,0.529,0.234,73.06,0.842
C09580,Solo Provider,Psychology,1,173,0.504,0.567,0.216,0.652,0.701,68.21,0.89
C09581,Small Practice,Therapy,4,265,0.785,0.422,0.518,0.544,0.388,104.63,0.607
C09582,Solo Provider,Counseling,1,149,0.587,0.699,0.458,0.514,0.513,66.46,0.789
C09583,Solo Provider,Therapy,1,129,0.797,0.968,0.394,0.589,0.329,69.33,0.705
C09584,Group Practice,Counseling,10,1349,0.575,0.851,0.541,0.544,0.642,167.97,0.477
C09585,Group Practice,Psychology,7,1589,0.957,0.681,0.836,0.5,0.526,161.35,0.327
C09586,Group Practice,Counseling,12,1301,0.95,0.692,0.793,0.989,0.709,195.14,0.541
C09587,Solo Provider,Counseling,1,142,0.755,0.855,0.417,0.63,0.432,54.38,0.768
C09588,Small Practice,Counseling,2,443,0.768,0.47,0.502,0.575,0.553,111.49,0.681
C09589,Small Practice,Psychiatry,2,184,0.654,0.626,0.413,0.484,0.464,104.53,0.705
C09590,Solo Provider,Psychiatry,1,106,0.747,0.888,0.662,0.538,0.602,77.89,0.942
C09591,Small Practice,Psychology,5,344,0.646,0.666,0.479,0.394,0.285,94.63,0.608
C09592,Solo Provider,Psychology,1,69,0.826,0.837,0.554,0.154,0.339,79.5,0.845
C09593,Group Practice,Counseling,8,1644,0.702,0.678,0.643,0.496,0.379,176.51,0.538
C09594,Small Practice,Psychiatry,3,288,0.465,0.265,0.484,0.529,0.367,99.54,0.74
C09595,Solo Provider,Psychiatry,1,61,0.404,1.0,0.088,0.419,0.218,43.07,0.849
C09596,Solo Provider,Therapy,1,87,0.653,0.78,0.106,0.478,0.473,68.36,0.687
C09597,Solo Provider,Therapy,1,124,0.742,0.695,0.411,0.636,0.42,62.89,0.829
C09598,Solo Provider,Counseling,1,178,0.772,0.523,0.681,0.858,0.262,77.92,0.718
C09599,Small Practice,Counseling,4,359,0.695,0.754,0.616,0.417,0.294,82.5,0.463
C09600,Small Practice,Psychology,5,444,0.65,0.794,0.617,0.64,0.411,95.89,0.873
C09601,Small Practice,Psychiatry,3,215,0.751,0.455,0.45,0.291,0.353,98.34,0.798
C09602,Solo Provider,Therapy,1,155,0.99,0.906,0.244,0.317,0.583,51.73,0.79
C09603,Small Practice,Therapy,3,582,0.931,0.919,0.57,0.738,0.482,124.86,0.554
C09604,Solo Provider,Psychology,1,114,0.978,0.588,0.43,0.328,0.477,77.25,0.99
C09605,Solo Provider,Psychology,1,122,0.713,0.569,0.367,0.721,0.274,102.93,0.592
C09606,Group Practice,Psychiatry,12,1172,0.644,0.531,0.713,0.449,0.473,166.19,0.493
C09607,Small Practice,Therapy,3,180,0.621,0.6,0.459,0.491,0.447,104.66,0.581
C09608,Small Practice,Therapy,5,518,0.682,0.536,0.254,0.612,0.6,92.45,0.676
C09609,Large Practice,Psychology,23,3190,0.827,0.725,0.819,0.921,0.865,303.67,0.313
C09610,Solo Provider,Psychology,1,144,0.893,0.788,0.482,0.52,0.48,71.18,0.744
C09611,Group Practice,Psychiatry,10,512,0.689,0.502,0.568,0.553,0.691,183.47,0.566
C09612,Small Practice,Psychology,3,446,0.79,0.808,0.446,0.667,0.545,119.67,0.488
C09613,Small Practice,Counseling,2,202,0.495,0.679,0.422,0.669,0.478,92.06,0.704
C09614,Solo Provider,Psychology,1,91,0.641,0.595,0.562,0.746,0.45,67.22,0.717
C09615,Solo Provider,Psychiatry,1,99,0.874,0.631,0.566,0.247,0.286,35.32,0.873
C09616,Solo Provider,Therapy,1,63,0.863,0.719,0.478,0.165,0.51,63.36,0.996
C09617,Solo Provider,Counseling,1,77,0.656,0.785,0.617,0.61,0.329,56.53,0.91
C09618,Solo Provider,Psychology,1,123,0.877,0.887,0.406,0.811,0.518,72.51,0.8
C09619,Small Practice,Psychiatry,2,536,0.604,0.911,0.396,0.943,0.431,122.57,0.518
C09620,Small Practice,Therapy,4,333,0.42,0.991,0.921,0.638,0.519,120.75,0.697
C09621,Solo Provider,Counseling,1,95,0.7,0.616,0.466,0.308,0.514,75.0,0.811
C09622,Small Practice,Counseling,4,368,0.361,0.733,0.635,0.404,0.423,107.15,0.617
C09623,Group Practice,Psychiatry,10,1759,0.44,0.475,0.694,0.696,0.889,161.16,0.453
C09624,Small Practice,Psychiatry,2,199,0.857,0.513,0.608,0.579,0.259,93.4,0.682
C09625,Small Practice,Psychology,2,443,0.678,0.773,0.477,0.419,0.471,89.88,0.631
C09626,Small Practice,Counseling,5,412,0.67,0.986,0.663,0.702,0.179,120.01,0.726
C09627,Solo Provider,Psychology,1,64,0.458,0.5,0.353,0.696,0.552,54.94,0.726
C09628,Solo Provider,Therapy,1,137,0.455,0.522,0.37,0.511,0.458,56.67,0.823
C09629,Group Practice,Therapy,14,1619,0.576,0.57,0.622,0.797,0.739,189.53,0.367
C09630,Small Practice,Therapy,4,540,0.679,0.586,0.661,0.658,0.416,88.82,0.558
C09631,Small Practice,Psychiatry,3,376,0.792,0.461,0.643,0.479,0.143,96.88,0.699
C09632,Large Practice,Psychiatry,29,2429,0.826,0.922,0.973,0.778,0.612,296.08,0.362
C09633,Solo Provider,Psychology,1,166,0.583,0.557,0.69,0.674,0.538,76.77,0.906
C09634,Solo Provider,Counseling,1,131,0.716,0.768,0.448,0.557,0.452,81.33,0.897
C09635,Small Practice,Therapy,5,341,0.502,0.927,0.574,0.51,0.161,108.9,0.721
C09636,Solo Provider,Counseling,1,111,0.659,0.719,0.677,0.297,0.537,55.37,0.707
C09637,Small Practice,Psychiatry,4,232,0.905,0.51,0.489,0.297,0.5,97.67,0.565
C09638,Group Practice,Psychology,9,928,0.598,0.726,0.632,0.649,0.359,169.46,0.468
C09639,Small Practice,Therapy,5,308,0.808,0.423,0.427,0.558,0.668,112.29,0.469
C09640,Solo Provider,Psychiatry,1,161,0.814,0.521,0.434,0.359,0.305,68.12,0.863
C09641,Small Practice,Counseling,2,214,0.834,1.0,0.361,0.613,0.394,96.69,0.759
C09642,Solo Provider,Therapy,1,107,0.851,0.631,0.43,0.539,0.392,68.92,0.71
C09643,Group Practice,Psychiatry,10,1251,0.525,0.735,0.753,0.615,0.495,165.36,0.451
C09644,Solo Provider,Psychology,1,134,0.956,0.627,0.467,0.353,0.429,65.29,0.695
C09645,Group Practice,Psychology,13,1006,0.704,0.679,0.532,0.565,0.481,173.39,0.517
C09646,Solo Provider,Psychiatry,1,178,0.907,0.907,0.473,0.774,0.585,67.79,0.84
C09647,Solo Provider,Psychiatry,1,108,0.734,0.553,0.767,0.621,0.189,69.35,0.841
C09648,Small Practice,Counseling,2,408,0.675,0.424,0.64,0.83,0.324,116.9,0.636
C09649,Solo Provider,Therapy,1,77,0.629,0.804,0.455,0.375,0.281,64.23,0.796
C09650,Solo Provider,Psychiatry,1,102,0.729,0.253,0.566,0.643,0.253,60.33,0.806
C09651,Group Practice,Psychiatry,13,1785,0.661,0.625,0.567,0.7,0.811,185.27,0.496
C09652,Group Practice,Counseling,10,802,0.872,0.809,0.662,0.693,0.63,174.13,0.567
C09653,Solo Provider,Counseling,1,114,0.679,0.813,0.481,0.528,0.499,82.19,0.706
C09654,Small Practice,Counseling,3,478,0.645,0.368,0.426,0.633,0.433,106.39,0.626
C09655,Group Practice,Therapy,11,1025,0.539,0.847,0.702,0.386,0.791,167.98,0.422
C09656,Group Practice,Therapy,7,1278,0.465,0.563,0.443,0.394,0.428,152.2,0.602
C09657,Solo Provider,Psychiatry,1,77,0.785,0.975,0.493,0.59,0.494,53.84,0.849
C09658,Solo Provider,Psychiatry,1,103,0.585,0.777,0.384,0.291,0.327,68.09,0.855
C09659,Group Practice,Therapy,12,1476,0.423,0.687,0.436,0.739,0.622,163.53,0.395
C09660,Solo Provider,Counseling,1,129,0.744,0.482,0.686,0.519,0.271,76.81,0.906
C09661,Solo Provider,Counseling,1,86,0.788,0.695,0.297,0.331,0.308,65.64,0.602
C09662,Small Practice,Psychiatry,3,152,0.708,0.932,0.323,0.559,0.233,87.3,0.777
C09663,Solo Provider,Counseling,1,148,0.555,0.706,0.542,0.659,0.207,60.91,0.681
C09664,Group Practice,Psychology,6,1148,0.701,0.844,0.415,0.529,0.446,171.53,0.437
C09665,Solo Provider,Psychology,1,113,0.886,0.544,0.395,0.563,0.418,69.74,0.908
C09666,Small Practice,Counseling,3,551,0.962,0.71,0.602,0.268,0.383,103.2,0.763
C09667,Large Practice,Therapy,37,3741,0.417,0.627,1.0,0.946,1.0,311.99,0.268
C09668,Large Practice,Therapy,19,3708,0.776,0.791,0.842,0.672,0.724,276.11,0.174
C09669,Group Practice,Psychiatry,8,1771,0.474,0.687,0.651,0.391,0.578,182.3,0.434
C09670,Group Practice,Counseling,6,1242,0.365,0.996,0.678,0.675,0.409,171.97,0.502
C09671,Solo Provider,Psychology,1,132,0.756,0.752,0.578,0.185,0.327,59.5,0.802
C09672,Large Practice,Psychiatry,40,2953,0.945,0.678,1.0,1.0,0.837,314.14,0.214
C09673,Group Practice,Therapy,14,1792,0.643,0.638,0.636,0.625,0.917,208.08,0.462
C09674,Small Practice,Psychology,3,545,0.534,0.812,0.52,0.644,0.676,113.79,0.669
C09675,Solo Provider,Psychiatry,1,112,0.65,0.675,0.505,0.596,0.412,87.69,0.645
C09676,Solo Provider,Psychiatry,1,102,0.938,0.502,0.39,0.478,0.306,78.47,0.836
C09677,Small Practice,Counseling,4,213,0.63,0.542,0.625,0.369,0.523,98.98,0.626
C09678,Small Practice,Psychology,4,213,0.74,0.86,0.332,0.596,0.497,111.99,0.597
C09679,Solo Provider,Therapy,1,163,0.834,0.683,0.548,0.468,0.49,80.11,0.629
C09680,Solo Provider,Therapy,1,155,0.587,0.51,0.708,0.578,0.14,44.28,0.778
C09681,Small Practice,Psychiatry,4,477,0.696,0.76,0.514,0.819,0.439,117.64,0.459
C09682,Solo Provider,Therapy,1,136,0.716,0.619,0.623,0.654,0.238,86.88,0.827
C09683,Large Practice,Psychiatry,29,1526,0.507,0.721,0.838,0.854,0.728,286.12,0.334
C09684,Solo Provider,Psychiatry,1,159,0.903,0.684,0.322,0.384,0.395,59.41,0.832
C09685,Solo Provider,Counseling,1,84,0.67,0.755,0.626,0.511,0.46,74.84,0.8
C09686,Solo Provider,Psychiatry,1,63,0.759,0.896,0.52,0.583,0.234,43.9,0.834
C09687,Group Practice,Psychiatry,7,1337,0.916,0.554,0.519,0.746,0.353,159.98,0.497
C09688,Group Practice,Psychology,10,970,0.664,0.154,0.442,0.604,0.81,166.74,0.426
C09689,Solo Provider,Psychology,1,81,0.747,0.095,0.656,0.617,0.292,69.64,0.872
C09690,Solo Provider,Therapy,1,127,0.782,0.634,0.49,0.606,0.311,54.26,0.787
C09691,Solo Provider,Therapy,1,123,0.507,0.344,0.52,0.459,0.191,47.3,0.762
C09692,Solo Provider,Therapy,1,167,0.848,0.889,0.442,0.482,0.097,80.31,0.654
C09693,Small Practice,Counseling,2,394,0.869,0.311,0.469,0.229,0.061,110.15,0.56
C09694,Solo Provider,Therapy,1,106,0.579,0.875,0.426,0.721,0.47,66.44,0.932
C09695,Small Practice,Counseling,3,564,0.718,1.0,0.63,0.512,0.709,104.02,0.862
C09696,Solo Provider,Psychiatry,1,168,0.643,0.367,0.492,0.0,0.38,56.7,0.795
C09697,Solo Provider,Counseling,1,94,0.668,0.572,0.209,0.274,0.359,69.75,0.795
C09698,Solo Provider,Therapy,1,168,0.539,0.594,0.135,0.542,0.454,66.7,0.932
C09699,Solo Provider,Psychiatry,1,109,0.531,0.525,0.437,0.392,0.192,71.12,0.739
C09700,Solo Provider,Therapy,1,138,0.828,0.508,0.671,0.571,0.428,41.78,0.794
C09701,Solo Provider,Counseling,1,167,0.907,0.705,0.312,0.864,0.371,60.82,0.763
C09702,Solo Provider,Psychology,1,171,0.459,0.569,0.446,0.606,0.095,45.96,0.719
C09703,Large Practice,Therapy,20,2990,0.801,0.306,0.708,0.978,0.82,281.6,0.265
C09704,Solo Provider,Psychology,1,131,0.819,0.967,0.4,0.743,0.285,69.21,0.74
C09705,Solo Provider,Counseling,1,69,0.813,0.633,0.389,0.366,0.457,69.86,0.804
C09706,Solo Provider,Psychology,1,61,0.759,0.901,0.633,0.639,0.345,67.01,0.672
C09707,Small Practice,Counseling,4,439,0.597,0.752,0.52,0.395,0.626,107.69,0.694
C09708,Group Practice,Psychiatry,10,1419,0.582,0.538,0.546,0.709,0.58,164.41,0.763
C09709,Small Practice,Psychiatry,4,489,0.66,0.73,0.64,0.588,0.477,128.09,0.614
C09710,Small Practice,Counseling,2,163,0.23,0.542,0.837,0.323,0.458,103.37,0.57
C09711,Group Practice,Psychology,6,1759,0.631,0.88,0.702,0.626,0.447,159.32,0.428
C09712,Solo Provider,Psychology,1,176,0.788,0.712,0.527,0.684,0.365,51.87,0.934
C09713,Group Practice,Counseling,15,675,0.695,0.523,0.658,0.949,0.521,178.31,0.46
C09714,Small Practice,Psychology,4,439,0.888,0.702,0.456,0.478,0.439,115.99,0.705
C09715,Solo Provider,Therapy,1,65,0.544,0.563,0.682,0.597,0.39,41.38,0.878
C09716,Solo Provider,Therapy,1,151,1.0,0.664,0.507,0.457,0.225,77.38,0.75
C09717,Solo Provider,Counseling,1,66,0.785,0.493,0.37,0.408,0.393,63.53,0.78
C09718,Solo Provider,Therapy,1,70,0.944,0.704,0.387,0.377,0.31,83.46,0.917
C09719,Group Practice,Psychology,12,1136,0.634,0.349,0.388,0.667,0.519,169.57,0.414
C09720,Solo Provider,Psychiatry,1,130,0.748,0.673,0.621,0.954,0.207,92.59,0.676
C09721,Small Practice,Psychology,3,207,0.821,0.448,0.336,0.683,0.216,109.02,0.794
C09722,Large Practice,Therapy,38,2704,0.934,0.748,0.99,0.972,0.744,327.87,0.167
C09723,Solo Provider,Psychiatry,1,67,0.92,0.722,0.286,0.337,0.245,64.18,0.742
C09724,Solo Provider,Psychology,1,168,0.878,0.763,0.654,0.581,0.305,79.0,0.661
C09725,Small Practice,Therapy,5,153,0.819,0.541,0.77,0.838,0.309,93.88,0.683
C09726,Group Practice,Psychiatry,7,1373,0.569,0.541,0.514,0.452,0.499,176.18,0.297
C09727,Solo Provider,Counseling,1,130,0.676,0.574,0.619,0.456,0.587,60.04,0.836
C09728,Solo Provider,Therapy,1,176,0.668,0.642,0.575,0.541,0.335,73.61,0.724
C09729,Small Practice,Psychology,2,441,0.592,0.465,0.634,0.271,0.458,90.35,0.652
C09730,Group Practice,Therapy,13,617,0.703,0.553,0.558,0.825,0.561,175.04,0.451
C09731,Solo Provider,Psychology,1,144,0.883,0.689,0.679,0.42,0.506,66.65,0.762
C09732,Solo Provider,Therapy,1,114,0.91,0.585,0.322,0.203,0.369,85.63,0.697
C09733,Large Practice,Psychology,38,4509,0.25,0.944,0.903,1.0,1.0,340.03,0.434
C09734,Solo Provider,Psychiatry,1,65,0.543,0.796,0.482,0.627,0.316,52.23,0.889
C09735,Solo Provider,Psychology,1,73,0.994,1.0,0.194,0.778,0.107,56.43,0.858
C09736,Small Practice,Therapy,5,326,0.512,0.723,0.497,0.515,0.494,114.17,0.479
C09737,Solo Provider,Psychology,1,163,0.468,0.772,0.372,0.503,0.417,65.27,0.793
C09738,Solo Provider,Psychology,1,153,0.788,0.6,0.618,0.707,0.28,78.09,0.744
C09739,Small Practice,Therapy,2,527,0.865,0.488,0.436,0.385,0.606,89.24,0.692
C09740,Small Practice,Psychiatry,3,214,0.558,0.578,0.58,0.431,0.418,77.54,0.681
C09741,Small Practice,Psychology,5,366,0.628,0.49,0.587,0.501,0.548,118.2,0.7
C09742,Solo Provider,Psychology,1,153,0.667,1.0,0.308,0.626,0.52,82.5,0.847
C09743,Small Practice,Psychology,5,291,0.772,0.69,0.314,0.523,0.212,104.11,0.713
C09744,Small Practice,Counseling,3,292,0.529,0.668,0.515,0.878,0.375,106.39,0.595
C09745,Group Practice,Psychiatry,14,1297,0.829,0.767,0.625,0.631,0.826,185.85,0.408
C09746,Small Practice,Counseling,2,290,0.466,0.855,0.176,0.798,0.348,111.79,0.687
C09747,Small Practice,Counseling,2,252,0.79,0.466,0.384,0.598,0.448,117.96,0.686
C09748,Group Practice,Psychology,8,1238,0.941,0.661,0.66,0.721,0.418,156.99,0.471
C09749,Group Practice,Therapy,7,1779,0.711,0.747,0.536,0.887,0.221,157.16,0.332
C09750,Solo Provider,Psychiatry,1,77,0.694,0.51,0.289,0.426,0.147,62.31,0.836
C09751,Large Practice,Therapy,19,2308,0.831,0.41,0.654,0.766,0.702,274.84,0.144
C09752,Group Practice,Psychology,11,670,0.984,0.757,0.836,0.472,0.311,182.06,0.583
C09753,Solo Provider,Psychiatry,1,124,0.869,0.842,0.533,0.366,0.216,59.35,0.597
C09754,Solo Provider,Counseling,1,73,0.698,0.632,0.467,0.15,0.398,52.48,0.953
C09755,Small Practice,Psychology,3,469,0.464,0.536,0.439,0.568,0.519,95.32,0.553
C09756,Solo Provider,Psychiatry,1,147,0.785,0.579,0.428,0.732,0.382,79.15,0.968
C09757,Small Practice,Therapy,2,419,0.531,0.619,0.631,0.286,0.293,89.53,0.566
C09758,Small Practice,Therapy,5,330,0.728,0.68,0.315,0.679,0.589,99.35,0.625
C09759,Solo Provider,Psychology,1,78,0.822,0.89,0.521,0.388,0.209,46.84,0.856
C09760,Solo Provider,Counseling,1,130,0.732,0.932,0.637,0.577,0.055,64.57,0.554
C09761,Group Practice,Psychiatry,15,1212,0.566,0.805,0.721,0.582,0.558,192.89,0.282
C09762,Solo Provider,Therapy,1,161,0.602,0.803,0.431,0.462,0.051,66.58,0.829
C09763,Small Practice,Psychiatry,2,374,0.762,0.877,0.353,0.569,0.446,94.52,0.522
C09764,Solo Provider,Counseling,1,80,0.535,0.579,0.361,0.509,0.462,75.05,0.859
C09765,Solo Provider,Psychology,1,145,0.66,0.557,0.28,0.631,0.514,72.04,0.925
C09766,Small Practice,Therapy,5,288,0.537,0.409,0.231,0.735,0.497,103.45,0.884
C09767,Solo Provider,Therapy,1,152,0.754,0.758,0.364,0.505,0.484,58.0,0.959
C09768,Small Practice,Therapy,4,500,0.714,0.6,0.662,0.936,0.477,96.36,0.572
C09769,Small Practice,Counseling,2,575,0.842,0.613,0.519,0.856,0.483,91.65,0.656
C09770,Solo Provider,Counseling,1,77,0.821,0.75,0.589,0.299,0.363,49.3,0.858
C09771,Solo Provider,Psychiatry,1,65,0.863,0.534,0.624,0.517,0.382,61.57,0.898
C09772,Small Practice,Psychology,5,546,0.66,0.709,0.577,0.614,0.328,106.03,0.698
C09773,Small Practice,Therapy,4,172,0.833,0.743,0.483,0.487,0.388,116.7,0.678
C09774,Small Practice,Psychology,4,200,0.625,0.874,0.424,0.404,0.582,108.41,0.7
C09775,Small Practice,Psychiatry,3,248,0.657,0.656,0.509,0.481,0.354,94.54,0.562
C09776,Solo Provider,Counseling,1,170,0.634,0.314,0.555,0.557,0.59,57.75,0.668
C09777,Solo Provider,Psychiatry,1,104,0.519,0.641,0.428,0.772,0.36,71.46,0.794
C09778,Small Practice,Counseling,3,382,0.623,0.452,0.592,0.653,0.277,102.93,0.624
C09779,Small Practice,Psychology,2,365,0.78,0.457,0.226,0.534,0.477,103.26,0.74
C09780,Group Practice,Psychiatry,15,1227,0.977,0.661,0.536,0.844,0.663,212.05,0.653
C09781,Solo Provider,Counseling,1,131,0.64,0.43,0.39,0.119,0.373,58.61,0.898
C09782,Small Practice,Counseling,2,447,0.816,0.919,0.505,0.487,0.3,93.63,0.81
C09783,Small Practice,Psychiatry,5,200,0.65,0.5,0.589,0.602,0.191,81.14,0.72
C09784,Solo Provider,Psychiatry,1,89,0.487,0.703,0.546,0.676,0.153,52.42,0.852
C09785,Small Practice,Psychology,5,312,0.409,0.744,0.721,0.512,0.454,112.06,0.712
C09786,Small Practice,Therapy,4,294,0.517,0.577,0.527,0.467,0.437,98.04,0.751
C09787,Solo Provider,Psychiatry,1,69,0.535,0.74,0.649,0.561,0.298,62.25,0.783
C09788,Solo Provider,Counseling,1,125,0.384,0.667,0.439,0.665,0.155,67.01,0.685
C09789,Solo Provider,Counseling,1,77,0.895,0.624,0.43,0.379,0.374,50.18,0.704
C09790,Group Practice,Psychiatry,7,918,0.569,0.77,0.546,0.75,0.313,167.48,0.53
C09791,Solo Provider,Psychiatry,1,153,0.592,0.526,0.524,0.35,0.183,71.32,0.76
C09792,Solo Provider,Counseling,1,86,0.719,0.598,0.553,0.346,0.636,64.54,0.966
C09793,Solo Provider,Therapy,1,90,0.682,0.553,0.6,0.261,0.31,81.5,0.849
C09794,Solo Provider,Therapy,1,121,0.901,0.523,0.344,0.437,0.579,102.9,0.838
C09795,Solo Provider,Therapy,1,116,0.949,0.629,0.338,0.917,0.167,70.98,0.825
C09796,Small Practice,Therapy,3,367,0.751,0.619,0.361,0.313,0.467,92.24,0.569
C09797,Solo Provider,Counseling,1,141,0.573,0.502,0.439,0.296,0.317,67.52,0.855
C09798,Solo Provider,Therapy,1,116,0.586,0.859,0.522,0.595,0.553,83.14,0.902
C09799,Solo Provider,Psychiatry,1,112,0.431,0.543,0.258,0.737,0.312,67.47,0.721
C09800,Solo Provider,Psychology,1,140,0.768,0.649,0.641,0.451,0.139,59.21,0.758
C09801,Solo Provider,Psychology,1,66,0.793,0.814,0.349,0.144,0.661,42.44,0.819
C09802,Small Practice,Counseling,2,598,0.733,0.556,0.665,0.436,0.374,98.26,0.589
C09803,Small Practice,Counseling,3,384,0.9,0.703,0.507,0.662,0.6,101.97,0.517
C09804,Small Practice,Psychiatry,4,500,0.7,0.539,0.216,0.5,0.478,101.4,0.794
C09805,Solo Provider,Therapy,1,82,0.582,0.65,0.39,0.608,0.436,71.26,0.941
C09806,Group Practice,Therapy,8,954,0.494,0.711,0.681,0.616,0.487,190.86,0.432
C09807,Small Practice,Counseling,5,594,0.888,0.723,0.452,0.652,0.502,124.11,0.551
C09808,Solo Provider,Psychiatry,1,85,0.731,0.51,0.696,0.616,0.427,72.09,0.904
C09809,Solo Provider,Counseling,1,104,0.821,0.553,0.442,0.434,0.578,73.94,0.653
C09810,Small Practice,Psychiatry,3,560,0.518,0.662,0.677,0.476,0.426,91.36,0.628
C09811,Solo Provider,Counseling,1,149,0.644,0.535,0.234,0.758,0.435,62.21,0.762
C09812,Solo Provider,Psychology,1,146,0.587,0.58,0.329,0.631,0.089,50.17,0.82
C09813,Small Practice,Psychology,2,461,0.674,0.714,0.387,0.745,0.199,87.0,0.583
C09814,Solo Provider,Psychology,1,103,0.69,0.666,0.276,0.333,0.202,50.87,0.653
C09815,Large Practice,Psychiatry,36,4442,0.721,0.531,0.95,0.667,0.773,291.56,0.214
C09816,Solo Provider,Therapy,1,147,0.984,0.805,0.346,0.513,0.445,88.27,0.84
C09817,Solo Provider,Therapy,1,99,0.52,0.677,0.457,0.454,0.134,76.09,0.654
C09818,Solo Provider,Psychiatry,1,159,0.529,0.325,0.469,0.498,0.126,73.75,1.0
C09819,Solo Provider,Counseling,1,145,0.538,0.886,0.499,0.635,0.242,94.03,0.862
C09820,Group Practice,Psychology,6,901,0.811,0.316,0.668,0.65,0.336,163.46,0.418
C09821,Group Practice,Psychology,7,969,0.484,0.659,0.787,0.675,0.315,173.51,0.477
C09822,Group Practice,Psychiatry,11,1131,0.746,0.653,0.38,0.957,0.595,171.82,0.429
C09823,Small Practice,Psychiatry,4,441,0.763,0.889,0.493,0.318,0.41,123.08,0.641
C09824,Solo Provider,Psychiatry,1,73,0.757,0.551,0.518,0.369,0.393,65.57,0.879
C09825,Solo Provider,Therapy,1,155,0.865,0.9,0.635,0.522,0.228,76.32,0.7
C09826,Solo Provider,Psychology,1,126,0.691,0.554,0.467,0.278,0.271,69.48,0.78
C09827,Group Practice,Psychiatry,11,1606,0.408,0.364,0.722,0.649,0.642,170.99,0.388
C09828,Solo Provider,Psychiatry,1,66,0.589,0.168,0.297,0.331,0.229,44.51,0.703
C09829,Solo Provider,Psychology,1,171,0.783,0.133,0.324,0.358,0.138,42.6,0.911
C09830,Small Practice,Therapy,2,389,0.581,0.878,0.353,0.367,0.358,101.84,0.8
C09831,Small Practice,Counseling,2,557,0.726,0.546,0.702,0.656,0.38,96.05,0.669
C09832,Solo Provider,Therapy,1,156,0.7,0.753,0.598,0.439,0.045,54.88,0.869
C09833,Small Practice,Psychology,4,567,0.471,0.708,0.479,0.472,0.64,122.36,0.577
C09834,Small Practice,Counseling,2,468,0.511,0.486,0.456,0.485,0.552,93.27,0.76
C09835,Group Practice,Therapy,7,892,0.65,0.689,0.383,0.37,0.363,156.22,0.404
C09836,Solo Provider,Therapy,1,142,0.636,0.415,0.475,0.297,0.417,79.69,0.783
C09837,Solo Provider,Psychiatry,1,177,0.743,0.614,0.457,0.52,0.278,59.4,0.774
C09838,Solo Provider,Counseling,1,153,0.631,0.583,0.458,0.606,0.505,52.77,0.737
C09839,Group Practice,Psychology,7,1431,1.0,0.744,0.504,0.621,0.498,160.68,0.446
C09840,Large Practice,Psychiatry,17,3520,0.58,0.822,0.785,0.944,0.763,254.73,0.067
C09841,Small Practice,Counseling,3,157,0.951,0.577,0.288,0.67,0.648,101.37,0.57
C09842,Solo Provider,Psychiatry,1,75,0.944,0.419,0.304,0.327,0.392,55.81,0.771
C09843,Solo Provider,Counseling,1,157,0.822,0.909,0.473,0.643,0.196,77.95,0.872
C09844,Small Practice,Counseling,5,552,0.79,0.693,0.594,0.721,0.466,99.08,0.766
C09845,Solo Provider,Therapy,1,129,0.57,0.62,0.349,0.556,0.317,60.18,0.77
C09846,Small Practice,Psychiatry,2,552,0.699,0.716,0.421,0.21,0.497,100.1,0.572
C09847,Group Practice,Therapy,11,988,1.0,0.167,0.516,0.695,0.307,153.17,0.445
C09848,Solo Provider,Therapy,1,168,0.705,0.777,0.505,0.347,0.376,55.15,0.831
C09849,Solo Provider,Therapy,1,75,0.845,0.75,0.22,0.515,0.212,56.24,0.601
C09850,Solo Provider,Therapy,1,67,1.0,0.551,0.47,0.562,0.312,59.78,0.826
C09851,Solo Provider,Therapy,1,108,0.533,0.542,0.27,0.611,0.354,70.45,0.748
C09852,Small Practice,Psychology,4,410,0.246,0.547,0.619,0.712,0.232,109.37,0.587
C09853,Solo Provider,Psychiatry,1,175,0.648,0.699,0.669,0.426,0.151,92.4,0.717
C09854,Solo Provider,Psychiatry,1,129,0.74,0.862,0.457,0.369,0.201,71.73,0.749
C09855,Solo Provider,Counseling,1,140,0.802,0.433,0.413,0.494,0.452,72.7,0.766
C09856,Solo Provider,Counseling,1,142,0.646,0.711,0.454,0.537,0.388,81.05,0.785
C09857,Small Practice,Psychology,4,275,0.719,0.544,0.866,0.802,0.265,124.19,0.706
C09858,Small Practice,Psychiatry,3,198,0.693,0.532,0.56,0.375,0.341,104.44,0.594
C09859,Small Practice,Psychology,5,473,0.622,0.574,0.713,0.463,0.011,111.31,0.832
C09860,Small Practice,Psychiatry,5,541,0.75,0.629,0.239,0.517,0.398,109.63,0.633
C09861,Solo Provider,Psychiatry,1,174,0.683,0.606,0.685,0.37,0.357,56.88,0.799
C09862,Small Practice,Psychiatry,3,177,0.645,0.782,0.445,0.484,0.469,91.29,0.597
C09863,Solo Provider,Therapy,1,79,1.0,0.633,0.493,0.46,0.137,50.85,0.744
C09864,Group Practice,Therapy,8,1503,0.757,0.747,0.417,0.25,0.148,153.46,0.486
C09865,Solo Provider,Psychology,1,115,0.776,0.799,0.45,0.406,0.328,78.4,0.913
C09866,Solo Provider,Counseling,1,86,0.66,0.667,1.0,0.864,0.369,82.69,0.939
C09867,Solo Provider,Psychiatry,1,101,0.587,0.776,0.613,0.502,0.299,50.74,0.819
C09868,Small Practice,Therapy,3,445,0.613,0.798,0.567,0.64,0.576,127.3,0.535
C09869,Solo Provider,Psychology,1,153,0.833,0.397,0.577,0.603,0.425,69.57,0.704
C09870,Group Practice,Counseling,10,732,0.702,0.408,0.542,0.676,0.499,182.87,0.636
C09871,Solo Provider,Psychology,1,128,0.724,0.568,0.717,0.447,0.377,52.15,0.791
C09872,Group Practice,Therapy,9,719,0.845,0.545,0.54,0.467,0.78,191.83,0.493
C09873,Small Practice,Therapy,5,392,0.783,0.368,0.434,0.905,0.501,89.53,0.617
C09874,Solo Provider,Psychology,1,177,0.727,0.574,0.592,0.265,0.501,54.5,0.755
C09875,Solo Provider,Counseling,1,135,0.973,0.78,0.511,0.421,0.581,49.44,0.835
C09876,Solo Provider,Therapy,1,123,0.814,0.693,0.447,0.723,0.257,67.0,0.747
C09877,Group Practice,Counseling,10,1697,0.608,0.47,0.568,0.533,0.776,187.37,0.243
C09878,Group Practice,Counseling,15,1099,0.685,0.452,0.439,0.901,0.726,191.81,0.454
C09879,Solo Provider,Therapy,1,75,0.628,0.522,0.383,0.472,0.564,70.98,0.857
C09880,Solo Provider,Therapy,1,65,0.548,0.727,0.088,0.39,0.18,52.9,0.761
C09881,Solo Provider,Therapy,1,102,0.694,0.673,0.662,0.37,0.24,68.44,0.787
C09882,Solo Provider,Psychology,1,93,0.702,0.975,0.589,0.742,0.432,44.74,0.806
C09883,Small Practice,Therapy,3,264,0.647,0.591,0.639,0.305,0.562,104.89,0.71
C09884,Solo Provider,Counseling,1,131,0.424,0.71,0.235,0.564,0.18,53.73,0.715
C09885,Solo Provider,Therapy,1,170,0.648,0.673,0.562,0.909,0.257,70.0,0.806
C09886,Group Practice,Psychology,13,753,0.394,0.465,0.55,0.578,0.358,171.06,0.412
C09887,Small Practice,Counseling,3,592,0.802,0.328,0.525,0.484,0.405,103.17,0.684
C09888,Small Practice,Therapy,3,188,0.65,0.72,0.559,0.387,0.23,102.86,0.699
C09889,Solo Provider,Psychiatry,1,151,0.496,0.563,0.334,0.517,0.555,63.71,0.665
C09890,Group Practice,Counseling,8,1096,0.796,0.777,0.416,0.761,0.6,182.41,0.42
C09891,Small Practice,Therapy,2,510,0.966,0.636,0.649,0.4,0.129,86.78,0.683
C09892,Small Practice,Psychiatry,5,555,0.716,0.776,0.558,0.716,0.389,118.86,0.772
C09893,Solo Provider,Psychiatry,1,172,0.517,0.74,0.448,0.353,0.433,71.09,0.828
C09894,Group Practice,Therapy,8,1079,0.35,0.562,0.506,0.652,0.067,167.84,0.499
C09895,Small Practice,Psychiatry,5,565,0.804,0.427,0.372,0.501,0.395,103.92,0.541
C09896,Group Practice,Psychiatry,7,547,0.731,0.654,0.596,0.523,0.54,158.48,0.481
C09897,Small Practice,Psychiatry,5,471,0.914,0.758,0.682,0.598,0.376,114.12,0.754
C09898,Small Practice,Counseling,2,511,0.922,0.36,0.54,0.361,0.353,110.54,0.568
C09899,Small Practice,Therapy,2,329,0.702,0.363,0.393,0.435,0.424,91.62,0.602
C09900,Group Practice,Psychiatry,7,1596,0.832,0.428,0.443,0.664,0.599,173.41,0.446
C09901,Solo Provider,Therapy,1,168,0.299,0.798,0.132,0.447,0.422,57.72,0.697
C09902,Solo Provider,Counseling,1,83,0.214,0.404,0.334,0.332,0.335,65.94,0.965
C09903,Small Practice,Psychology,2,515,0.759,0.381,0.647,0.576,0.454,107.62,0.724
C09904,Small Practice,Psychology,3,511,0.567,0.454,0.333,0.03,0.318,101.51,0.697
C09905,Small Practice,Therapy,5,342,0.674,0.547,0.549,0.316,0.351,108.78,0.564
C09906,Small Practice,Psychiatry,5,519,0.747,0.806,0.299,0.444,0.305,118.42,0.806
C09907,Small Practice,Therapy,4,242,0.759,0.807,0.598,0.819,0.428,105.97,0.403
C09908,Small Practice,Psychiatry,3,505,0.651,0.864,0.37,0.689,0.184,90.63,0.684
C09909,Solo Provider,Counseling,1,141,0.691,0.431,0.581,0.451,0.382,72.92,0.795
C09910,Group Practice,Psychology,6,1700,0.868,1.0,0.374,0.843,0.375,179.99,0.399
C09911,Solo Provider,Therapy,1,69,0.534,0.758,0.548,0.5,0.351,75.65,0.746
C09912,Small Practice,Psychiatry,5,453,0.867,0.856,0.307,0.335,0.412,95.78,0.556
C09913,Group Practice,Counseling,10,1076,0.989,0.856,0.474,0.292,0.444,180.47,0.322
C09914,Solo Provider,Therapy,1,152,0.614,0.635,0.292,0.472,0.613,69.15,0.731
C09915,Solo Provider,Counseling,1,90,0.582,0.506,0.589,0.301,0.34,79.4,0.712
C09916,Solo Provider,Psychiatry,1,114,0.509,0.621,0.441,0.698,0.286,54.31,0.842
C09917,Small Practice,Psychiatry,2,569,0.832,0.75,0.605,0.568,0.403,95.88,0.535
C09918,Solo Provider,Counseling,1,112,0.826,0.795,0.598,0.439,0.62,79.6,0.783
C09919,Solo Provider,Psychology,1,155,0.623,0.779,0.238,0.449,0.457,65.72,0.738
C09920,Group Practice,Psychiatry,12,734,0.471,0.691,0.654,0.269,0.902,171.07,0.339
C09921,Solo Provider,Therapy,1,147,0.457,0.465,0.454,0.679,0.271,67.84,0.81
C09922,Small Practice,Therapy,5,224,0.415,0.469,0.718,0.415,0.321,109.07,0.678
C09923,Small Practice,Psychiatry,5,525,0.8,0.725,0.427,0.229,0.548,106.1,0.677
C09924,Solo Provider,Therapy,1,127,1.0,0.452,0.37,0.663,0.37,53.8,0.811
C09925,Solo Provider,Counseling,1,162,0.496,0.705,0.393,0.823,0.182,67.79,0.753
C09926,Large Practice,Therapy,26,2931,0.572,0.653,1.0,0.693,0.568,278.84,0.35
C09927,Small Practice,Psychology,4,526,0.787,0.727,0.401,0.258,0.554,105.79,0.578
C09928,Solo Provider,Counseling,1,110,0.771,0.687,0.658,0.62,0.069,67.92,0.762
C09929,Small Practice,Psychiatry,2,409,0.876,0.73,0.194,0.46,0.389,105.45,0.57
C09930,Small Practice,Psychology,4,177,0.757,0.781,0.71,0.688,0.543,106.18,0.648
C09931,Solo Provider,Therapy,1,86,1.0,0.724,0.32,0.499,0.316,63.32,0.883
C09932,Small Practice,Psychology,4,468,0.788,0.554,0.164,0.702,0.225,100.69,0.551
C09933,Solo Provider,Counseling,1,173,0.619,0.716,0.591,0.356,0.379,80.55,0.813
C09934,Solo Provider,Counseling,1,91,0.732,0.318,0.811,0.53,0.405,73.22,0.789
C09935,Group Practice,Therapy,14,1015,0.814,0.62,0.3,0.591,0.568,168.34,0.38
C09936,Solo Provider,Psychiatry,1,153,0.826,0.704,0.259,0.211,0.1,38.28,0.822
C09937,Solo Provider,Psychology,1,66,0.684,0.763,0.521,0.449,0.597,72.84,0.736
C09938,Solo Provider,Counseling,1,150,0.666,0.793,0.558,0.198,0.209,45.25,0.88
C09939,Small Practice,Psychiatry,2,446,0.747,0.819,0.602,0.245,0.341,90.17,0.609
C09940,Small Practice,Counseling,5,322,0.901,0.624,0.374,0.616,0.41,101.41,0.731
C09941,Group Practice,Therapy,10,1714,0.7,0.769,0.449,0.378,0.603,173.21,0.476
C09942,Solo Provider,Psychology,1,162,0.709,0.651,0.664,0.544,0.336,64.54,0.694
C09943,Small Practice,Psychiatry,5,568,0.808,0.383,0.655,0.536,0.79,111.82,0.77
C09944,Small Practice,Psychology,3,255,0.541,0.549,0.76,0.478,0.431,100.45,0.632
C09945,Solo Provider,Psychology,1,96,0.914,0.799,0.245,0.224,0.484,53.4,0.904
C09946,Solo Provider,Psychiatry,1,123,0.63,0.842,0.556,0.507,0.449,65.12,0.772
C09947,Group Practice,Counseling,8,759,0.597,0.561,0.821,0.446,0.741,174.38,0.465
C09948,Solo Provider,Counseling,1,118,0.823,0.891,0.428,0.584,0.298,70.27,0.743
C09949,Small Practice,Counseling,2,517,0.558,0.358,0.323,0.439,0.576,102.48,0.563
C09950,Small Practice,Therapy,2,480,0.581,0.891,0.563,0.355,0.323,94.4,0.568
C09951,Solo Provider,Psychiatry,1,65,0.756,0.528,0.516,0.538,0.205,77.27,0.835
C09952,Large Practice,Psychology,17,3304,0.807,0.461,0.932,0.803,0.758,278.76,0.232
C09953,Group Practice,Counseling,11,919,0.808,0.88,0.539,0.849,0.659,205.33,0.331
C09954,Solo Provider,Psychiatry,1,132,0.729,0.693,0.321,0.658,0.302,56.94,0.672
C09955,Small Practice,Psychology,2,390,0.499,0.827,0.25,0.582,0.298,95.58,0.758
C09956,Solo Provider,Psychology,1,126,0.519,0.755,0.407,0.625,0.416,66.56,0.694
C09957,Small Practice,Therapy,2,298,0.66,0.624,0.24,0.574,0.335,82.14,0.522
C09958,Solo Provider,Counseling,1,88,0.991,0.643,0.519,0.755,0.776,74.62,0.728
C09959,Solo Provider,Psychiatry,1,88,0.548,0.621,0.193,0.733,0.442,49.38,0.779
C09960,Solo Provider,Psychology,1,81,0.633,0.962,0.419,0.524,0.18,44.82,0.92
C09961,Solo Provider,Psychiatry,1,118,0.816,0.898,0.215,0.67,0.584,80.0,0.843
C09962,Solo Provider,Therapy,1,137,0.71,0.466,0.457,0.46,0.65,69.64,0.793
C09963,Solo Provider,Psychiatry,1,99,0.728,0.731,0.349,0.674,0.356,57.81,0.873
C09964,Large Practice,Psychology,34,1967,0.923,1.0,1.0,0.718,0.686,331.29,0.367
C09965,Solo Provider,Psychiatry,1,179,0.672,0.7,0.843,0.545,0.4,74.12,0.763
C09966,Solo Provider,Counseling,1,107,0.871,0.535,0.61,0.683,0.251,94.58,0.881
C09967,Solo Provider,Counseling,1,118,0.679,0.698,0.524,0.352,0.181,63.44,0.727
C09968,Small Practice,Psychology,5,551,0.831,0.869,0.397,0.618,0.456,104.96,0.905
C09969,Solo Provider,Counseling,1,64,0.762,1.0,0.167,0.764,0.276,72.38,0.655
C09970,Small Practice,Counseling,2,293,0.794,0.787,0.465,0.824,0.596,113.97,0.696
C09971,Small Practice,Psychology,2,486,0.708,0.431,0.466,0.469,0.409,85.25,0.533
C09972,Solo Provider,Counseling,1,159,0.714,0.603,0.404,0.489,0.397,61.78,0.637
C09973,Large Practice,Psychology,18,4694,0.682,0.341,0.728,0.715,0.574,266.38,0.21
C09974,Solo Provider,Counseling,1,137,0.721,0.739,0.782,0.615,0.264,68.64,0.929
C09975,Small Practice,Therapy,5,438,0.569,0.759,0.485,0.716,0.534,100.12,0.57
C09976,Solo Provider,Psychiatry,1,126,0.893,0.849,0.7,0.548,0.512,100.7,0.919
C09977,Small Practice,Counseling,5,387,0.653,0.87,0.337,0.756,0.652,103.09,0.759
C09978,Group Practice,Psychiatry,6,1075,0.875,0.759,0.558,0.622,0.932,162.85,0.359
C09979,Solo Provider,Therapy,1,168,0.571,1.0,0.585,0.431,0.714,68.73,0.694
C09980,Solo Provider,Counseling,1,81,0.722,0.748,0.498,0.728,0.319,75.16,0.779
C09981,Solo Provider,Psychology,1,174,0.986,0.746,0.433,0.66,0.347,70.17,0.833
C09982,Solo Provider,Counseling,1,118,0.613,0.937,0.52,0.549,0.383,71.11,0.777
C09983,Large Practice,Therapy,20,4342,0.747,0.471,0.862,0.737,0.526,266.09,0.276
C09984,Small Practice,Therapy,5,517,0.682,0.517,0.233,0.469,0.624,95.3,0.701
C09985,Small Practice,Psychology,3,548,0.719,0.941,0.503,0.454,0.464,114.25,0.718
C09986,Large Practice,Therapy,34,2944,1.0,0.441,0.947,0.913,0.776,305.54,0.193
C09987,Group Practice,Psychology,15,804,0.629,0.335,0.513,0.59,0.589,180.23,0.482
C09988,Group Practice,Psychiatry,6,1155,0.758,0.701,0.405,0.91,0.12,174.88,0.519
C09989,Solo Provider,Therapy,1,161,0.86,0.714,0.264,0.849,0.168,61.63,0.695
C09990,Solo Provider,Counseling,1,144,0.515,0.494,0.176,0.534,0.304,63.75,0.777
C09991,Solo Provider,Therapy,1,176,0.683,0.535,0.535,0.468,0.248,79.47,0.787
C09992,Solo Provider,Counseling,1,131,0.799,0.474,0.47,0.56,0.239,53.79,0.765
C09993,Solo Provider,Therapy,1,65,0.573,0.648,0.707,0.584,0.374,54.48,0.943
C09994,Solo Provider,Psychology,1,69,0.646,0.704,0.569,0.597,0.317,63.99,0.885
C09995,Solo Provider,Counseling,1,158,0.642,0.645,0.544,0.347,0.239,59.65,0.63
C09996,Solo Provider,Therapy,1,160,1.0,0.699,0.716,0.523,0.388,73.15,0.79
C09997,Solo Provider,Counseling,1,175,0.699,0.597,0.735,0.611,0.266,81.88,0.867
C09998,Solo Provider,Psychiatry,1,134,0.86,0.818,0.526,0.787,0.524,79.3,0.763
C09999,Solo Provider,Psychology,1,130,0.918,0.574,0.413,0.569,0.343,85.1,1.0
C10000,Solo Provider,Counseling,1,142,0.893,0.699,0.175,0.581,0.208,78.29,0.648
